car_age,km_driven,mileage,engine,max_power,seats,brand,fuel,seller_type,transmission,owner,selling_price
13,60000,18.06,1198.0,75.0,5.0,Nissan,Petrol,Individual,Manual,Second Owner,300000
10,110000,12.99,2494.0,100.6,7.0,Toyota,Diesel,Individual,Manual,Second Owner,969999
14,70000,18.9,1061.0,67.0,5.0,Maruti,Petrol,Individual,Manual,Second Owner,150000
7,35000,21.4,1197.0,83.1,5.0,Maruti,Petrol,Individual,Manual,First Owner,570000
7,28000,24.7,796.0,47.3,5.0,Maruti,Petrol,Individual,Manual,First Owner,275000
13,197000,12.8,2494.0,102.0,7.0,Toyota,Diesel,Individual,Manual,First Owner,800000
11,60000,21.27,1396.0,88.76,5.0,Hyundai,Diesel,Individual,Manual,First Owner,425000
12,70000,20.8,1461.0,65.0,5.0,Mahindra,Diesel,Individual,Manual,Second Owner,254999
13,120000,12.8,2494.0,102.0,8.0,Toyota,Diesel,Individual,Manual,Second Owner,650000
18,74000,13.7,1948.0,68.0,7.0,Tata,Diesel,Individual,Manual,First Owner,130000
6,60000,17.57,1193.0,88.7,5.0,Tata,Petrol,Individual,Manual,First Owner,520000
5,5000,20.0,999.0,72.0,7.0,Renault,Petrol,Individual,Manual,First Owner,600000
6,110000,20.65,1248.0,88.7,5.0,Tata,Diesel,Individual,Manual,Second Owner,525000
21,68300,,,,,Hyundai,Petrol,Individual,Manual,Third Owner,85000
17,140000,17.7,1497.0,78.0,5.0,Honda,Petrol,Individual,Manual,First Owner,210000
13,72000,17.6,1496.0,88.7,5.0,Toyota,Petrol,Dealer,Manual,First Owner,300000
22,90000,,,,,Maruti,Petrol,Individual,Manual,Third Owner,95000
13,110000,17.8,1399.0,68.0,5.0,Ford,Diesel,Individual,Manual,Third Owner,300000
16,110000,20.36,1197.0,78.9,5.0,Hyundai,Petrol,Individual,Manual,Second Owner,195000
19,53563,,,,,Hyundai,Petrol,Dealer,Manual,Second Owner,110000
9,70670,16.5,1499.0,110.0,5.0,Ford,Petrol,Trustmark Dealer,Automatic,First Owner,625000
10,60000,25.01,1498.0,89.75,5.0,Ford,Diesel,Individual,Manual,First Owner,425000
4,1600,13.96,1451.0,141.0,5.0,Other,Petrol,Dealer,Automatic,First Owner,1900000
8,50000,22.74,796.0,47.3,5.0,Maruti,Petrol,Individual,Manual,First Owner,240000
12,73000,20.77,1248.0,88.76,7.0,Maruti,Diesel,Individual,Manual,First Owner,520000
18,70000,16.9,1497.0,100.0,5.0,Honda,Petrol,Individual,Manual,Second Owner,160000
11,79139,18.5,1197.0,85.8,5.0,Maruti,Petrol,Dealer,Manual,First Owner,340000
10,60000,15.1,2179.0,140.0,7.0,Mahindra,Diesel,Individual,Manual,First Owner,850000
8,100000,27.28,1047.0,69.0,5.0,Tata,Diesel,Individual,Manual,First Owner,490000
12,40000,25.4,624.0,38.0,4.0,Tata,Petrol,Individual,Manual,Second Owner,60000
12,120000,,,,,Toyota,Petrol,Individual,Manual,Second Owner,200000
19,110000,,,,,Tata,Diesel,Individual,Manual,Second Owner,75000
8,50000,22.74,796.0,47.3,5.0,Maruti,Petrol,Individual,Manual,First Owner,245000
7,50000,19.6,1461.0,108.45,5.0,Renault,Diesel,Individual,Manual,First Owner,880000
7,40000,26.59,1248.0,74.0,5.0,Maruti,Diesel,Individual,Manual,First Owner,635000
12,31000,18.9,998.0,67.1,5.0,Maruti,Petrol,Individual,Manual,First Owner,260000
17,80000,17.2,1396.0,53.5,5.0,Tata,Diesel,Individual,Manual,Third Owner,50000
11,90000,18.9,998.0,67.1,5.0,Maruti,Petrol,Individual,Manual,First Owner,250000
11,58000,23.4,1248.0,74.0,5.0,Maruti,Diesel,Individual,Manual,First Owner,520000
7,56000,27.39,1248.0,74.0,5.0,Maruti,Diesel,Individual,Manual,First Owner,600000
15,110000,11.57,2179.0,138.1,7.0,Tata,Diesel,Individual,Manual,First Owner,250000
16,80000,17.92,1086.0,62.1,5.0,Hyundai,Petrol,Individual,Manual,Third Owner,140000
10,150360,22.32,1582.0,126.32,5.0,Hyundai,Diesel,Individual,Manual,First Owner,645000
7,150000,17.6,2179.0,153.86,7.0,Tata,Diesel,Individual,Manual,First Owner,1200000
9,30000,18.9,1197.0,81.86,5.0,Hyundai,Petrol,Individual,Manual,Second Owner,360000
10,91000,22.71,1461.0,84.8,5.0,Nissan,Diesel,Individual,Manual,Fourth & Above Owner,320000
14,94000,21.1,1248.0,75.0,5.0,Maruti,Diesel,Individual,Manual,Second Owner,311000
6,21900,20.71,799.0,53.26,5.0,Renault,Petrol,Dealer,Manual,First Owner,360000
11,110000,17.21,1493.0,100.0,7.0,Mahindra,Diesel,Individual,Manual,Second Owner,350000
9,50000,17.19,1197.0,81.86,5.0,Hyundai,Petrol,Individual,Manual,First Owner,525000
9,80000,24.0,1120.0,70.0,5.0,Hyundai,Diesel,Individual,Manual,Second Owner,395000
12,65000,20.36,1197.0,78.9,5.0,Hyundai,Petrol,Individual,Manual,First Owner,280000
8,70000,24.3,1248.0,88.5,5.0,Maruti,Diesel,Individual,Manual,First Owner,800000
12,40000,23.0,1396.0,90.0,5.0,Hyundai,Diesel,Individual,Manual,Second Owner,330000
10,97000,26.0,1498.0,98.6,5.0,Honda,Diesel,Individual,Manual,First Owner,580000
7,70000,20.38,1968.0,143.0,5.0,Audi,Diesel,Individual,Automatic,First Owner,2600000
5,20000,20.3,1086.0,68.0,5.0,Hyundai,Petrol,Individual,Manual,Second Owner,420000
9,40000,18.49,1493.0,100.0,7.0,Mahindra,Diesel,Individual,Manual,Second Owner,590000
10,70000,23.95,998.0,67.05,5.0,Maruti,Petrol,Individual,Manual,First Owner,300000
13,93000,21.9,1396.0,90.0,5.0,Hyundai,Diesel,Individual,Manual,Second Owner,350000
17,60000,18.0,995.0,62.0,5.0,Chevrolet,Petrol,Individual,Manual,Second Owner,90000
7,13500,15.37,1196.0,73.0,5.0,Maruti,Petrol,Individual,Manual,First Owner,409999
9,80000,22.77,1498.0,98.59,5.0,Ford,Diesel,Individual,Manual,First Owner,615000
9,50000,19.81,1086.0,68.05,5.0,Hyundai,Petrol,Individual,Manual,First Owner,310000
9,30000,18.7,1199.0,88.7,5.0,Honda,Petrol,Dealer,Manual,First Owner,610000
7,30000,22.7,799.0,53.64,5.0,Datsun,Petrol,Individual,Manual,First Owner,290000
13,80000,22.07,1199.0,73.9,5.0,Volkswagen,Diesel,Individual,Manual,Second Owner,388000
8,50000,25.17,799.0,53.3,5.0,Renault,Petrol,Individual,Manual,First Owner,265000
11,120000,13.5,2609.0,115.0,5.0,Mahindra,Diesel,Individual,Manual,Second Owner,459999
7,110000,15.4,2523.0,75.0,7.0,Mahindra,Diesel,Individual,Manual,First Owner,850000
7,50000,17.6,2179.0,153.86,7.0,Tata,Diesel,Individual,Automatic,First Owner,1380000
9,55000,25.44,936.0,56.3,5.0,Chevrolet,Diesel,Individual,Manual,First Owner,240000
9,120000,12.55,2982.0,168.5,7.0,Toyota,Diesel,Individual,Manual,Second Owner,1888000
15,80000,16.6,1197.0,85.0,5.0,Maruti,Petrol,Individual,Manual,First Owner,270000
10,117000,15.1,2179.0,140.0,7.0,Mahindra,Diesel,Individual,Manual,Third Owner,649000
16,86000,,,,,Maruti,Petrol,Individual,Manual,Second Owner,75000
26,50000,17.3,993.0,60.0,5.0,Maruti,Petrol,Individual,Manual,Second Owner,55000
7,20000,17.0,1591.0,121.3,5.0,Hyundai,Petrol,Individual,Automatic,First Owner,990000
7,50000,24.3,1248.0,88.5,5.0,Maruti,Diesel,Individual,Manual,First Owner,725000
10,25000,20.36,1197.0,78.9,5.0,Hyundai,Petrol,Individual,Manual,First Owner,351000
7,27000,22.95,1248.0,74.0,5.0,Tata,Diesel,Individual,Manual,First Owner,600000
11,150000,15.0,1396.0,98.6,5.0,Hyundai,Petrol,Individual,Automatic,Second Owner,330000
17,104000,17.2,1396.0,53.5,5.0,Tata,Diesel,Individual,Manual,Second Owner,59259
6,25000,18.6,1197.0,81.83,5.0,Hyundai,Petrol,Individual,Manual,Second Owner,555000
10,100000,24.4,1120.0,71.0,5.0,Hyundai,Diesel,Individual,Manual,First Owner,490000
10,10300,22.74,796.0,47.3,5.0,Maruti,Petrol,Individual,Manual,First Owner,185000
7,33000,14.7,1798.0,177.5,5.0,Skoda,Petrol,Dealer,Automatic,Second Owner,1600000
8,60000,20.3,998.0,68.05,5.0,Hyundai,Petrol,Individual,Manual,First Owner,276000
9,40000,15.96,2523.0,62.1,7.0,Mahindra,Diesel,Individual,Manual,First Owner,600000
11,41800,18.6,1197.0,85.8,5.0,Maruti,Petrol,Individual,Manual,First Owner,450000
7,20000,21.1,814.0,55.2,5.0,Hyundai,Petrol,Individual,Manual,First Owner,350000
8,80000,21.19,1396.0,88.73,5.0,Hyundai,Diesel,Individual,Manual,First Owner,800000
9,50000,22.77,1498.0,98.59,5.0,Ford,Diesel,Individual,Manual,First Owner,600000
11,90000,17.21,1493.0,100.0,7.0,Mahindra,Diesel,Individual,Manual,First Owner,225000
13,120000,,,,,Hyundai,CNG,Individual,Manual,Fourth & Above Owner,170000
12,120000,12.8,2494.0,102.0,7.0,Toyota,Diesel,Individual,Manual,Second Owner,750000
15,82000,14.53,1798.0,138.0,5.0,Toyota,Petrol,Individual,Manual,Second Owner,340000
6,40000,25.8,1498.0,98.6,5.0,Honda,Diesel,Individual,Manual,First Owner,825000
17,88700,19.7,796.0,46.3,5.0,Maruti,Petrol,Individual,Manual,Third Owner,130000
8,120000,23.2,1248.0,73.94,5.0,Maruti,Diesel,Individual,Manual,First Owner,409999
18,40000,19.7,796.0,46.3,5.0,Maruti,Petrol,Individual,Manual,First Owner,100000
9,70000,28.09,1248.0,88.5,5.0,Maruti,Diesel,Individual,Manual,Second Owner,630000
6,25000,23.01,999.0,67.0,5.0,Renault,Petrol,Individual,Manual,First Owner,350000
10,50000,22.54,1396.0,88.73,5.0,Hyundai,Diesel,Individual,Manual,First Owner,420000
17,75000,17.8,1086.0,63.0,5.0,Hyundai,Petrol,Individual,Manual,Second Owner,110000
13,70000,23.57,1396.0,70.0,5.0,Tata,Diesel,Individual,Manual,Second Owner,189000
17,10000,16.1,796.0,37.0,4.0,Maruti,Petrol,Individual,Manual,First Owner,35000
8,59300,25.17,799.0,53.3,5.0,Renault,Petrol,Individual,Manual,First Owner,240000
6,25000,18.9,1197.0,81.86,5.0,Hyundai,Petrol,Individual,Manual,First Owner,580000
12,70000,18.6,1388.0,67.0,5.0,Ford,Diesel,Individual,Manual,First Owner,300000
12,70000,20.0,1399.0,68.0,5.0,Ford,Diesel,Individual,Manual,First Owner,300000
10,50000,15.96,2523.0,62.1,7.0,Mahindra,Diesel,Individual,Manual,Second Owner,600000
9,78000,12.55,2982.0,168.5,7.0,Toyota,Diesel,Individual,Manual,Second Owner,1700000
7,80000,24.3,1248.0,88.5,5.0,Maruti,Diesel,Individual,Manual,First Owner,775000
5,2300,22.7,799.0,53.64,5.0,Datsun,Petrol,Individual,Manual,First Owner,270000
9,15200,25.17,799.0,53.3,5.0,Renault,Petrol,Individual,Manual,First Owner,290000
19,120000,13.2,1495.0,94.0,5.0,Hyundai,Petrol,Individual,Manual,First Owner,150000
12,90000,19.08,1582.0,126.32,5.0,Hyundai,Diesel,Individual,Automatic,First Owner,500000
9,60000,22.54,1396.0,88.73,5.0,Hyundai,Diesel,Individual,Manual,First Owner,575000
8,45629,18.9,1197.0,81.86,5.0,Hyundai,Petrol,Trustmark Dealer,Automatic,First Owner,475000
14,72200,10.8,2497.0,150.0,5.0,Bmw,Petrol,Dealer,Automatic,Second Owner,975000
13,100000,22.32,1582.0,126.3,5.0,Hyundai,Diesel,Individual,Manual,First Owner,450000
8,60000,23.01,999.0,67.0,5.0,Renault,Petrol,Individual,Manual,First Owner,235000
16,50000,19.81,1086.0,68.05,5.0,Hyundai,Petrol,Individual,Manual,First Owner,229999
8,90000,18.49,1493.0,100.0,7.0,Mahindra,Diesel,Individual,Automatic,Second Owner,600000
11,50000,21.02,1248.0,88.8,5.0,Tata,Diesel,Individual,Manual,First Owner,250000
7,69123,17.1,1956.0,170.0,5.0,Jeep,Diesel,Dealer,Manual,First Owner,1650000
8,35000,18.6,1197.0,81.83,5.0,Hyundai,Petrol,Individual,Manual,First Owner,576000
8,90000,23.84,1199.0,84.0,5.0,Tata,Petrol,Individual,Manual,First Owner,300000
5,10000,17.19,1197.0,81.86,5.0,Hyundai,Petrol,Individual,Manual,First Owner,650000
9,135000,22.77,1498.0,98.59,5.0,Ford,Diesel,Individual,Manual,First Owner,600000
16,80000,19.7,796.0,46.3,5.0,Maruti,Petrol,Individual,Manual,Second Owner,110000
7,120000,15.4,1497.0,117.3,7.0,Honda,Petrol,Individual,Manual,First Owner,595000
9,45000,28.4,1248.0,74.0,5.0,Maruti,Diesel,Dealer,Manual,First Owner,550000
19,60000,,,,,Maruti,Petrol,Individual,Manual,Third Owner,50000
18,100000,15.3,1341.0,83.0,5.0,Hyundai,Petrol,Individual,Manual,Third Owner,90000
14,300000,13.6,2523.0,63.0,7.0,Mahindra,Diesel,Individual,Manual,Third Owner,320000
14,90000,14.49,2993.0,258.0,5.0,Bmw,Diesel,Individual,Automatic,Second Owner,2000000
8,45000,18.9,1197.0,82.0,5.0,Hyundai,Petrol,Individual,Manual,First Owner,525000
6,25000,25.17,799.0,53.3,5.0,Renault,Petrol,Individual,Manual,First Owner,350000
7,80000,25.32,1198.0,77.0,6.0,Mahindra,Diesel,Individual,Manual,First Owner,380000
7,52289,25.1,1248.0,88.5,5.0,Maruti,Diesel,Dealer,Manual,First Owner,750000
7,30000,18.6,1197.0,81.83,5.0,Hyundai,Petrol,Individual,Manual,First Owner,570000
6,35000,17.5,1199.0,88.7,5.0,Honda,Petrol,Individual,Manual,First Owner,900000
5,35000,17.5,1199.0,88.7,5.0,Honda,Petrol,Individual,Manual,First Owner,580000
15,110000,20.36,1197.0,78.9,5.0,Hyundai,Petrol,Individual,Manual,First Owner,142000
11,60000,22.74,796.0,47.3,5.0,Maruti,Petrol,Individual,Manual,First Owner,270000
11,85000,22.9,1248.0,74.0,5.0,Maruti,Diesel,Individual,Manual,First Owner,350000
13,80000,21.9,1396.0,90.0,5.0,Hyundai,Diesel,Individual,Manual,Second Owner,340000
11,40000,20.36,1197.0,78.9,5.0,Hyundai,Petrol,Individual,Manual,First Owner,375000
27,25000,16.1,796.0,37.0,4.0,Maruti,Petrol,Individual,Manual,Third Owner,60000
11,175000,19.09,1396.0,69.0,5.0,Tata,Diesel,Individual,Manual,Second Owner,200000
8,60000,21.9,1498.0,98.6,7.0,Honda,Diesel,Individual,Manual,First Owner,950000
11,104300,20.0,1399.0,68.1,5.0,Ford,Diesel,Individual,Manual,First Owner,275000
6,13000,20.71,799.0,53.26,5.0,Renault,Petrol,Dealer,Manual,First Owner,390000
14,40000,16.6,1405.0,70.0,5.0,Tata,Diesel,Individual,Manual,First Owner,140000
10,90000,13.58,2499.0,72.4,9.0,Chevrolet,Diesel,Individual,Manual,Second Owner,600000
6,9500,18.16,1196.0,86.8,5.0,Ford,Petrol,Individual,Manual,First Owner,575000
7,6750,18.5,1198.0,86.8,5.0,Honda,Petrol,Individual,Manual,First Owner,450000
8,42000,19.09,1405.0,69.01,5.0,Tata,Diesel,Individual,Manual,Second Owner,390000
11,70000,22.07,1199.0,73.9,5.0,Volkswagen,Diesel,Individual,Manual,Second Owner,365000
12,80000,13.93,2179.0,138.03,7.0,Tata,Diesel,Individual,Manual,First Owner,390000
8,80000,24.3,1248.0,88.5,5.0,Maruti,Diesel,Individual,Manual,First Owner,750000
7,45000,23.0,1498.0,98.96,5.0,Ford,Diesel,Individual,Manual,First Owner,725000
13,85000,21.5,1248.0,88.8,5.0,Maruti,Diesel,Individual,Manual,Second Owner,250000
15,48000,17.0,1405.0,71.0,5.0,Tata,Diesel,Individual,Manual,Second Owner,152000
9,30000,18.6,1197.0,81.83,5.0,Hyundai,Petrol,Dealer,Manual,First Owner,495000
6,90000,17.0,1497.0,121.36,5.0,Ford,Petrol,Individual,Manual,First Owner,850000
12,90000,20.92,998.0,67.1,5.0,Maruti,Petrol,Individual,Manual,Third Owner,170000
11,43000,18.5,1197.0,82.85,5.0,Hyundai,Petrol,Individual,Manual,Second Owner,400000
11,100000,20.54,1598.0,103.6,5.0,Volkswagen,Diesel,Individual,Manual,First Owner,350000
9,80000,21.04,1461.0,83.8,8.0,Renault,Diesel,Individual,Manual,First Owner,690000
6,10000,23.95,998.0,67.05,5.0,Maruti,Petrol,Individual,Manual,First Owner,390000
5,10000,21.21,1197.0,81.8,5.0,Maruti,Petrol,Individual,Manual,First Owner,615000
8,65300,18.9,1197.0,82.0,5.0,Hyundai,Petrol,Individual,Manual,Second Owner,350000
14,175000,17.8,1248.0,75.0,5.0,Maruti,Diesel,Individual,Manual,Third Owner,305000
10,50000,,,,,Maruti,Diesel,Individual,Manual,First Owner,217000
14,60000,18.6,1199.0,79.4,5.0,Chevrolet,Petrol,Individual,Manual,First Owner,140000
10,80000,20.0,1399.0,68.05,5.0,Ford,Diesel,Individual,Manual,First Owner,300000
7,40000,17.4,1497.0,117.6,5.0,Honda,Petrol,Individual,Manual,First Owner,850000
6,40000,18.6,1197.0,81.83,5.0,Hyundai,Petrol,Individual,Manual,First Owner,600000
16,35008,21.79,998.0,67.05,5.0,Maruti,Petrol,Dealer,Manual,First Owner,221000
13,80000,10.93,2497.0,204.0,5.0,Mercedes-Benz,Petrol,Individual,Automatic,Second Owner,1190000
7,82050,19.3,1248.0,73.9,5.0,Maruti,Diesel,Individual,Manual,First Owner,650000
5,21000,12.83,1999.0,148.31,7.0,Other,Diesel,Dealer,Automatic,First Owner,4500000
9,128000,18.9,1197.0,82.0,5.0,Hyundai,Petrol,Individual,Manual,First Owner,400000
7,15000,21.4,1197.0,83.1,5.0,Maruti,Petrol,Individual,Manual,First Owner,625000
10,10000,20.3,998.0,68.05,5.0,Hyundai,Petrol,Individual,Manual,First Owner,220000
13,90000,19.0,998.0,66.1,5.0,Maruti,Petrol,Individual,Manual,Second Owner,220000
14,60000,12.9,1598.0,102.5,5.0,Chevrolet,Petrol,Individual,Manual,Second Owner,225000
6,25000,21.1,814.0,55.2,5.0,Hyundai,Petrol,Individual,Manual,First Owner,380000
10,48000,23.1,998.0,67.04,5.0,Maruti,Petrol,Individual,Manual,First Owner,325000
13,75500,23.0,1396.0,90.0,5.0,Hyundai,Diesel,Individual,Manual,Second Owner,395000
11,90000,20.0,1399.0,68.1,5.0,Ford,Diesel,Individual,Manual,Second Owner,310000
12,190000,,,,,Tata,Diesel,Individual,Manual,Third Owner,254999
5,19000,21.4,1197.0,83.1,5.0,Maruti,Petrol,Individual,Automatic,First Owner,685000
9,50000,24.4,1120.0,71.0,5.0,Hyundai,Diesel,Individual,Manual,Second Owner,500000
6,10000,16.8,796.0,34.2,8.0,Maruti,Petrol,Individual,Manual,First Owner,220000
5,10000,20.8,1493.0,113.4,5.0,Other,Diesel,Individual,Manual,First Owner,643000
12,110000,25.44,936.0,57.6,5.0,Chevrolet,Diesel,Individual,Manual,First Owner,150000
15,60000,18.5,1197.0,80.0,5.0,Hyundai,Petrol,Individual,Manual,Third Owner,229999
5,4000,18.6,1197.0,81.86,5.0,Hyundai,Petrol,Individual,Manual,First Owner,693000
7,20000,23.01,999.0,67.0,5.0,Renault,Petrol,Individual,Manual,First Owner,330000
13,50000,18.6,1197.0,85.8,5.0,Maruti,Petrol,Individual,Manual,First Owner,275000
9,65000,15.96,2523.0,62.1,7.0,Mahindra,Diesel,Individual,Manual,First Owner,509999
15,58000,19.7,796.0,46.3,5.0,Maruti,Petrol,Individual,Manual,First Owner,120000
15,60000,20.36,1197.0,78.9,5.0,Hyundai,Petrol,Dealer,Manual,First Owner,215000
10,165000,15.1,2179.0,140.0,7.0,Mahindra,Diesel,Individual,Manual,Second Owner,825000
10,120000,15.96,2523.0,62.1,7.0,Mahindra,Diesel,Individual,Manual,First Owner,430000
11,170000,20.77,1248.0,88.76,7.0,Maruti,Diesel,Individual,Manual,Third Owner,650000
8,70000,18.9,1197.0,82.0,5.0,Hyundai,Petrol,Individual,Manual,First Owner,480000
11,39000,14.28,1798.0,138.03,5.0,Toyota,Petrol,Dealer,Automatic,First Owner,625000
5,8500,16.78,1995.0,190.0,5.0,Bmw,Diesel,Dealer,Automatic,First Owner,5500000
9,50000,20.77,1248.0,88.76,7.0,Maruti,Diesel,Individual,Manual,First Owner,700000
6,10000,23.95,998.0,67.05,5.0,Maruti,Petrol,Individual,Manual,First Owner,350000
13,220000,17.0,1197.0,80.0,5.0,Hyundai,Petrol,Individual,Manual,Fourth & Above Owner,220000
8,50000,19.67,1582.0,126.2,5.0,Hyundai,Diesel,Individual,Manual,First Owner,1140000
7,60000,28.09,1248.0,88.5,5.0,Maruti,Diesel,Individual,Manual,First Owner,750000
14,110000,15.6,1497.0,116.3,5.0,Honda,Petrol,Individual,Automatic,Third Owner,409999
9,93000,19.1,1197.0,81.86,5.0,Hyundai,Petrol,Individual,Manual,First Owner,409999
12,138000,12.8,2494.0,102.0,8.0,Toyota,Diesel,Individual,Manual,Second Owner,650000
7,85000,20.65,1248.0,88.7,5.0,Tata,Diesel,Individual,Manual,First Owner,400000
15,176000,17.0,1461.0,66.0,5.0,Mahindra,Diesel,Individual,Manual,Second Owner,200000
10,70000,26.0,1498.0,98.6,5.0,Honda,Diesel,Individual,Manual,First Owner,600000
18,90000,13.9,1599.0,103.2,5.0,Hyundai,Petrol,Individual,Manual,Third Owner,170000
14,55000,19.81,1086.0,68.05,5.0,Hyundai,Petrol,Individual,Manual,Second Owner,180000
18,200000,13.1,1997.0,141.1,5.0,Honda,Petrol,Individual,Automatic,Third Owner,125000
12,76000,15.96,2523.0,62.1,7.0,Mahindra,Diesel,Individual,Manual,First Owner,500000
14,120000,21.43,1364.0,87.2,5.0,Toyota,Diesel,Individual,Manual,Second Owner,450000
13,175000,23.57,1396.0,70.0,5.0,Tata,Diesel,Individual,Manual,Second Owner,210000
7,30000,27.39,1248.0,74.0,5.0,Maruti,Diesel,Individual,Manual,First Owner,620000
8,100000,17.45,1493.0,100.0,7.0,Mahindra,Diesel,Individual,Manual,First Owner,600000
9,120000,20.51,998.0,67.04,5.0,Maruti,Petrol,Individual,Manual,First Owner,335000
13,85000,18.0,1248.0,75.0,5.0,Tata,Diesel,Individual,Manual,Second Owner,125000
8,80000,26.0,1498.0,98.6,5.0,Honda,Diesel,Individual,Manual,First Owner,765000
7,142000,18.49,1493.0,100.0,7.0,Mahindra,Diesel,Individual,Manual,First Owner,509999
5,10000,17.3,1497.0,121.0,7.0,Mahindra,Diesel,Individual,Manual,First Owner,1450000
8,10000,23.1,998.0,67.04,5.0,Maruti,Petrol,Dealer,Automatic,First Owner,434999
11,110000,19.4,1405.0,70.0,5.0,Tata,Diesel,Individual,Manual,First Owner,160000
9,20000,21.94,1196.0,61.7,5.0,Maruti,CNG,Individual,Manual,First Owner,380000
11,57000,22.9,1248.0,74.0,5.0,Maruti,Diesel,Individual,Manual,First Owner,380000
8,49600,25.32,1198.0,77.0,6.0,Mahindra,Diesel,Individual,Manual,Second Owner,350000
7,20000,24.7,796.0,47.3,5.0,Maruti,Petrol,Individual,Manual,First Owner,330000
8,70000,15.4,1997.0,120.0,7.0,Mahindra,Diesel,Individual,Manual,First Owner,750000
6,22000,20.3,1199.0,84.0,5.0,Tata,Petrol,Individual,Manual,First Owner,400000
8,56239,22.54,1396.0,88.73,5.0,Hyundai,Diesel,Dealer,Manual,First Owner,570000
7,90000,23.01,999.0,67.0,5.0,Renault,Petrol,Individual,Manual,First Owner,265000
12,100000,15.1,2179.0,140.0,7.0,Mahindra,Diesel,Individual,Manual,Second Owner,700000
12,110000,22.32,1582.0,126.32,5.0,Hyundai,Diesel,Individual,Manual,Second Owner,590000
7,25000,20.3,998.0,68.05,5.0,Hyundai,Petrol,Individual,Manual,First Owner,339000
8,63000,15.3,2956.0,83.8,9.0,Tata,Diesel,Dealer,Manual,First Owner,445000
11,80000,32.52,998.0,58.33,5.0,Maruti,CNG,Individual,Manual,Second Owner,270000
14,170000,,,,,Maruti,Petrol,Individual,Manual,Second Owner,120000
18,90000,,,,,Maruti,Petrol,Individual,Manual,Fourth & Above Owner,215000
7,57247,20.89,1197.0,81.8,5.0,Maruti,Petrol,Dealer,Automatic,First Owner,490000
9,110000,20.14,1498.0,88.8,5.0,Volkswagen,Diesel,Individual,Manual,Second Owner,520000
5,2000,18.6,1197.0,81.86,5.0,Hyundai,Petrol,Individual,Manual,First Owner,610000
4,40000,10.75,2694.0,163.7,8.0,Toyota,Petrol,Individual,Automatic,First Owner,1500000
16,120000,13.6,2523.0,63.0,8.0,Mahindra,Diesel,Individual,Manual,First Owner,250000
14,130000,17.8,1248.0,75.0,5.0,Maruti,Diesel,Individual,Manual,Third Owner,320000
7,22512,18.6,1197.0,81.83,5.0,Hyundai,Petrol,Individual,Manual,First Owner,640000
13,80000,11.57,2179.0,138.1,7.0,Tata,Diesel,Individual,Manual,Second Owner,300000
10,50000,18.2,1248.0,73.8,8.0,Chevrolet,Diesel,Individual,Manual,Fourth & Above Owner,350000
7,50000,22.95,1248.0,74.0,5.0,Tata,Diesel,Individual,Manual,First Owner,600000
7,15151,21.1,814.0,55.2,5.0,Hyundai,Petrol,Individual,Manual,Second Owner,300000
14,60000,18.5,1197.0,80.0,5.0,Hyundai,Petrol,Individual,Manual,First Owner,270000
5,15000,25.17,799.0,53.3,5.0,Renault,Petrol,Individual,Manual,First Owner,380000
16,80000,19.81,1086.0,68.05,5.0,Hyundai,Petrol,Individual,Manual,Second Owner,135000
18,62900,18.9,998.0,67.1,5.0,Maruti,Petrol,Individual,Manual,First Owner,135000
16,179150,11.57,2179.0,138.1,7.0,Tata,Diesel,Individual,Manual,Second Owner,500000
7,89000,27.28,1047.0,69.0,5.0,Tata,Diesel,Individual,Manual,First Owner,450000
10,110000,22.54,1396.0,88.73,5.0,Hyundai,Diesel,Individual,Manual,First Owner,620000
6,10500,18.15,1198.0,82.0,6.0,Mahindra,Petrol,Individual,Manual,First Owner,550000
9,120000,22.7,1582.0,126.2,5.0,Hyundai,Diesel,Individual,Manual,First Owner,869999
13,50000,15.37,1196.0,73.0,7.0,Maruti,Petrol,Individual,Manual,Second Owner,145000
7,23000,21.4,1197.0,83.1,5.0,Maruti,Petrol,Individual,Manual,First Owner,515000
12,87000,20.77,1248.0,88.76,7.0,Maruti,Diesel,Individual,Manual,First Owner,459999
6,10000,22.7,799.0,53.64,5.0,Datsun,Petrol,Individual,Manual,First Owner,250000
13,175000,13.6,2523.0,63.0,7.0,Mahindra,Diesel,Individual,Manual,Third Owner,320000
13,105000,19.2,1461.0,65.0,5.0,Mahindra,Diesel,Individual,Manual,Second Owner,229999
10,100000,22.32,1582.0,126.32,5.0,Hyundai,Diesel,Individual,Manual,Second Owner,545000
6,93000,27.4,1498.0,98.63,5.0,Honda,Diesel,Individual,Manual,First Owner,670000
6,46000,14.24,2755.0,174.5,7.0,Toyota,Diesel,Individual,Manual,First Owner,2900000
13,80000,23.03,1396.0,69.0,5.0,Tata,Diesel,Individual,Manual,First Owner,220000
7,54000,16.0,2179.0,140.0,7.0,Mahindra,Diesel,Individual,Manual,First Owner,1625000
17,90000,17.3,1061.0,57.5,5.0,Maruti,LPG,Individual,Manual,Second Owner,105000
13,40000,18.0,995.0,62.0,5.0,Chevrolet,Petrol,Individual,Manual,Second Owner,150000
9,70000,16.0,2179.0,140.0,7.0,Mahindra,Diesel,Individual,Automatic,First Owner,1100000
13,120000,13.6,2523.0,63.0,7.0,Mahindra,Diesel,Individual,Manual,Second Owner,400000
5,32000,15.1,2179.0,155.0,7.0,Mahindra,Diesel,Individual,Manual,First Owner,1700000
8,70000,12.0,2987.0,224.0,7.0,Mercedes-Benz,Diesel,Dealer,Automatic,First Owner,4090000
11,80000,15.1,2179.0,140.0,7.0,Mahindra,Diesel,Individual,Manual,Second Owner,750000
16,120000,19.09,1396.0,69.0,5.0,Tata,Diesel,Individual,Manual,Third Owner,100000
6,10000,20.89,1197.0,81.8,5.0,Maruti,Petrol,Individual,Manual,First Owner,575000
12,55885,16.25,1198.0,75.0,5.0,Skoda,Petrol,Dealer,Manual,First Owner,320000
13,100000,20.3,1248.0,75.0,5.0,Fiat,Diesel,Individual,Manual,Third Owner,254999
9,43000,21.1,814.0,55.2,5.0,Hyundai,Petrol,Individual,Manual,First Owner,270000
13,120000,20.0,1399.0,68.0,5.0,Ford,Diesel,Individual,Manual,Second Owner,135000
12,90000,11.57,2179.0,138.1,7.0,Tata,Diesel,Individual,Manual,Third Owner,200000
8,80000,22.54,1396.0,88.73,5.0,Hyundai,Diesel,Individual,Manual,First Owner,511000
16,100000,18.9,1061.0,67.0,5.0,Maruti,Petrol,Individual,Manual,Second Owner,114999
9,137000,12.99,2494.0,100.6,7.0,Toyota,Diesel,Individual,Manual,First Owner,1100000
9,70000,12.99,2494.0,100.6,7.0,Toyota,Diesel,Individual,Manual,First Owner,1050000
12,88000,17.5,1298.0,85.8,5.0,Maruti,Petrol,Individual,Manual,First Owner,300000
11,87000,22.32,1582.0,126.32,5.0,Hyundai,Diesel,Individual,Manual,Second Owner,500000
10,70000,22.32,1582.0,126.32,5.0,Hyundai,Diesel,Individual,Manual,Second Owner,625000
16,120000,17.7,1497.0,78.0,5.0,Honda,Petrol,Individual,Manual,Second Owner,155000
12,120000,19.09,1396.0,69.0,5.0,Tata,Diesel,Individual,Manual,Third Owner,170000
7,50000,25.32,1198.0,77.0,6.0,Mahindra,Diesel,Individual,Manual,First Owner,400000
11,120000,22.3,1248.0,74.0,5.0,Tata,Diesel,Individual,Manual,First Owner,120000
12,175000,21.5,1248.0,88.8,5.0,Maruti,Diesel,Individual,Manual,Second Owner,325000
18,44000,19.7,796.0,46.3,5.0,Maruti,Petrol,Individual,Manual,First Owner,94500
11,120000,18.5,1197.0,82.85,5.0,Hyundai,Petrol,Individual,Manual,Second Owner,345000
7,25000,23.01,999.0,67.0,5.0,Renault,Petrol,Individual,Manual,First Owner,360000
21,120000,,,,,Hyundai,Petrol,Individual,Manual,Third Owner,55000
7,37800,17.0,1591.0,121.3,5.0,Hyundai,Petrol,Individual,Manual,First Owner,866000
6,25000,16.8,796.0,34.2,8.0,Maruti,Petrol,Individual,Manual,First Owner,254999
8,100000,20.4,1197.0,81.8,5.0,Maruti,Petrol,Individual,Manual,First Owner,500000
13,45000,17.0,1197.0,80.0,5.0,Hyundai,Petrol,Individual,Manual,First Owner,300000
18,120000,16.8,1493.0,110.0,5.0,Hyundai,Diesel,Individual,Manual,Second Owner,135000
7,70000,27.39,1248.0,74.0,5.0,Maruti,Diesel,Individual,Manual,First Owner,800000
8,70000,18.2,1248.0,73.74,7.0,Chevrolet,Diesel,Individual,Manual,First Owner,420000
6,56000,18.9,1197.0,81.86,5.0,Hyundai,Petrol,Individual,Manual,First Owner,450000
7,100000,24.52,1248.0,88.5,7.0,Maruti,Diesel,Individual,Manual,Second Owner,800000
15,80000,19.7,796.0,46.3,5.0,Maruti,Petrol,Individual,Manual,Third Owner,130000
6,33000,21.1,814.0,55.2,5.0,Hyundai,Petrol,Individual,Manual,First Owner,299000
10,60000,20.51,998.0,67.04,5.0,Maruti,Petrol,Individual,Manual,Second Owner,300000
5,40000,22.0,1582.0,126.2,5.0,Hyundai,Diesel,Individual,Manual,First Owner,1200000
9,24000,23.95,998.0,67.05,5.0,Maruti,Petrol,Individual,Manual,First Owner,300000
8,100000,15.4,1997.0,120.0,7.0,Mahindra,Diesel,Individual,Manual,First Owner,1100000
7,40000,19.0,1199.0,88.7,5.0,Honda,Petrol,Individual,Automatic,First Owner,615000
13,60000,18.9,998.0,67.1,5.0,Maruti,Petrol,Individual,Manual,First Owner,376000
8,15500,16.78,1496.0,88.73,5.0,Toyota,Petrol,Individual,Manual,First Owner,540000
12,100000,14.0,2523.0,75.0,8.0,Mahindra,Diesel,Individual,Manual,First Owner,450000
18,70000,17.7,1497.0,78.0,5.0,Honda,Petrol,Individual,Manual,Second Owner,270000
10,70000,11.74,2987.0,254.8,5.0,Mercedes-Benz,Diesel,Individual,Automatic,First Owner,2575000
10,105000,21.7,1498.0,98.96,5.0,Ford,Diesel,Dealer,Manual,First Owner,550000
14,120000,19.3,1248.0,73.9,5.0,Maruti,Diesel,Individual,Manual,Second Owner,320000
6,20000,19.5,1199.0,88.76,5.0,Honda,Petrol,Individual,Manual,First Owner,600000
7,67000,17.01,1582.0,126.2,5.0,Hyundai,Diesel,Individual,Automatic,First Owner,1100000
10,80000,15.96,2523.0,62.1,7.0,Mahindra,Diesel,Individual,Manual,Second Owner,465000
24,56194,16.1,796.0,37.0,4.0,Maruti,Petrol,Individual,Manual,Fourth & Above Owner,31000
7,25000,18.9,1197.0,82.0,5.0,Hyundai,Petrol,Individual,Manual,First Owner,509999
6,20000,13.68,2393.0,147.8,8.0,Toyota,Diesel,Individual,Manual,First Owner,1650000
15,80000,18.9,998.0,67.1,5.0,Maruti,Petrol,Individual,Manual,Second Owner,160000
7,73000,12.0,2354.0,187.4,5.0,Honda,Petrol,Dealer,Automatic,First Owner,1750000
26,70000,16.1,796.0,37.0,4.0,Maruti,Petrol,Individual,Manual,Second Owner,40000
12,60000,18.9,998.0,67.1,5.0,Maruti,Petrol,Individual,Manual,Third Owner,220000
10,74537,20.51,998.0,67.04,5.0,Maruti,Petrol,Individual,Manual,Second Owner,300000
9,41000,18.6,1197.0,81.83,5.0,Hyundai,Petrol,Individual,Manual,First Owner,550000
14,44000,26.2,998.0,58.2,5.0,Maruti,LPG,Dealer,Manual,First Owner,225000
11,80000,22.07,1199.0,73.9,5.0,Volkswagen,Diesel,Individual,Manual,First Owner,350000
11,100000,22.3,1248.0,88.8,5.0,Tata,Diesel,Individual,Manual,First Owner,325000
11,40000,25.8,1498.0,98.6,5.0,Honda,Diesel,Individual,Manual,Second Owner,420000
6,12000,20.89,1197.0,81.8,5.0,Maruti,Petrol,Individual,Manual,First Owner,535000
8,110000,24.3,1248.0,88.5,5.0,Maruti,Diesel,Individual,Manual,First Owner,610000
9,100000,18.49,1493.0,100.0,7.0,Mahindra,Diesel,Individual,Manual,First Owner,730000
6,30000,20.51,998.0,67.0,5.0,Maruti,Petrol,Individual,Automatic,First Owner,448000
16,100000,17.8,1248.0,75.0,5.0,Maruti,Diesel,Individual,Manual,Second Owner,290000
12,129000,19.3,1248.0,73.9,5.0,Maruti,Diesel,Individual,Manual,First Owner,400000
14,110000,17.8,1399.0,68.0,5.0,Ford,Diesel,Individual,Manual,Third Owner,250000
10,80000,12.99,2494.0,100.6,8.0,Toyota,Diesel,Individual,Manual,Second Owner,720000
16,40000,0.0,1086.0,62.0,5.0,Hyundai,Petrol,Individual,Manual,First Owner,175000
13,15000,17.5,1298.0,85.8,5.0,Maruti,Petrol,Individual,Manual,First Owner,335000
14,70000,20.36,1197.0,78.9,5.0,Hyundai,Petrol,Individual,Manual,Second Owner,180000
10,37000,15.96,2523.0,62.1,7.0,Mahindra,Diesel,Individual,Manual,First Owner,480000
8,50000,25.2,1248.0,74.0,5.0,Maruti,Diesel,Individual,Manual,Second Owner,520000
20,218000,,,,,Toyota,Diesel,Individual,Manual,Second Owner,215000
10,33000,11.3,2987.0,254.8,7.0,Mercedes-Benz,Diesel,Individual,Automatic,First Owner,3250000
13,20000,16.95,1197.0,78.9,5.0,Hyundai,Petrol,Individual,Automatic,First Owner,265000
9,70000,16.0,2179.0,140.0,7.0,Mahindra,Diesel,Individual,Automatic,First Owner,1044999
16,70000,19.7,796.0,46.3,5.0,Maruti,Petrol,Individual,Manual,First Owner,95000
13,99500,11.5,1991.0,147.9,7.0,Chevrolet,Diesel,Individual,Manual,Third Owner,500000
10,140000,14.0,2489.0,95.0,8.0,Mahindra,Diesel,Individual,Manual,First Owner,395000
4,5000,22.05,796.0,47.3,5.0,Maruti,Petrol,Individual,Manual,First Owner,350000
8,70000,28.09,1248.0,88.5,5.0,Maruti,Diesel,Individual,Manual,First Owner,700000
12,103000,20.36,1197.0,78.9,5.0,Hyundai,Petrol,Individual,Manual,First Owner,250000
11,110000,12.99,2494.0,100.6,8.0,Toyota,Diesel,Individual,Manual,Second Owner,800000
9,100000,25.2,1248.0,74.0,5.0,Maruti,Diesel,Individual,Manual,Second Owner,573000
16,90000,,,,,Maruti,Diesel,Individual,Manual,Third Owner,250000
16,110000,17.7,1497.0,78.0,5.0,Honda,Petrol,Individual,Manual,Second Owner,105000
11,139000,20.77,1248.0,88.76,7.0,Maruti,Diesel,Individual,Manual,First Owner,620000
18,102000,16.1,1298.0,88.2,5.0,Maruti,Petrol,Individual,Manual,Third Owner,215000
5,7500,21.21,1197.0,81.8,5.0,Maruti,Petrol,Individual,Automatic,First Owner,600000
11,100000,23.4,1248.0,74.0,5.0,Maruti,Diesel,Individual,Manual,Second Owner,409999
17,155000,18.7,1896.0,66.0,5.0,Skoda,Diesel,Individual,Manual,First Owner,300000
8,70000,16.34,1798.0,189.3,5.0,Volkswagen,Petrol,Individual,Automatic,First Owner,800000
9,188000,16.0,2179.0,140.0,7.0,Mahindra,Diesel,Individual,Manual,First Owner,950000
8,110000,19.67,1582.0,126.2,5.0,Hyundai,Diesel,Individual,Manual,First Owner,900000
16,70000,19.81,1086.0,68.05,5.0,Hyundai,Petrol,Individual,Manual,Third Owner,170000
11,180000,20.8,1461.0,64.1,5.0,Mahindra,Diesel,Individual,Manual,First Owner,250000
6,7000,22.5,999.0,67.0,5.0,Datsun,Petrol,Individual,Manual,First Owner,300000
20,46000,16.1,796.0,37.0,4.0,Maruti,Petrol,Individual,Manual,Fourth & Above Owner,75000
7,18300,17.8,1497.0,117.3,5.0,Honda,Petrol,Individual,Manual,First Owner,890000
6,40000,24.52,1248.0,88.5,7.0,Maruti,Diesel,Individual,Manual,First Owner,955000
15,60000,18.9,1061.0,67.0,5.0,Maruti,Petrol,Individual,Manual,Second Owner,150000
6,40000,25.17,799.0,53.3,5.0,Renault,Petrol,Individual,Manual,First Owner,350000
13,162000,13.6,2523.0,63.0,8.0,Mahindra,Diesel,Individual,Manual,Second Owner,325000
14,110000,20.4,1248.0,91.7,5.0,Fiat,Diesel,Individual,Manual,Third Owner,275000
8,80000,20.85,1197.0,83.14,5.0,Maruti,Petrol,Individual,Manual,Second Owner,488000
11,85000,16.55,2498.0,105.0,7.0,Mahindra,Diesel,Individual,Manual,First Owner,770000
7,60000,28.09,1248.0,88.5,5.0,Maruti,Diesel,Individual,Manual,First Owner,650000
9,16700,22.74,796.0,47.3,5.0,Maruti,Petrol,Individual,Manual,First Owner,275000
18,60000,18.9,998.0,67.1,5.0,Maruti,Petrol,Individual,Automatic,First Owner,75000
8,110000,18.49,1493.0,100.0,7.0,Mahindra,Diesel,Individual,Manual,First Owner,509999
9,20000,23.95,998.0,67.05,5.0,Maruti,Petrol,Individual,Manual,First Owner,300000
11,80000,22.32,1582.0,126.32,5.0,Hyundai,Diesel,Individual,Manual,Second Owner,459999
16,60000,12.8,1995.0,52.0,5.0,Other,Diesel,Individual,Manual,Second Owner,122000
16,90000,18.9,998.0,67.1,5.0,Maruti,Petrol,Individual,Manual,Second Owner,135000
12,40000,18.5,1197.0,85.8,5.0,Maruti,Petrol,Individual,Manual,First Owner,320000
7,9000,13.6,1999.0,177.0,5.0,Other,Diesel,Dealer,Automatic,First Owner,2625000
10,40000,19.4,1198.0,86.8,5.0,Honda,Petrol,Individual,Manual,Third Owner,325000
9,90000,23.2,1248.0,73.94,5.0,Maruti,Diesel,Individual,Manual,First Owner,350000
8,23000,24.0,1120.0,70.0,5.0,Hyundai,Diesel,Individual,Manual,First Owner,610000
12,70000,23.2,1248.0,73.94,5.0,Maruti,Diesel,Individual,Manual,First Owner,300000
9,54723,25.2,1248.0,74.0,5.0,Maruti,Diesel,Dealer,Manual,First Owner,470000
9,25000,25.4,624.0,37.5,4.0,Tata,Petrol,Individual,Manual,First Owner,165000
9,25000,20.4,1197.0,81.8,5.0,Maruti,Petrol,Individual,Manual,First Owner,550000
18,60000,,,,,Hyundai,Petrol,Individual,Manual,Third Owner,105000
17,110000,15.3,1341.0,83.0,5.0,Hyundai,Petrol,Individual,Manual,Second Owner,120000
12,70000,25.44,936.0,57.6,5.0,Chevrolet,Diesel,Individual,Manual,Second Owner,165000
8,86000,26.0,1498.0,98.6,5.0,Honda,Diesel,Individual,Manual,Third Owner,750000
17,60000,16.1,796.0,37.0,4.0,Maruti,Petrol,Individual,Manual,Second Owner,125000
6,6000,18.9,1197.0,81.86,5.0,Hyundai,Petrol,Individual,Manual,First Owner,520000
13,120000,19.4,1405.0,70.0,5.0,Tata,Diesel,Individual,Manual,First Owner,110000
11,80000,22.32,1582.0,126.32,5.0,Hyundai,Diesel,Individual,Manual,Second Owner,425000
9,15000,20.62,1198.0,67.0,7.0,Datsun,Petrol,Individual,Manual,First Owner,300000
6,82000,21.73,1498.0,108.62,5.0,Volkswagen,Diesel,Individual,Automatic,First Owner,650000
7,120000,25.8,1498.0,98.6,5.0,Honda,Diesel,Individual,Manual,First Owner,550000
6,75000,20.3,1199.0,84.0,5.0,Tata,Petrol,Individual,Manual,First Owner,450000
6,20375,20.89,1197.0,81.8,5.0,Maruti,Petrol,Dealer,Manual,First Owner,480000
24,50000,16.1,796.0,37.0,4.0,Maruti,Petrol,Individual,Manual,Second Owner,45000
10,50074,24.0,1120.0,70.0,5.0,Hyundai,Diesel,Individual,Manual,First Owner,400000
5,5000,21.4,1197.0,83.1,5.0,Maruti,Petrol,Individual,Automatic,First Owner,675000
9,91000,12.55,2982.0,168.5,7.0,Toyota,Diesel,Dealer,Automatic,Second Owner,1650000
7,35000,17.57,1193.0,88.7,5.0,Tata,Petrol,Individual,Manual,First Owner,400000
8,60000,17.88,1405.0,48.21,5.0,Tata,Diesel,Individual,Manual,Second Owner,300000
8,45000,16.38,1995.0,183.0,5.0,Hyundai,Diesel,Dealer,Automatic,Second Owner,1950000
8,47370,21.94,1196.0,63.0,5.0,Maruti,CNG,Individual,Manual,First Owner,330000
11,56000,22.1,1248.0,74.0,5.0,Chevrolet,Diesel,Dealer,Manual,First Owner,246000
18,120000,16.9,1497.0,100.0,5.0,Honda,Petrol,Individual,Manual,Second Owner,150000
9,40000,18.9,1197.0,82.0,5.0,Hyundai,Petrol,Individual,Automatic,First Owner,400000
7,45000,17.6,2179.0,153.86,7.0,Tata,Diesel,Individual,Manual,First Owner,1282000
13,85000,21.1,1248.0,73.9,5.0,Maruti,Diesel,Individual,Manual,Second Owner,204999
9,68000,20.77,1248.0,88.76,7.0,Maruti,Diesel,Individual,Manual,Second Owner,571000
14,200400,19.81,1086.0,68.05,5.0,Hyundai,Petrol,Individual,Manual,Second Owner,187000
26,70000,14.0,796.0,35.0,5.0,Maruti,Petrol,Individual,Manual,First Owner,80000
6,35000,17.0,1198.0,108.5,5.0,Tata,Petrol,Individual,Manual,First Owner,700000
15,80000,13.93,2179.0,138.0,7.0,Tata,Diesel,Individual,Manual,First Owner,500000
16,85000,16.8,1493.0,110.0,5.0,Hyundai,Diesel,Individual,Manual,Second Owner,220000
17,70000,13.93,2179.0,138.1,7.0,Tata,Diesel,Individual,Manual,Second Owner,200000
8,25000,22.74,796.0,47.3,5.0,Maruti,Petrol,Individual,Manual,First Owner,315000
6,50000,28.4,1248.0,74.02,5.0,Maruti,Diesel,Individual,Manual,First Owner,650000
9,15000,25.4,624.0,37.5,4.0,Tata,Petrol,Individual,Manual,First Owner,110000
12,100000,18.5,1197.0,80.0,5.0,Hyundai,Petrol,Individual,Manual,Second Owner,320000
14,120000,,,,,Maruti,Diesel,Individual,Manual,Second Owner,315000
9,80000,25.83,1498.0,99.0,5.0,Ford,Diesel,Individual,Manual,First Owner,480000
13,72000,22.9,1248.0,74.0,5.0,Maruti,Diesel,Individual,Manual,First Owner,400000
14,110000,17.8,1248.0,75.0,5.0,Maruti,Diesel,Individual,Manual,Fourth & Above Owner,350000
9,36000,20.4,1197.0,83.11,5.0,Maruti,Petrol,Individual,Manual,First Owner,420000
10,29340,22.32,1582.0,126.32,5.0,Hyundai,Diesel,Individual,Manual,First Owner,755000
7,65000,20.51,998.0,67.04,5.0,Maruti,Petrol,Individual,Manual,Second Owner,400000
6,13000,24.7,796.0,47.3,5.0,Maruti,Petrol,Individual,Manual,First Owner,310000
6,35000,24.0,1199.0,83.81,5.0,Tata,Petrol,Individual,Manual,First Owner,515000
13,120000,13.93,2179.0,138.1,7.0,Tata,Diesel,Individual,Manual,First Owner,240000
9,75000,19.87,1461.0,83.8,5.0,Renault,Diesel,Dealer,Manual,First Owner,484999
10,35000,18.2,1199.0,82.4,5.0,Chevrolet,Petrol,Individual,Manual,First Owner,310000
11,33900,17.68,1968.0,174.33,5.0,Audi,Diesel,Dealer,Automatic,Second Owner,1750000
9,60000,26.59,1248.0,74.0,5.0,Maruti,Diesel,Individual,Manual,First Owner,600000
15,50000,19.81,1086.0,68.05,5.0,Hyundai,Petrol,Individual,Manual,Second Owner,229999
8,14000,18.6,1197.0,81.83,5.0,Hyundai,Petrol,Individual,Manual,Second Owner,550000
12,25000,20.36,1197.0,78.9,5.0,Hyundai,Petrol,Individual,Manual,First Owner,350000
11,56315,25.44,936.0,57.6,5.0,Chevrolet,Diesel,Individual,Manual,First Owner,175000
14,120000,17.8,1248.0,75.0,5.0,Maruti,Diesel,Individual,Manual,Second Owner,260000
14,100000,11.57,2179.0,138.1,7.0,Tata,Diesel,Individual,Manual,First Owner,300000
8,70000,20.14,1498.0,88.0,5.0,Volkswagen,Diesel,Individual,Manual,First Owner,550000
8,20000,20.4,1197.0,81.8,5.0,Maruti,Petrol,Individual,Manual,First Owner,520000
6,6000,18.6,1197.0,81.83,5.0,Hyundai,Petrol,Individual,Manual,First Owner,700000
20,56432,16.1,796.0,37.0,4.0,Maruti,Petrol,Dealer,Manual,First Owner,65000
12,46000,19.4,1405.0,70.0,5.0,Tata,Diesel,Individual,Manual,First Owner,260000
8,44000,19.1,1197.0,82.0,5.0,Hyundai,Petrol,Individual,Manual,Second Owner,386000
5,10000,21.21,1197.0,81.8,5.0,Maruti,Petrol,Individual,Automatic,First Owner,610000
7,100000,16.5,1493.0,70.0,7.0,Mahindra,Diesel,Individual,Manual,Second Owner,620000
6,26000,19.6,1461.0,108.45,5.0,Renault,Diesel,Individual,Manual,First Owner,950000
20,62000,13.0,1343.0,90.0,5.0,Honda,Petrol,Individual,Manual,Second Owner,50000
8,30000,18.9,1197.0,82.0,5.0,Hyundai,Petrol,Individual,Manual,First Owner,400000
22,80000,18.9,998.0,67.1,5.0,Maruti,Petrol,Individual,Manual,Second Owner,140000
28,5000,,,,,Mahindra,Diesel,Individual,Manual,Second Owner,163000
12,100000,19.1,1197.0,85.8,5.0,Maruti,Petrol,Individual,Manual,First Owner,310000
8,26000,20.51,998.0,67.04,5.0,Maruti,Petrol,Individual,Manual,Second Owner,385000
10,86000,14.0,2179.0,138.1,7.0,Tata,Diesel,Individual,Manual,Second Owner,521000
15,120000,19.3,1248.0,73.9,5.0,Maruti,Diesel,Individual,Manual,Second Owner,260000
11,45000,21.1,814.0,55.2,5.0,Hyundai,Petrol,Individual,Manual,Second Owner,165000
8,152000,21.19,1396.0,88.73,5.0,Hyundai,Diesel,Individual,Manual,First Owner,580000
15,60000,15.3,1596.0,101.0,5.0,Ford,Petrol,Individual,Manual,Third Owner,210000
12,20000,19.81,1086.0,68.05,5.0,Hyundai,Petrol,Individual,Manual,Third Owner,265000
14,110000,0.0,1086.0,62.0,5.0,Hyundai,Petrol,Individual,Manual,First Owner,150000
7,70000,27.39,1248.0,74.0,5.0,Maruti,Diesel,Individual,Manual,First Owner,625000
8,50000,19.44,1198.0,67.0,7.0,Datsun,Petrol,Individual,Manual,First Owner,350000
8,50000,25.2,1248.0,74.0,5.0,Maruti,Diesel,Individual,Manual,First Owner,550000
8,60000,22.74,796.0,47.3,5.0,Maruti,Petrol,Individual,Manual,Second Owner,270000
7,120000,24.52,1248.0,88.5,7.0,Maruti,Diesel,Individual,Manual,First Owner,940000
13,40000,18.9,998.0,67.1,5.0,Maruti,Petrol,Individual,Manual,First Owner,270000
13,120000,17.8,1399.0,68.0,5.0,Ford,Diesel,Individual,Manual,Second Owner,275000
11,39000,20.36,1197.0,78.9,5.0,Hyundai,Petrol,Dealer,Manual,First Owner,229999
10,28800,18.6,1197.0,81.83,5.0,Hyundai,Petrol,Dealer,Manual,First Owner,484999
8,75000,26.59,1248.0,74.0,5.0,Maruti,Diesel,Individual,Manual,Second Owner,631000
7,11688,17.8,1497.0,117.3,5.0,Honda,Petrol,Trustmark Dealer,Manual,First Owner,850000
6,150000,23.59,1364.0,67.05,5.0,Toyota,Diesel,Individual,Manual,First Owner,670000
12,140000,18.88,1995.0,184.0,5.0,Bmw,Diesel,Individual,Automatic,Second Owner,1300000
14,132000,,,,,Maruti,Petrol,Individual,Manual,Second Owner,135000
7,120000,25.32,1198.0,77.0,6.0,Mahindra,Diesel,Individual,Manual,First Owner,450000
9,40000,16.02,1373.0,93.7,7.0,Maruti,Petrol,Individual,Manual,Second Owner,600000
13,170000,21.0,1461.0,64.1,5.0,Mahindra,Diesel,Individual,Manual,Second Owner,229999
7,100000,16.5,1493.0,70.0,7.0,Mahindra,Diesel,Individual,Manual,First Owner,620000
12,193000,19.3,1248.0,73.9,5.0,Maruti,Diesel,Individual,Manual,First Owner,320000
11,60000,18.5,1197.0,85.8,5.0,Maruti,Petrol,Individual,Manual,Second Owner,415000
18,100000,19.7,796.0,46.3,5.0,Maruti,Petrol,Individual,Manual,Second Owner,150000
10,30000,20.36,1197.0,78.9,5.0,Hyundai,Petrol,Individual,Manual,Second Owner,300000
7,50000,21.1,814.0,55.2,5.0,Hyundai,Petrol,Individual,Manual,First Owner,270000
13,96000,16.95,1498.0,97.7,5.0,Nissan,Petrol,Individual,Manual,First Owner,280000
9,80000,23.9,1582.0,126.2,5.0,Hyundai,Diesel,Individual,Manual,Second Owner,600000
10,50000,21.1,814.0,55.2,5.0,Hyundai,Petrol,Individual,Manual,First Owner,290000
12,90000,15.42,1405.0,70.0,7.0,Tata,Diesel,Individual,Manual,Second Owner,175000
4,5000,19.0,1194.0,94.68,5.0,Ford,Petrol,Individual,Manual,Second Owner,400000
5,30000,23.84,1199.0,83.83,5.0,Tata,Petrol,Individual,Automatic,First Owner,550000
11,70000,18.2,1248.0,73.8,7.0,Chevrolet,Diesel,Individual,Manual,Second Owner,380000
14,60000,14.53,1798.0,138.0,5.0,Toyota,Petrol,Individual,Manual,Second Owner,350000
10,80000,22.54,1396.0,88.73,5.0,Hyundai,Diesel,Individual,Manual,Second Owner,475000
15,90000,19.7,796.0,46.3,5.0,Maruti,Petrol,Individual,Manual,Second Owner,170000
9,79000,25.83,1498.0,99.0,5.0,Ford,Diesel,Individual,Manual,Second Owner,530000
5,8079,24.7,1047.0,69.0,5.0,Tata,Diesel,Dealer,Manual,First Owner,900000
8,79000,19.67,1582.0,126.2,5.0,Hyundai,Diesel,Dealer,Manual,First Owner,925000
11,25000,18.5,1197.0,82.85,5.0,Hyundai,Petrol,Individual,Manual,First Owner,380000
8,45775,23.84,1199.0,84.0,5.0,Tata,Petrol,Dealer,Manual,First Owner,252999
16,128000,0.0,1086.0,62.0,5.0,Hyundai,Petrol,Individual,Manual,First Owner,105000
6,40000,25.8,1498.0,98.6,5.0,Honda,Diesel,Individual,Manual,First Owner,675000
6,30000,23.1,998.0,67.04,5.0,Maruti,Petrol,Individual,Automatic,First Owner,470000
15,50000,19.0,998.0,66.1,5.0,Maruti,Petrol,Individual,Manual,First Owner,185000
20,110000,18.9,998.0,67.1,5.0,Maruti,Petrol,Individual,Manual,First Owner,85000
13,84050,,,,,Toyota,Petrol,Individual,Manual,First Owner,210000
13,210000,22.9,1248.0,74.0,5.0,Maruti,Diesel,Individual,Manual,First Owner,280000
13,110000,15.0,1368.0,90.0,5.0,Tata,Petrol,Individual,Manual,Second Owner,250000
11,50000,21.64,1461.0,84.8,5.0,Nissan,Diesel,Individual,Manual,First Owner,325000
11,70000,22.32,1582.0,126.32,5.0,Hyundai,Diesel,Individual,Manual,Third Owner,500000
8,35000,23.1,998.0,67.04,5.0,Maruti,Petrol,Individual,Automatic,First Owner,400000
6,90000,23.59,1364.0,67.05,5.0,Toyota,Diesel,Individual,Manual,First Owner,730000
12,50000,20.92,998.0,67.1,5.0,Maruti,Petrol,Individual,Manual,First Owner,275000
10,100000,19.81,1086.0,68.05,5.0,Hyundai,Petrol,Individual,Manual,First Owner,300000
8,40000,28.09,1248.0,88.5,5.0,Maruti,Diesel,Individual,Manual,First Owner,640000
9,43001,22.27,1498.0,108.6,5.0,Volkswagen,Diesel,Dealer,Manual,First Owner,560000
20,80000,16.1,796.0,37.0,4.0,Maruti,Petrol,Individual,Manual,Second Owner,81000
14,58000,19.7,796.0,46.3,5.0,Maruti,Petrol,Individual,Manual,First Owner,175000
11,70000,19.4,1405.0,70.0,5.0,Tata,Diesel,Individual,Manual,Second Owner,225000
22,30000,17.3,993.0,60.0,5.0,Maruti,Petrol,Individual,Manual,Third Owner,75000
10,60000,20.92,998.0,67.1,5.0,Maruti,Petrol,Individual,Manual,Second Owner,229999
8,66693,25.17,799.0,53.3,5.0,Renault,Petrol,Dealer,Manual,First Owner,300000
7,90000,23.84,1199.0,84.0,5.0,Tata,Petrol,Individual,Manual,First Owner,450000
7,60000,23.84,1199.0,84.0,5.0,Tata,Petrol,Individual,Manual,First Owner,350000
9,40000,12.99,2494.0,100.6,7.0,Toyota,Diesel,Individual,Manual,First Owner,1150000
6,50000,17.3,1497.0,121.0,7.0,Mahindra,Diesel,Individual,Manual,First Owner,1200000
7,60000,25.2,1248.0,74.0,5.0,Maruti,Diesel,Individual,Manual,First Owner,455000
5,19000,13.96,1451.0,141.0,5.0,Other,Petrol,Dealer,Automatic,First Owner,1750000
15,250000,12.8,2494.0,102.0,7.0,Toyota,Diesel,Individual,Manual,First Owner,550000
9,50000,26.59,1248.0,74.0,5.0,Maruti,Diesel,Individual,Manual,First Owner,550000
12,120000,16.8,1497.0,116.3,5.0,Honda,Petrol,Individual,Manual,First Owner,550000
17,110000,17.8,1399.0,68.0,5.0,Ford,Diesel,Individual,Manual,First Owner,210000
14,70000,19.81,1086.0,68.05,5.0,Hyundai,Petrol,Individual,Manual,Second Owner,200000
11,60000,22.74,796.0,47.3,5.0,Maruti,Petrol,Individual,Manual,Second Owner,190000
8,39000,21.38,1396.0,88.7,5.0,Hyundai,Diesel,Dealer,Manual,First Owner,825000
10,50000,24.0,1120.0,70.0,5.0,Hyundai,Diesel,Individual,Manual,Second Owner,380000
10,90000,20.45,1461.0,83.8,5.0,Nissan,Diesel,Individual,Manual,First Owner,472000
13,110000,19.7,796.0,46.3,5.0,Maruti,Petrol,Individual,Manual,Fourth & Above Owner,122000
8,100000,22.95,1248.0,74.0,5.0,Tata,Diesel,Individual,Manual,First Owner,400000
9,67303,20.45,1461.0,83.8,5.0,Renault,Diesel,Dealer,Manual,First Owner,600000
9,30000,25.2,1248.0,74.0,5.0,Maruti,Diesel,Individual,Manual,First Owner,484999
12,70000,16.95,1498.0,97.7,5.0,Nissan,Petrol,Individual,Manual,Second Owner,320000
8,30000,18.2,1199.0,82.4,5.0,Chevrolet,Petrol,Individual,Manual,First Owner,400000
4,5000,17.0,1198.0,108.5,5.0,Tata,Petrol,Individual,Automatic,First Owner,950000
13,60000,13.6,2523.0,63.0,7.0,Mahindra,Diesel,Individual,Manual,Second Owner,440000
6,11000,15.8,1591.0,121.3,5.0,Hyundai,Petrol,Individual,Manual,First Owner,1220000
11,155000,20.54,1598.0,103.6,5.0,Volkswagen,Diesel,Individual,Manual,Second Owner,325000
16,110000,17.5,1896.0,106.0,5.0,Skoda,Diesel,Individual,Manual,Second Owner,229999
6,20000,22.0,1197.0,81.8,5.0,Maruti,Petrol,Individual,Manual,First Owner,720000
12,120000,14.0,2498.0,112.0,8.0,Mahindra,Diesel,Individual,Manual,Fourth & Above Owner,350000
16,100000,13.5,1799.0,130.0,5.0,Honda,Petrol,Individual,Manual,Third Owner,375000
6,50000,24.0,1186.0,73.97,5.0,Hyundai,Diesel,Individual,Manual,First Owner,550000
12,100000,15.1,2179.0,140.0,7.0,Mahindra,Diesel,Individual,Manual,First Owner,900000
7,35000,25.83,1498.0,99.0,5.0,Ford,Diesel,Individual,Manual,First Owner,700000
13,80000,13.93,2179.0,138.03,7.0,Tata,Diesel,Individual,Manual,First Owner,320000
6,20000,21.4,1197.0,83.1,5.0,Maruti,Petrol,Individual,Manual,First Owner,560000
10,88000,25.2,1248.0,74.0,5.0,Maruti,Diesel,Individual,Manual,Second Owner,375000
16,90000,16.52,1991.0,123.7,5.0,Chevrolet,Diesel,Individual,Manual,Fourth & Above Owner,210000
13,89580,12.8,2494.0,102.0,8.0,Toyota,Diesel,Dealer,Manual,Second Owner,650000
14,100000,12.8,2494.0,102.0,7.0,Toyota,Diesel,Individual,Manual,Second Owner,475000
20,100000,10.5,2179.0,120.0,7.0,Mahindra,Diesel,Individual,Manual,Fourth & Above Owner,120000
12,110000,21.03,1461.0,65.0,5.0,Mahindra,Diesel,Individual,Manual,First Owner,260000
13,60000,18.6,1199.0,79.4,5.0,Chevrolet,Petrol,Individual,Manual,First Owner,120000
12,110000,23.0,1396.0,90.0,5.0,Hyundai,Diesel,Individual,Manual,Third Owner,350000
14,70000,15.7,1405.0,70.0,5.0,Tata,Diesel,Individual,Manual,Third Owner,150000
11,120000,14.09,1596.0,99.6,5.0,Ford,Petrol,Individual,Manual,First Owner,350000
14,129000,12.8,2494.0,102.0,8.0,Toyota,Diesel,Individual,Manual,First Owner,425000
13,160000,,,,,Maruti,Diesel,Individual,Manual,First Owner,350000
12,90000,20.92,998.0,67.1,5.0,Maruti,Petrol,Individual,Manual,First Owner,250000
14,114000,14.3,1798.0,160.0,5.0,Volkswagen,Petrol,Individual,Manual,First Owner,700000
10,100000,25.8,1498.0,98.6,5.0,Honda,Diesel,Individual,Manual,Second Owner,420000
18,90000,19.7,796.0,46.3,5.0,Maruti,Petrol,Individual,Manual,First Owner,160000
11,108916,20.51,998.0,67.04,5.0,Maruti,Petrol,Individual,Manual,Second Owner,240000
6,50000,27.39,1248.0,74.0,5.0,Maruti,Diesel,Individual,Manual,First Owner,760000
15,120000,19.09,1396.0,69.0,5.0,Tata,Diesel,Individual,Manual,Third Owner,140000
9,60000,22.54,1396.0,88.73,5.0,Hyundai,Diesel,Individual,Manual,First Owner,550000
22,70000,16.1,796.0,37.0,4.0,Maruti,Petrol,Individual,Manual,Second Owner,45000
7,45000,16.3,1956.0,170.0,5.0,Jeep,Diesel,Individual,Manual,First Owner,1800000
10,63000,18.06,2523.0,63.0,7.0,Mahindra,Diesel,Individual,Manual,Second Owner,425000
14,40000,17.3,1061.0,57.5,5.0,Maruti,LPG,Individual,Manual,Fourth & Above Owner,200000
13,90000,19.3,1248.0,73.9,5.0,Maruti,Diesel,Individual,Manual,Fourth & Above Owner,265000
8,9900,23.95,998.0,67.05,5.0,Maruti,Petrol,Individual,Manual,First Owner,350000
20,70000,19.7,796.0,46.3,5.0,Maruti,Petrol,Individual,Manual,Second Owner,70000
13,218000,21.0,1461.0,64.1,5.0,Mahindra,Diesel,Individual,Manual,First Owner,180000
12,100000,,,,,Tata,Diesel,Individual,Manual,Second Owner,250000
8,20000,20.51,998.0,67.04,5.0,Maruti,Petrol,Individual,Manual,First Owner,465000
9,70000,15.4,2179.0,120.0,7.0,Mahindra,Diesel,Individual,Manual,First Owner,715000
10,60000,24.0,1120.0,70.0,5.0,Hyundai,Diesel,Individual,Manual,First Owner,425000
7,52000,21.66,1498.0,108.62,5.0,Volkswagen,Diesel,Individual,Manual,First Owner,555000
9,100000,18.6,1197.0,81.83,5.0,Hyundai,Petrol,Individual,Manual,First Owner,600000
10,70000,22.32,1582.0,126.32,5.0,Hyundai,Diesel,Individual,Manual,Third Owner,535000
6,55000,21.9,624.0,37.48,4.0,Tata,Petrol,Dealer,Automatic,First Owner,250000
9,90000,19.67,1582.0,126.2,5.0,Hyundai,Diesel,Individual,Manual,First Owner,978999
10,50000,23.95,998.0,67.05,5.0,Maruti,Petrol,Individual,Manual,Second Owner,250000
7,66000,24.52,1248.0,88.5,7.0,Maruti,Diesel,Individual,Manual,Second Owner,780000
8,70000,18.6,1197.0,81.83,5.0,Hyundai,Petrol,Individual,Manual,First Owner,470000
8,70000,23.95,998.0,67.05,5.0,Maruti,Petrol,Individual,Manual,First Owner,298000
13,100000,13.6,2523.0,63.0,7.0,Mahindra,Diesel,Individual,Manual,Second Owner,450000
15,170000,13.6,2523.0,63.0,7.0,Mahindra,Diesel,Individual,Manual,Second Owner,400000
6,20000,18.9,1197.0,81.86,5.0,Hyundai,Petrol,Individual,Manual,First Owner,570000
6,10000,22.48,1995.0,187.74,5.0,Bmw,Diesel,Dealer,Automatic,First Owner,4000000
7,40000,18.16,1196.0,86.8,5.0,Ford,Petrol,Individual,Manual,Second Owner,370000
6,10000,20.3,1199.0,84.0,5.0,Tata,Petrol,Individual,Automatic,First Owner,645000
7,69000,25.6,1498.0,97.9,5.0,Honda,Diesel,Dealer,Manual,First Owner,925000
10,110000,15.1,2179.0,140.0,7.0,Mahindra,Diesel,Individual,Manual,First Owner,825000
20,18000,16.1,796.0,37.0,4.0,Maruti,Petrol,Individual,Manual,Second Owner,50000
7,40000,21.66,1498.0,108.62,5.0,Volkswagen,Diesel,Individual,Manual,First Owner,575000
12,30000,17.5,1298.0,85.8,5.0,Maruti,Petrol,Individual,Manual,First Owner,350000
9,20000,22.74,796.0,47.3,5.0,Maruti,Petrol,Individual,Manual,Third Owner,170000
14,90000,17.92,1086.0,62.1,5.0,Hyundai,Petrol,Individual,Manual,First Owner,200000
13,100000,19.1,1405.0,70.0,5.0,Tata,Diesel,Individual,Manual,First Owner,210000
7,68140,18.0,1497.0,117.6,5.0,Honda,Petrol,Dealer,Automatic,First Owner,1025000
7,22000,15.73,1968.0,174.33,5.0,Audi,Diesel,Dealer,Automatic,First Owner,2825000
21,121000,17.3,993.0,60.0,5.0,Maruti,Petrol,Individual,Manual,First Owner,200000
21,20000,15.9,1527.0,57.0,5.0,Maruti,Diesel,Individual,Manual,First Owner,70000
7,43000,20.85,1197.0,83.14,5.0,Maruti,Petrol,Individual,Manual,First Owner,500000
6,7800,20.3,1086.0,68.0,5.0,Hyundai,Petrol,Individual,Manual,First Owner,475000
11,120000,19.01,1461.0,108.45,5.0,Renault,Diesel,Individual,Manual,First Owner,695000
13,80000,17.0,1405.0,71.0,5.0,Tata,Diesel,Individual,Manual,First Owner,200000
19,120000,13.0,1493.0,100.0,5.0,Honda,Petrol,Individual,Manual,Second Owner,100000
10,31000,23.59,1364.0,67.06,5.0,Toyota,Diesel,Individual,Manual,First Owner,550000
8,70000,24.3,1248.0,88.5,5.0,Maruti,Diesel,Individual,Manual,First Owner,745000
20,248200,16.1,1405.0,70.0,5.0,Tata,Diesel,Individual,Manual,Second Owner,80000
18,110000,17.88,1396.0,52.8,5.0,Tata,Diesel,Individual,Manual,Fourth & Above Owner,67500
9,70000,20.0,1399.0,68.05,5.0,Ford,Diesel,Individual,Manual,First Owner,292000
7,63309,19.67,1582.0,126.2,5.0,Hyundai,Diesel,Dealer,Manual,First Owner,1150000
17,78000,19.7,796.0,46.3,5.0,Maruti,Petrol,Individual,Manual,First Owner,130000
7,60000,16.0,2179.0,140.0,7.0,Mahindra,Diesel,Individual,Manual,First Owner,1250000
5,35000,16.5,1493.0,70.0,7.0,Mahindra,Diesel,Individual,Manual,First Owner,740000
11,29000,15.0,1598.0,103.5,5.0,Skoda,Petrol,Individual,Manual,Second Owner,409999
6,60000,15.04,2755.0,174.5,7.0,Toyota,Diesel,Individual,Automatic,First Owner,3200000
14,26432,25.4,624.0,37.48,4.0,Tata,Petrol,Dealer,Manual,First Owner,65000
11,70000,18.6,1199.0,79.4,5.0,Chevrolet,Petrol,Individual,Manual,First Owner,200000
8,100000,24.52,1248.0,88.5,7.0,Maruti,Diesel,Individual,Manual,Second Owner,770000
14,80000,21.12,1248.0,88.8,5.0,Tata,Diesel,Individual,Manual,First Owner,180000
7,50000,24.0,1186.0,73.97,5.0,Hyundai,Diesel,Individual,Manual,First Owner,600000
13,202000,17.67,1968.0,138.08,5.0,Skoda,Diesel,Individual,Manual,First Owner,600000
5,10000,21.94,1196.0,61.7,5.0,Maruti,CNG,Individual,Manual,First Owner,450000
15,120000,,,,,Maruti,Diesel,Individual,Manual,Fourth & Above Owner,210000
10,116000,19.01,1461.0,108.45,5.0,Renault,Diesel,Individual,Manual,First Owner,600000
13,120000,15.0,1896.0,105.0,5.0,Volkswagen,Diesel,Individual,Manual,Second Owner,350000
9,80000,19.67,1582.0,126.2,5.0,Hyundai,Diesel,Individual,Manual,Second Owner,899000
10,50000,15.1,2179.0,140.0,7.0,Mahindra,Diesel,Individual,Manual,First Owner,1000000
9,35000,20.45,1461.0,83.8,5.0,Nissan,Diesel,Individual,Manual,First Owner,800000
11,120000,20.77,1248.0,88.8,7.0,Maruti,Diesel,Individual,Manual,Third Owner,600000
8,73000,25.83,1498.0,99.0,5.0,Ford,Diesel,Individual,Manual,First Owner,459999
13,60000,16.2,1599.0,103.2,5.0,Hyundai,Petrol,Individual,Manual,First Owner,400000
5,10000,18.9,1197.0,81.86,5.0,Hyundai,Petrol,Individual,Manual,First Owner,640000
24,180000,17.3,993.0,60.0,5.0,Maruti,Petrol,Individual,Manual,Fourth & Above Owner,50000
7,65000,21.04,1461.0,83.8,7.0,Renault,Diesel,Individual,Manual,Second Owner,695000
22,80000,16.1,796.0,37.0,4.0,Maruti,Petrol,Individual,Manual,Third Owner,40000
7,26000,18.0,1497.0,117.3,5.0,Honda,Petrol,Individual,Automatic,First Owner,1100000
14,220000,11.5,2982.0,171.0,7.0,Toyota,Diesel,Individual,Manual,Second Owner,1050000
6,40000,20.62,1198.0,67.0,7.0,Datsun,Petrol,Individual,Manual,First Owner,475000
10,114000,19.01,1461.0,108.45,5.0,Renault,Diesel,Individual,Manual,First Owner,600000
10,77000,12.55,2982.0,168.5,7.0,Toyota,Diesel,Dealer,Manual,First Owner,1500000
7,80000,16.5,1493.0,70.0,7.0,Mahindra,Diesel,Individual,Manual,First Owner,660000
6,60000,22.54,1396.0,88.76,5.0,Hyundai,Diesel,Individual,Manual,First Owner,850000
10,80000,21.1,814.0,55.2,5.0,Hyundai,Petrol,Individual,Manual,Second Owner,250000
13,110000,17.0,1405.0,71.0,5.0,Tata,Diesel,Individual,Manual,Second Owner,200000
12,70000,21.64,1461.0,84.8,5.0,Nissan,Diesel,Individual,Manual,Second Owner,295000
9,110000,26.59,1248.0,74.0,5.0,Maruti,Diesel,Individual,Manual,First Owner,550000
8,69500,12.99,2494.0,100.6,8.0,Toyota,Diesel,Individual,Manual,Second Owner,1151000
12,64000,16.52,1991.0,123.7,5.0,Chevrolet,Diesel,Individual,Manual,First Owner,400000
8,40000,23.84,1199.0,84.0,5.0,Tata,Petrol,Individual,Manual,First Owner,399000
19,130000,13.0,1343.0,90.0,5.0,Honda,Petrol,Individual,Manual,First Owner,55000
18,168000,18.9,998.0,67.1,5.0,Maruti,Petrol,Individual,Manual,Second Owner,90000
13,120000,17.6,1496.0,88.7,5.0,Toyota,Petrol,Individual,Manual,Third Owner,300000
12,80000,19.87,1461.0,83.8,5.0,Renault,Diesel,Individual,Manual,First Owner,450000
15,110000,16.5,995.0,63.0,5.0,Chevrolet,Petrol,Individual,Manual,Third Owner,60000
10,60000,17.68,1968.0,174.33,5.0,Audi,Diesel,Individual,Automatic,First Owner,2200000
8,70000,24.3,1248.0,88.5,5.0,Maruti,Diesel,Individual,Manual,First Owner,640000
16,163000,17.8,1399.0,68.0,5.0,Ford,Diesel,Individual,Manual,First Owner,200000
5,15000,20.14,1197.0,81.86,5.0,Hyundai,Petrol,Individual,Manual,First Owner,570000
7,70000,20.85,1197.0,83.14,5.0,Maruti,Petrol,Individual,Manual,First Owner,525000
7,101000,22.77,1498.0,98.59,5.0,Ford,Diesel,Individual,Manual,First Owner,934000
11,110000,18.6,1199.0,79.4,5.0,Chevrolet,Petrol,Individual,Manual,Second Owner,140000
13,260000,12.05,2179.0,120.0,8.0,Mahindra,Diesel,Individual,Manual,Fourth & Above Owner,550000
14,120000,12.8,2494.0,102.0,8.0,Toyota,Diesel,Individual,Manual,Second Owner,525000
5,30000,20.3,1086.0,68.0,5.0,Hyundai,Petrol,Individual,Manual,First Owner,458000
11,80000,21.1,814.0,55.2,5.0,Hyundai,Petrol,Individual,Manual,First Owner,200000
8,143200,25.83,1498.0,99.0,5.0,Ford,Diesel,Individual,Manual,First Owner,500000
6,15000,18.6,1197.0,81.83,5.0,Hyundai,Petrol,Individual,Manual,First Owner,610000
15,70000,14.2,1597.0,92.0,5.0,Ford,Petrol,Individual,Manual,Second Owner,180000
5,6500,20.0,999.0,72.0,7.0,Renault,Petrol,Individual,Manual,First Owner,700000
7,30000,25.32,1198.0,77.0,6.0,Mahindra,Diesel,Individual,Manual,First Owner,400000
7,25000,22.7,799.0,53.64,5.0,Datsun,Petrol,Individual,Manual,First Owner,235000
8,70000,19.67,1582.0,126.2,5.0,Hyundai,Diesel,Individual,Manual,First Owner,1100000
8,30000,23.01,999.0,67.0,5.0,Renault,Petrol,Individual,Manual,Third Owner,270000
7,70000,24.3,1248.0,88.5,5.0,Maruti,Diesel,Individual,Manual,First Owner,670000
11,140000,18.88,1995.0,184.0,5.0,Bmw,Diesel,Individual,Automatic,Second Owner,1300000
10,110000,14.0,2523.0,75.0,8.0,Mahindra,Diesel,Individual,Manual,First Owner,540000
11,60000,20.77,1248.0,88.8,7.0,Maruti,Diesel,Individual,Manual,Third Owner,600000
5,40000,24.3,1248.0,88.5,5.0,Maruti,Diesel,Individual,Manual,First Owner,900000
13,30000,19.81,1086.0,68.05,5.0,Hyundai,Petrol,Individual,Manual,First Owner,300000
7,31596,17.0,1497.0,121.36,5.0,Ford,Petrol,Dealer,Manual,First Owner,570000
8,60000,18.16,1196.0,86.8,5.0,Ford,Petrol,Individual,Manual,First Owner,370000
24,250000,,,,,Toyota,Diesel,Individual,Manual,Fourth & Above Owner,100000
12,70000,20.92,998.0,67.1,5.0,Maruti,Petrol,Individual,Manual,Second Owner,200000
16,90000,,,,,Maruti,Diesel,Individual,Manual,Second Owner,250000
11,100000,15.1,1196.0,73.0,7.0,Maruti,Petrol,Individual,Manual,Third Owner,204999
12,103994,20.0,1399.0,68.0,5.0,Ford,Diesel,Individual,Manual,Fourth & Above Owner,320000
13,80000,15.37,1196.0,73.0,5.0,Maruti,Petrol,Individual,Manual,Third Owner,150000
14,95000,19.7,796.0,46.3,5.0,Maruti,Petrol,Individual,Manual,Third Owner,135000
14,48000,15.8,1172.0,65.0,5.0,Tata,Petrol,Individual,Manual,First Owner,300000
17,58000,16.8,1493.0,110.0,5.0,Hyundai,Diesel,Dealer,Manual,Second Owner,212000
10,70000,20.51,998.0,67.04,5.0,Maruti,Petrol,Individual,Manual,First Owner,320000
17,60000,19.7,796.0,46.3,5.0,Maruti,Petrol,Individual,Manual,Second Owner,128000
16,60000,19.7,796.0,46.3,5.0,Maruti,Petrol,Individual,Manual,First Owner,129000
10,70000,22.9,1248.0,74.0,5.0,Maruti,Diesel,Individual,Manual,Second Owner,440000
16,70000,18.0,995.0,62.0,5.0,Chevrolet,Petrol,Individual,Manual,First Owner,45000
11,47000,21.1,814.0,55.2,5.0,Hyundai,Petrol,Individual,Manual,Second Owner,215000
9,58000,17.19,1197.0,81.86,5.0,Hyundai,Petrol,Individual,Manual,First Owner,500000
12,100000,21.1,814.0,55.2,5.0,Hyundai,Petrol,Individual,Manual,First Owner,190000
9,20000,22.74,796.0,47.3,5.0,Maruti,Petrol,Individual,Manual,First Owner,235000
5,5000,23.84,1199.0,84.0,5.0,Tata,Petrol,Individual,Manual,First Owner,500000
7,40000,28.4,1248.0,74.02,5.0,Maruti,Diesel,Individual,Manual,First Owner,754000
18,80000,,,,,Hyundai,Petrol,Individual,Manual,Second Owner,145000
15,110000,18.2,1061.0,64.0,5.0,Maruti,Petrol,Individual,Manual,Second Owner,120000
9,156975,15.96,2523.0,62.1,9.0,Mahindra,Diesel,Individual,Manual,First Owner,459999
14,65000,18.9,1061.0,67.0,5.0,Maruti,Petrol,Individual,Manual,First Owner,200000
16,80000,17.3,1061.0,57.5,5.0,Maruti,LPG,Individual,Manual,Second Owner,148000
11,65000,17.92,1086.0,62.1,5.0,Hyundai,Petrol,Individual,Manual,First Owner,180000
9,70000,13.58,2499.0,72.4,9.0,Chevrolet,Diesel,Individual,Manual,First Owner,425000
6,20000,20.38,1968.0,143.0,5.0,Audi,Diesel,Individual,Automatic,First Owner,3000000
21,157138,10.5,2179.0,120.0,7.0,Mahindra,Diesel,Individual,Manual,Third Owner,195000
12,163720,18.5,1399.0,68.0,5.0,Ford,Diesel,Dealer,Manual,First Owner,195000
7,38000,23.01,999.0,67.0,5.0,Renault,Petrol,Individual,Manual,First Owner,325000
9,70000,15.4,2179.0,120.0,7.0,Mahindra,Diesel,Individual,Manual,Third Owner,900000
6,10200,17.4,1497.0,117.6,5.0,Honda,Petrol,Individual,Manual,First Owner,949000
15,138000,19.3,1248.0,73.9,5.0,Maruti,Diesel,Individual,Manual,Second Owner,185000
9,80000,23.59,1364.0,67.05,5.0,Toyota,Diesel,Individual,Manual,Second Owner,525000
12,80000,15.1,2179.0,140.0,7.0,Mahindra,Diesel,Individual,Manual,Third Owner,650000
13,50000,17.92,1086.0,62.1,5.0,Hyundai,Petrol,Individual,Manual,Third Owner,170000
14,151000,11.5,2982.0,171.0,7.0,Toyota,Diesel,Individual,Manual,Second Owner,800000
10,90000,22.9,1248.0,74.0,5.0,Maruti,Diesel,Individual,Manual,First Owner,530000
12,97000,22.9,1248.0,74.0,5.0,Maruti,Diesel,Individual,Manual,Third Owner,450000
7,30000,23.1,998.0,67.04,5.0,Maruti,Petrol,Individual,Automatic,Second Owner,400000
5,25000,16.3,1956.0,170.63,5.0,Jeep,Diesel,Dealer,Manual,First Owner,2150000
15,105000,17.8,1248.0,75.0,5.0,Maruti,Diesel,Individual,Manual,Second Owner,250000
14,250000,13.93,2179.0,138.0,7.0,Tata,Diesel,Individual,Manual,First Owner,295000
23,80000,,,,,Hyundai,Petrol,Individual,Manual,Second Owner,33983
9,120000,20.34,1498.0,103.2,5.0,Volkswagen,Diesel,Individual,Manual,Second Owner,550000
11,35000,22.74,796.0,47.3,5.0,Maruti,Petrol,Individual,Manual,First Owner,215000
9,25000,17.57,1193.0,88.7,5.0,Tata,Petrol,Individual,Manual,First Owner,330000
13,90000,,,,,Toyota,Diesel,Individual,Manual,Third Owner,400000
5,12000,20.0,999.0,72.0,7.0,Renault,Petrol,Individual,Manual,First Owner,580000
7,40000,24.7,796.0,47.3,5.0,Maruti,Petrol,Individual,Manual,First Owner,254000
6,27000,20.14,1498.0,88.0,5.0,Volkswagen,Diesel,Individual,Manual,First Owner,681000
6,21000,18.15,1198.0,82.0,6.0,Mahindra,Petrol,Individual,Manual,Second Owner,535000
21,62000,16.1,796.0,37.0,4.0,Maruti,Petrol,Individual,Manual,First Owner,42000
11,80000,22.07,1199.0,73.9,5.0,Volkswagen,Diesel,Individual,Manual,Third Owner,350000
10,120000,15.96,2523.0,62.1,7.0,Mahindra,Diesel,Individual,Manual,First Owner,509999
13,80000,19.81,1086.0,68.05,5.0,Hyundai,Petrol,Individual,Manual,Second Owner,225000
9,125000,23.59,1364.0,67.05,5.0,Toyota,Diesel,Individual,Manual,First Owner,500000
10,70195,28.4,1248.0,74.02,5.0,Maruti,Diesel,Dealer,Manual,Second Owner,434999
9,40000,15.96,2523.0,62.1,7.0,Mahindra,Diesel,Individual,Manual,Second Owner,610000
12,360003,18.9,998.0,67.1,5.0,Maruti,Petrol,Individual,Manual,Second Owner,220000
7,44077,17.01,1499.0,110.5,5.0,Ford,Petrol,Dealer,Automatic,First Owner,570000
17,135000,17.0,1405.0,70.0,5.0,Tata,Diesel,Individual,Manual,First Owner,120000
15,140000,19.3,1248.0,73.9,5.0,Maruti,Diesel,Individual,Manual,Second Owner,280000
8,38000,15.37,1196.0,73.0,5.0,Maruti,Petrol,Individual,Manual,First Owner,392000
14,90000,14.0,1948.0,90.0,9.0,Tata,Diesel,Individual,Manual,First Owner,235000
7,25000,22.0,1197.0,81.8,5.0,Maruti,Petrol,Individual,Manual,First Owner,625000
12,120000,21.1,814.0,55.2,5.0,Hyundai,LPG,Individual,Manual,First Owner,222000
9,35000,16.02,1373.0,93.7,7.0,Maruti,Petrol,Individual,Manual,First Owner,700000
14,80000,11.96,1298.0,80.0,8.0,Maruti,Petrol,Individual,Manual,First Owner,350000
9,170000,12.99,2494.0,100.6,7.0,Toyota,Diesel,Individual,Manual,First Owner,1400000
11,144000,21.9,1396.0,88.8,5.0,Hyundai,Diesel,Individual,Manual,First Owner,350000
6,25000,17.4,1197.0,81.86,5.0,Hyundai,Petrol,Individual,Automatic,Second Owner,700000
15,70000,10.9,2499.0,143.0,7.0,Ford,Diesel,Individual,Manual,Third Owner,480000
5,18000,21.21,1197.0,81.8,5.0,Maruti,Petrol,Individual,Manual,First Owner,610000
12,80000,18.9,998.0,67.1,5.0,Maruti,Petrol,Individual,Manual,Second Owner,225000
14,90000,20.36,1197.0,78.9,5.0,Hyundai,Petrol,Individual,Manual,Third Owner,170000
7,30000,18.6,1197.0,81.83,5.0,Hyundai,Petrol,Individual,Manual,First Owner,630000
17,120000,18.1,1493.0,110.0,5.0,Hyundai,Diesel,Individual,Manual,Second Owner,245000
10,67000,28.4,1248.0,74.0,5.0,Maruti,Diesel,Dealer,Manual,First Owner,490000
7,54000,24.7,796.0,47.3,5.0,Maruti,Petrol,Individual,Manual,First Owner,310000
5,10000,18.6,1197.0,81.86,5.0,Hyundai,Petrol,Individual,Manual,First Owner,590000
7,15000,25.83,1498.0,99.0,5.0,Ford,Diesel,Individual,Manual,First Owner,550000
4,16000,33.0,796.0,47.3,5.0,Maruti,CNG,Individual,Manual,First Owner,370000
16,195000,19.7,796.0,46.3,5.0,Maruti,Petrol,Individual,Manual,Second Owner,100000
27,186388,14.8,1298.0,80.0,8.0,Maruti,Petrol,Individual,Manual,Second Owner,300000
9,150546,22.0,1197.0,81.8,5.0,Maruti,Petrol,Dealer,Manual,First Owner,500000
7,30000,17.36,1197.0,81.86,5.0,Hyundai,Petrol,Individual,Automatic,First Owner,580000
6,10000,24.7,796.0,47.3,5.0,Maruti,Petrol,Individual,Manual,First Owner,310000
8,50000,18.9,1197.0,82.0,5.0,Hyundai,Petrol,Individual,Manual,First Owner,500000
7,45000,15.4,2179.0,120.0,7.0,Mahindra,Diesel,Individual,Manual,First Owner,1100000
12,72000,17.5,1197.0,85.8,5.0,Maruti,Petrol,Individual,Manual,Second Owner,350000
17,207890,13.6,2523.0,63.0,7.0,Mahindra,Diesel,Individual,Manual,Second Owner,210000
8,120000,10.91,3198.0,197.0,7.0,Ford,Diesel,Individual,Automatic,Second Owner,2280000
11,67082,21.21,1197.0,81.8,5.0,Maruti,Petrol,Dealer,Manual,Second Owner,371000
11,37000,20.36,1197.0,78.9,5.0,Hyundai,Petrol,Dealer,Manual,First Owner,291000
12,120000,23.2,1248.0,73.94,5.0,Maruti,Diesel,Individual,Manual,First Owner,229999
11,84000,16.96,1968.0,138.03,5.0,Volkswagen,Diesel,Individual,Automatic,Second Owner,850000
8,40000,16.2,1199.0,74.0,5.0,Volkswagen,Petrol,Individual,Manual,Second Owner,395000
6,35000,27.39,1248.0,74.0,5.0,Maruti,Diesel,Individual,Manual,First Owner,750000
16,100000,16.8,1405.0,62.0,5.0,Tata,Diesel,Individual,Manual,First Owner,70000
13,90000,19.7,796.0,46.3,5.0,Maruti,Petrol,Individual,Manual,First Owner,225000
30,60000,16.1,796.0,37.0,4.0,Maruti,Petrol,Individual,Manual,First Owner,45000
10,70000,23.4,1248.0,74.0,5.0,Maruti,Diesel,Individual,Manual,Second Owner,600000
17,152000,10.5,2609.0,120.0,9.0,Mahindra,Diesel,Individual,Manual,Fourth & Above Owner,200000
14,87000,,,,,Tata,Diesel,Individual,Manual,First Owner,180000
9,59235,19.67,1582.0,126.2,5.0,Hyundai,Diesel,Dealer,Manual,First Owner,850000
15,54000,19.7,796.0,46.3,5.0,Maruti,Petrol,Individual,Manual,First Owner,155000
8,22522,16.0,2179.0,140.0,7.0,Mahindra,Diesel,Dealer,Manual,First Owner,1025000
9,40000,17.6,1582.0,126.2,5.0,Hyundai,Diesel,Dealer,Automatic,First Owner,910000
7,40000,20.51,998.0,67.04,5.0,Maruti,Petrol,Individual,Manual,First Owner,475000
13,70000,13.45,1086.0,62.1,5.0,Hyundai,LPG,Individual,Manual,First Owner,191000
14,60000,16.8,1497.0,118.0,5.0,Honda,Petrol,Individual,Automatic,Second Owner,321000
13,81500,14.84,2143.0,167.62,5.0,Mercedes-Benz,Diesel,Individual,Automatic,Second Owner,1350000
12,90000,22.9,1248.0,74.0,5.0,Maruti,Diesel,Individual,Manual,First Owner,325000
14,70000,26.2,998.0,58.2,5.0,Maruti,LPG,Individual,Manual,Second Owner,150000
7,72000,13.93,2179.0,138.03,7.0,Tata,Diesel,Individual,Manual,First Owner,625000
9,40000,17.57,1193.0,88.7,5.0,Tata,Petrol,Individual,Manual,First Owner,450000
11,117000,11.18,2696.0,184.0,7.0,Mahindra,Diesel,Dealer,Automatic,First Owner,800000
22,100000,17.3,993.0,60.0,5.0,Maruti,Petrol,Individual,Manual,Second Owner,55000
8,72000,,,,,Maruti,Diesel,Dealer,Manual,First Owner,565000
11,100000,19.01,1461.0,108.45,5.0,Renault,Diesel,Individual,Manual,Second Owner,345000
6,14681,,,,,Ford,Diesel,Dealer,Manual,First Owner,624000
11,69000,21.9,1396.0,88.76,5.0,Hyundai,Diesel,Individual,Manual,First Owner,451999
11,100000,12.99,2494.0,100.6,8.0,Toyota,Diesel,Individual,Manual,First Owner,800000
7,40000,19.49,1198.0,67.04,5.0,Nissan,Petrol,Individual,Manual,First Owner,370000
9,120000,19.1,1405.0,70.0,5.0,Tata,Diesel,Individual,Manual,Second Owner,229999
7,15000,21.1,814.0,55.2,5.0,Hyundai,Petrol,Individual,Manual,Second Owner,320000
5,7000,18.9,1197.0,81.86,5.0,Hyundai,Petrol,Individual,Automatic,First Owner,567000
6,25000,17.0,1198.0,108.5,5.0,Tata,Petrol,Individual,Manual,First Owner,750000
10,120000,15.1,2179.0,140.0,7.0,Mahindra,Diesel,Individual,Manual,First Owner,850000
10,72000,19.1,1197.0,85.8,5.0,Maruti,Petrol,Individual,Manual,First Owner,480000
6,60000,21.5,1497.0,108.5,5.0,Tata,Diesel,Individual,Manual,First Owner,860000
5,53534,15.96,2523.0,62.1,7.0,Mahindra,Diesel,Individual,Manual,First Owner,670000
12,40000,18.5,1198.0,86.8,5.0,Honda,Petrol,Dealer,Manual,First Owner,325000
9,55000,20.36,1197.0,78.9,5.0,Hyundai,Petrol,Individual,Manual,First Owner,280000
9,60000,15.4,1997.0,120.0,7.0,Mahindra,Diesel,Individual,Manual,First Owner,630000
14,120000,13.6,2523.0,63.0,7.0,Mahindra,Diesel,Individual,Manual,Second Owner,315000
15,120000,19.7,796.0,46.3,5.0,Maruti,Petrol,Individual,Manual,First Owner,120000
11,90000,16.02,1373.0,93.7,7.0,Maruti,Petrol,Individual,Manual,First Owner,430000
5,16500,21.01,1197.0,81.8,5.0,Maruti,Petrol,Individual,Manual,First Owner,675000
6,27000,15.8,1591.0,121.3,5.0,Hyundai,Petrol,Individual,Manual,First Owner,1200000
16,180000,17.8,1399.0,67.0,5.0,Ford,Diesel,Individual,Manual,Second Owner,190000
17,120000,17.7,1497.0,78.0,5.0,Honda,Petrol,Individual,Manual,Second Owner,138000
10,110000,20.8,1461.0,65.0,5.0,Mahindra,Diesel,Individual,Manual,First Owner,250000
6,17000,20.51,998.0,67.04,5.0,Maruti,Petrol,Individual,Manual,First Owner,440000
12,155000,12.8,2494.0,102.0,8.0,Toyota,Diesel,Dealer,Manual,First Owner,911000
10,37000,16.95,1498.0,97.7,5.0,Nissan,Petrol,Individual,Manual,First Owner,550000
11,83000,23.08,1461.0,63.1,5.0,Nissan,Diesel,Individual,Manual,First Owner,400000
13,120000,14.0,2523.0,75.0,8.0,Mahindra,Diesel,Individual,Manual,Second Owner,385000
8,30000,19.64,1461.0,108.45,5.0,Renault,Diesel,Individual,Manual,First Owner,650000
9,80000,15.4,2179.0,120.0,7.0,Mahindra,Diesel,Individual,Manual,Second Owner,950000
5,12584,16.55,2498.0,105.0,6.0,Mahindra,Diesel,Dealer,Manual,First Owner,975000
12,50000,20.92,998.0,67.1,5.0,Maruti,Petrol,Individual,Manual,First Owner,229999
9,80000,16.02,1373.0,93.7,7.0,Maruti,Petrol,Individual,Manual,First Owner,570000
6,27000,17.05,1995.0,184.0,5.0,Bmw,Diesel,Dealer,Automatic,First Owner,2850000
5,2000,27.28,1047.0,69.0,5.0,Tata,Diesel,Individual,Manual,First Owner,670000
13,30000,20.92,998.0,67.1,5.0,Maruti,Petrol,Individual,Manual,First Owner,225000
9,50000,20.51,998.0,67.04,5.0,Maruti,Petrol,Individual,Manual,Second Owner,350000
8,80000,20.51,998.0,67.04,5.0,Maruti,Petrol,Individual,Manual,First Owner,350000
13,70000,20.0,1399.0,68.0,5.0,Ford,Diesel,Individual,Manual,Second Owner,204999
5,10000,25.17,799.0,53.3,5.0,Renault,Petrol,Individual,Manual,First Owner,395000
9,33000,20.73,1373.0,91.1,5.0,Maruti,Petrol,Individual,Manual,First Owner,610000
8,85000,24.4,1499.0,98.96,5.0,Ford,Diesel,Dealer,Manual,First Owner,650000
6,50000,24.7,796.0,47.3,5.0,Maruti,Petrol,Individual,Manual,First Owner,350000
8,50000,26.6,998.0,58.16,5.0,Maruti,CNG,Individual,Manual,First Owner,360000
5,28000,18.9,1197.0,81.86,5.0,Hyundai,Petrol,Individual,Automatic,First Owner,550000
11,101000,21.9,1396.0,88.76,5.0,Hyundai,Diesel,Dealer,Manual,First Owner,425000
15,100000,17.7,1399.0,68.0,5.0,Ford,Diesel,Individual,Manual,Fourth & Above Owner,150000
6,27000,17.09,2993.0,261.4,4.0,Bmw,Diesel,Dealer,Automatic,First Owner,6000000
14,80000,20.36,1197.0,78.9,5.0,Hyundai,Petrol,Individual,Manual,Third Owner,165000
12,200000,15.1,2179.0,140.0,7.0,Mahindra,Diesel,Individual,Manual,Fourth & Above Owner,500000
11,40000,21.1,814.0,55.2,5.0,Hyundai,Petrol,Individual,Manual,First Owner,200000
11,50000,20.77,1248.0,88.8,7.0,Maruti,Diesel,Individual,Manual,Second Owner,600000
15,110000,15.0,1586.0,104.68,5.0,Maruti,Petrol,Individual,Manual,Third Owner,200000
13,90000,14.94,2143.0,204.0,5.0,Mercedes-Benz,Diesel,Dealer,Automatic,First Owner,1000000
8,40000,22.74,796.0,47.3,5.0,Maruti,Petrol,Individual,Manual,First Owner,220000
10,53473,23.95,998.0,67.05,5.0,Maruti,Petrol,Individual,Manual,First Owner,229999
10,70000,15.96,2523.0,62.1,7.0,Mahindra,Diesel,Individual,Manual,First Owner,550000
11,77000,22.9,1248.0,74.0,5.0,Maruti,Diesel,Individual,Manual,First Owner,375000
10,120000,20.45,1461.0,83.8,5.0,Renault,Diesel,Individual,Manual,First Owner,520000
14,120000,17.0,1405.0,71.0,5.0,Tata,Diesel,Individual,Manual,First Owner,180000
5,27000,28.4,1248.0,74.02,5.0,Maruti,Diesel,Individual,Manual,First Owner,770000
14,180000,19.0,998.0,67.1,5.0,Maruti,Petrol,Individual,Manual,Second Owner,100000
12,70000,18.5,1197.0,85.8,5.0,Maruti,Petrol,Individual,Manual,Second Owner,275000
7,75000,26.59,1248.0,74.0,5.0,Maruti,Diesel,Individual,Manual,First Owner,650000
7,70000,15.04,2755.0,174.5,7.0,Toyota,Diesel,Individual,Automatic,First Owner,3100000
11,90000,15.96,2523.0,62.1,7.0,Mahindra,Diesel,Individual,Manual,Second Owner,400000
8,100000,22.54,1396.0,88.73,5.0,Hyundai,Diesel,Individual,Manual,First Owner,700000
12,102000,12.8,2494.0,102.0,8.0,Toyota,Diesel,Individual,Manual,Second Owner,800000
9,120000,24.5,1498.0,98.6,7.0,Honda,Diesel,Individual,Manual,Second Owner,550000
12,86000,19.01,1461.0,108.45,5.0,Renault,Diesel,Individual,Manual,First Owner,550000
6,65000,25.4,1186.0,73.97,5.0,Hyundai,Diesel,Individual,Manual,First Owner,600000
18,120000,13.1,1795.0,127.0,5.0,Hyundai,Petrol,Individual,Automatic,First Owner,140000
8,25000,22.74,796.0,47.3,5.0,Maruti,Petrol,Individual,Manual,First Owner,300000
15,70000,18.9,1061.0,67.0,5.0,Maruti,Petrol,Individual,Manual,Second Owner,142000
7,110000,24.3,1248.0,88.5,5.0,Maruti,Diesel,Individual,Manual,First Owner,813000
12,90000,12.8,2494.0,102.0,8.0,Toyota,Diesel,Individual,Manual,First Owner,750000
7,67000,18.49,1493.0,100.0,7.0,Mahindra,Diesel,Individual,Manual,Second Owner,660000
12,86000,14.0,2498.0,112.0,8.0,Mahindra,Diesel,Individual,Manual,First Owner,310000
7,43000,28.4,1248.0,74.02,5.0,Maruti,Diesel,Individual,Manual,First Owner,625000
7,80000,22.95,1248.0,74.0,5.0,Tata,Diesel,Individual,Manual,First Owner,280000
9,67000,20.4,1248.0,91.7,5.0,Fiat,Diesel,Individual,Manual,First Owner,375000
17,100000,18.9,1061.0,67.0,5.0,Maruti,Petrol,Individual,Manual,Third Owner,125000
7,90000,15.96,2523.0,62.1,7.0,Mahindra,Diesel,Individual,Manual,Second Owner,760000
7,60000,14.1,2179.0,147.94,7.0,Tata,Diesel,Individual,Manual,First Owner,800000
14,120000,23.0,1396.0,90.0,5.0,Hyundai,Diesel,Individual,Manual,Third Owner,215000
9,170000,26.59,1248.0,74.0,5.0,Maruti,Diesel,Individual,Manual,First Owner,370000
11,86300,16.8,1497.0,116.3,5.0,Honda,Petrol,Dealer,Manual,First Owner,425000
8,21446,16.8,1497.0,116.3,5.0,Honda,Petrol,Dealer,Manual,First Owner,825000
12,12000,16.84,1193.0,64.4,5.0,Tata,Petrol,Individual,Manual,First Owner,75000
10,60175,18.2,1199.0,82.5,5.0,Chevrolet,Petrol,Individual,Manual,First Owner,300000
5,15000,20.89,1197.0,81.8,5.0,Maruti,Petrol,Individual,Manual,First Owner,500000
12,100000,19.4,1405.0,70.0,5.0,Tata,Diesel,Individual,Manual,Second Owner,180000
8,35000,22.74,796.0,47.3,5.0,Maruti,Petrol,Individual,Manual,First Owner,270000
5,35700,28.4,1248.0,74.02,5.0,Maruti,Diesel,Dealer,Manual,First Owner,800000
14,135000,14.0,2498.0,112.0,8.0,Mahindra,Diesel,Individual,Manual,First Owner,265000
9,91500,24.0,1120.0,70.0,5.0,Hyundai,Diesel,Individual,Manual,Second Owner,425000
7,120000,27.28,1047.0,69.0,5.0,Tata,Diesel,Individual,Manual,First Owner,325000
12,135000,21.9,1396.0,88.76,5.0,Hyundai,Diesel,Individual,Manual,First Owner,335000
15,30000,16.5,995.0,63.0,5.0,Chevrolet,Petrol,Individual,Manual,First Owner,200000
11,57000,20.51,998.0,67.04,5.0,Maruti,Petrol,Individual,Manual,Second Owner,300000
21,120000,20.8,1527.0,58.0,5.0,Maruti,Diesel,Individual,Manual,Third Owner,85000
9,80000,20.63,1198.0,67.06,5.0,Datsun,Petrol,Individual,Manual,First Owner,210000
14,100000,15.0,1896.0,105.0,5.0,Volkswagen,Diesel,Individual,Manual,First Owner,400000
8,50000,19.81,1086.0,68.05,5.0,Hyundai,Petrol,Individual,Manual,First Owner,425000
7,51000,19.56,1197.0,81.8,5.0,Maruti,Petrol,Dealer,Automatic,First Owner,750000
15,55768,17.0,1405.0,71.0,5.0,Tata,Diesel,Individual,Manual,First Owner,170000
8,90150,24.3,1248.0,88.5,5.0,Maruti,Diesel,Individual,Manual,First Owner,919999
6,40000,22.0,1197.0,81.8,5.0,Maruti,Petrol,Individual,Manual,First Owner,695000
14,210000,12.2,1994.0,105.3,9.0,Chevrolet,Diesel,Individual,Manual,Fourth & Above Owner,409999
8,30000,23.95,998.0,67.05,5.0,Maruti,Petrol,Individual,Manual,First Owner,330000
16,120000,17.88,1396.0,52.8,5.0,Tata,Diesel,Individual,Manual,Fourth & Above Owner,60000
10,90000,21.21,1498.0,103.2,5.0,Volkswagen,Diesel,Individual,Automatic,Second Owner,411000
12,40000,19.7,796.0,46.3,5.0,Maruti,Petrol,Individual,Manual,First Owner,225000
9,173000,16.0,2179.0,140.0,7.0,Mahindra,Diesel,Individual,Manual,First Owner,850000
7,40000,21.38,1396.0,88.7,5.0,Hyundai,Diesel,Individual,Manual,First Owner,1100000
14,80000,19.81,1086.0,68.05,5.0,Hyundai,Petrol,Individual,Manual,Third Owner,131000
6,14200,18.16,1196.0,86.8,5.0,Ford,Petrol,Individual,Manual,First Owner,550000
12,120000,12.8,2494.0,102.0,8.0,Toyota,Diesel,Individual,Manual,Second Owner,850000
12,50000,20.86,1199.0,75.0,5.0,Skoda,Diesel,Individual,Manual,Second Owner,199000
9,10000,25.17,799.0,53.3,5.0,Renault,Petrol,Individual,Manual,First Owner,300000
5,10000,19.0,1194.0,94.68,5.0,Ford,Petrol,Individual,Manual,First Owner,681000
10,80000,12.55,2982.0,168.5,7.0,Toyota,Diesel,Individual,Manual,Second Owner,1700000
21,70000,13.2,1495.0,94.0,5.0,Hyundai,Petrol,Individual,Manual,Second Owner,59000
11,60000,22.74,796.0,47.3,5.0,Maruti,Petrol,Individual,Manual,Fourth & Above Owner,170000
13,140000,21.1,1248.0,73.9,5.0,Maruti,Diesel,Individual,Manual,First Owner,160000
12,112072,21.64,1461.0,84.8,5.0,Nissan,Diesel,Individual,Manual,First Owner,290000
7,5000,20.14,1197.0,81.86,5.0,Hyundai,Petrol,Individual,Manual,First Owner,600000
11,50000,15.96,2523.0,62.1,7.0,Mahindra,Diesel,Individual,Manual,First Owner,500000
12,77000,15.1,2179.0,140.0,7.0,Mahindra,Diesel,Dealer,Manual,Second Owner,570000
15,30000,18.0,995.0,62.0,5.0,Chevrolet,Petrol,Individual,Manual,First Owner,145000
5,5000,21.21,1197.0,81.8,5.0,Maruti,Petrol,Individual,Manual,First Owner,675000
6,30000,23.0,1498.0,98.96,5.0,Ford,Diesel,Individual,Manual,First Owner,950000
13,75000,25.0,1396.0,69.0,5.0,Tata,Diesel,Dealer,Manual,Second Owner,165000
9,93000,20.85,1197.0,83.14,5.0,Maruti,Petrol,Individual,Manual,Second Owner,540000
20,110000,19.7,796.0,46.3,5.0,Maruti,Petrol,Individual,Manual,Third Owner,90000
20,150000,13.6,2523.0,63.0,7.0,Mahindra,Diesel,Individual,Manual,Second Owner,120000
10,40000,17.92,1086.0,62.1,5.0,Hyundai,Petrol,Individual,Manual,First Owner,220000
7,60000,12.55,2982.0,168.5,7.0,Toyota,Diesel,Dealer,Automatic,Second Owner,2750000
11,21000,18.9,1197.0,81.86,5.0,Hyundai,Petrol,Individual,Manual,First Owner,420000
7,20000,16.3,1956.0,170.0,5.0,Jeep,Diesel,Individual,Manual,Second Owner,1920000
9,50000,20.4,1197.0,83.11,5.0,Maruti,Petrol,Individual,Manual,First Owner,400000
12,110000,13.87,1390.0,75.0,5.0,Mahindra,Petrol,Individual,Manual,Second Owner,180000
11,30000,25.4,624.0,37.48,4.0,Tata,Petrol,Individual,Manual,First Owner,95000
10,100000,19.68,1399.0,67.0,5.0,Ford,Diesel,Individual,Manual,Second Owner,330000
6,25000,24.04,999.0,67.0,5.0,Renault,Petrol,Individual,Automatic,First Owner,400000
9,75262,15.4,2179.0,120.0,7.0,Mahindra,Diesel,Individual,Manual,First Owner,950000
12,100000,16.8,1497.0,116.3,5.0,Honda,Petrol,Individual,Manual,Second Owner,540000
5,20000,32.26,998.0,58.3,4.0,Maruti,CNG,Individual,Manual,First Owner,430000
15,120000,19.3,1248.0,73.9,5.0,Maruti,Diesel,Individual,Manual,Third Owner,225000
7,43000,15.4,1497.0,117.3,7.0,Honda,Petrol,Dealer,Manual,First Owner,700000
8,41000,18.7,1199.0,88.7,5.0,Honda,Petrol,Individual,Manual,First Owner,500000
14,120600,18.9,998.0,67.1,5.0,Maruti,Petrol,Individual,Manual,Second Owner,215000
10,185000,19.5,1248.0,75.0,5.0,Fiat,Diesel,Individual,Manual,Third Owner,280000
15,40000,23.0,1396.0,90.0,5.0,Hyundai,Diesel,Individual,Manual,First Owner,340000
10,70000,26.3,998.0,67.1,5.0,Maruti,CNG,Individual,Manual,Second Owner,235000
14,98000,17.0,1497.0,118.0,5.0,Honda,Petrol,Individual,Manual,Third Owner,360000
6,80000,22.95,1248.0,74.0,5.0,Tata,Diesel,Individual,Manual,First Owner,775000
14,70000,,,,,Maruti,Petrol,Individual,Manual,Second Owner,215000
8,90000,19.09,1405.0,69.01,5.0,Tata,Diesel,Individual,Manual,First Owner,370000
9,20000,21.9,624.0,37.48,4.0,Tata,Petrol,Individual,Automatic,First Owner,250000
7,80000,21.66,1498.0,108.62,5.0,Volkswagen,Diesel,Individual,Manual,First Owner,500000
10,80000,18.9,1197.0,82.0,5.0,Hyundai,Petrol,Individual,Manual,First Owner,378000
7,49957,25.83,1498.0,99.0,5.0,Ford,Diesel,Dealer,Manual,First Owner,700000
7,60000,22.77,1498.0,98.59,5.0,Ford,Diesel,Individual,Manual,First Owner,900000
8,120000,11.0,2179.0,120.0,5.0,Mahindra,Diesel,Individual,Manual,First Owner,750000
7,44500,25.1,1248.0,88.5,5.0,Maruti,Diesel,Individual,Manual,First Owner,800000
12,120000,12.05,2179.0,120.0,9.0,Mahindra,Diesel,Individual,Manual,First Owner,450000
16,60000,11.0,2993.0,235.0,5.0,Bmw,Diesel,Individual,Automatic,Third Owner,830000
9,80000,20.77,1248.0,88.76,7.0,Maruti,Diesel,Individual,Manual,First Owner,640000
9,45000,19.81,1086.0,68.05,5.0,Hyundai,Petrol,Dealer,Manual,Second Owner,351000
12,70000,12.05,2179.0,120.0,8.0,Mahindra,Diesel,Individual,Manual,First Owner,459999
8,210000,25.2,1248.0,74.0,5.0,Maruti,Diesel,Individual,Manual,First Owner,210000
11,60000,16.51,1586.0,103.2,5.0,Maruti,Petrol,Individual,Manual,Third Owner,295000
16,93331,19.81,1086.0,68.05,5.0,Hyundai,Petrol,Individual,Manual,Second Owner,120000
15,120000,19.2,1461.0,65.0,5.0,Mahindra,Diesel,Individual,Manual,Third Owner,125000
6,35278,23.8,1499.0,98.97,5.0,Ford,Diesel,Dealer,Manual,First Owner,700000
14,64000,21.1,1248.0,73.9,5.0,Maruti,Diesel,Individual,Manual,Third Owner,225000
7,6550,18.2,1199.0,88.7,5.0,Honda,Petrol,Individual,Automatic,First Owner,725000
16,40000,20.36,1197.0,78.9,5.0,Hyundai,Petrol,Individual,Manual,First Owner,200000
15,125876,15.0,1586.0,104.68,5.0,Maruti,Petrol,Individual,Manual,Second Owner,250000
5,14000,23.95,998.0,67.05,5.0,Maruti,Petrol,Individual,Automatic,First Owner,380000
16,120000,17.5,1396.0,70.0,5.0,Tata,Diesel,Individual,Manual,Third Owner,50000
8,70000,25.32,1198.0,77.0,6.0,Mahindra,Diesel,Individual,Manual,Second Owner,425000
7,31000,21.1,814.0,55.2,5.0,Hyundai,Petrol,Individual,Manual,Second Owner,280000
6,12800,17.8,1496.0,105.5,5.0,Toyota,Petrol,Individual,Automatic,First Owner,1080000
21,167000,18.9,998.0,67.1,5.0,Maruti,Petrol,Individual,Manual,Second Owner,55000
8,130000,25.32,1198.0,77.0,6.0,Mahindra,Diesel,Individual,Manual,First Owner,400000
13,110000,23.08,1461.0,63.1,5.0,Nissan,Diesel,Individual,Manual,Second Owner,254999
19,100000,13.6,2523.0,63.0,7.0,Mahindra,Diesel,Individual,Manual,Second Owner,150000
6,33000,20.89,1197.0,81.8,5.0,Maruti,Petrol,Dealer,Manual,First Owner,525000
6,13000,20.4,1194.0,94.93,5.0,Ford,Petrol,Individual,Manual,First Owner,690000
5,20000,28.4,1248.0,74.0,5.0,Maruti,Diesel,Individual,Manual,First Owner,690000
20,90000,13.4,1794.0,125.0,5.0,Toyota,Petrol,Individual,Manual,Second Owner,135000
7,20000,20.51,998.0,67.0,5.0,Maruti,Petrol,Individual,Automatic,First Owner,430000
17,60000,,,,,Hyundai,Petrol,Individual,Manual,Third Owner,150000
9,46000,24.5,1498.0,98.6,7.0,Honda,Diesel,Individual,Manual,First Owner,1000000
6,80000,16.5,1493.0,70.0,7.0,Mahindra,Diesel,Individual,Manual,First Owner,890000
8,80000,26.59,1248.0,74.0,5.0,Maruti,Diesel,Individual,Manual,First Owner,690000
12,160000,11.5,2982.0,169.0,7.0,Toyota,Diesel,Individual,Automatic,First Owner,1225000
15,60000,19.7,796.0,46.3,5.0,Maruti,Petrol,Individual,Manual,Third Owner,125000
28,32000,16.1,796.0,37.0,4.0,Maruti,Petrol,Individual,Manual,Second Owner,40000
11,136000,15.96,2523.0,62.1,7.0,Mahindra,Diesel,Individual,Manual,Second Owner,330000
12,100000,23.0,1396.0,90.0,5.0,Hyundai,Diesel,Individual,Manual,Second Owner,321000
5,45000,22.0,1197.0,81.8,5.0,Maruti,Petrol,Individual,Automatic,First Owner,700000
5,15000,20.3,1199.0,84.0,5.0,Tata,Petrol,Individual,Manual,First Owner,550000
14,28000,19.7,796.0,46.3,5.0,Maruti,Petrol,Individual,Manual,Second Owner,130000
12,150000,20.0,1399.0,68.0,5.0,Ford,Diesel,Individual,Manual,First Owner,325000
7,157000,13.68,2393.0,147.8,7.0,Toyota,Diesel,Individual,Manual,First Owner,1680000
9,70000,22.54,1396.0,88.73,5.0,Hyundai,Diesel,Individual,Manual,First Owner,650000
16,90000,13.6,2523.0,63.0,7.0,Mahindra,Diesel,Individual,Manual,First Owner,350000
8,60000,25.17,799.0,53.3,5.0,Renault,Petrol,Individual,Manual,First Owner,260000
8,80000,20.51,998.0,67.04,5.0,Maruti,Petrol,Individual,Manual,Second Owner,330000
6,60000,25.4,1186.0,73.97,5.0,Hyundai,Diesel,Individual,Manual,First Owner,530000
12,70000,12.07,2967.0,241.4,7.0,Audi,Diesel,Individual,Automatic,First Owner,1850000
12,77000,19.3,1248.0,73.9,5.0,Maruti,Diesel,Individual,Manual,Second Owner,310000
9,70000,20.77,1248.0,88.76,7.0,Maruti,Diesel,Individual,Manual,First Owner,650000
15,60000,19.0,998.0,67.1,5.0,Maruti,Petrol,Individual,Manual,First Owner,165000
14,120000,14.0,2498.0,112.0,7.0,Mahindra,Diesel,Individual,Manual,First Owner,300000
8,55000,20.52,1197.0,81.8,5.0,Maruti,Petrol,Dealer,Manual,First Owner,434999
8,38000,24.7,796.0,47.3,5.0,Maruti,Petrol,Dealer,Manual,First Owner,275000
10,70000,24.0,1120.0,70.0,5.0,Hyundai,Diesel,Individual,Manual,Second Owner,350000
8,120000,22.54,1396.0,88.73,5.0,Hyundai,Diesel,Individual,Manual,First Owner,725000
7,20000,18.9,1197.0,81.86,5.0,Hyundai,Petrol,Individual,Manual,First Owner,570000
5,3000,25.4,1186.0,73.97,5.0,Hyundai,Diesel,Individual,Manual,First Owner,700000
8,22947,20.4,1197.0,81.8,5.0,Maruti,Petrol,Individual,Manual,First Owner,500000
11,40000,23.4,1248.0,74.0,5.0,Maruti,Diesel,Individual,Manual,First Owner,530000
16,35000,20.36,1197.0,78.9,5.0,Hyundai,Petrol,Individual,Manual,First Owner,220000
5,20000,21.4,1197.0,83.1,5.0,Maruti,Petrol,Individual,Automatic,First Owner,600000
16,60000,,,,,Maruti,Petrol,Individual,Manual,First Owner,240000
7,30000,17.0,1497.0,121.36,5.0,Ford,Petrol,Individual,Manual,Second Owner,604000
12,90000,19.7,796.0,46.3,5.0,Maruti,Petrol,Individual,Manual,Third Owner,215000
12,120000,15.1,2179.0,140.0,7.0,Mahindra,Diesel,Individual,Manual,Second Owner,675000
9,94385,12.99,2494.0,100.6,8.0,Toyota,Diesel,Dealer,Manual,First Owner,1350000
9,60000,16.02,1373.0,93.7,7.0,Maruti,Petrol,Individual,Manual,Second Owner,423000
15,150000,13.6,2523.0,63.0,7.0,Mahindra,Diesel,Individual,Manual,Second Owner,270000
5,35000,28.4,1248.0,74.02,5.0,Maruti,Diesel,Individual,Manual,First Owner,694000
7,10000,23.95,998.0,67.05,5.0,Maruti,Petrol,Individual,Manual,Second Owner,290000
6,70000,16.5,1493.0,70.0,7.0,Mahindra,Diesel,Individual,Manual,First Owner,750000
13,85700,17.0,1405.0,70.0,5.0,Tata,Diesel,Individual,Manual,Second Owner,175000
12,120000,12.05,2179.0,120.0,9.0,Mahindra,Diesel,Individual,Manual,Second Owner,450000
11,67000,28.4,1248.0,74.0,5.0,Maruti,Diesel,Dealer,Manual,Second Owner,450000
7,53619,24.3,1248.0,88.5,5.0,Maruti,Diesel,Trustmark Dealer,Manual,First Owner,850000
14,30000,19.7,796.0,46.3,5.0,Maruti,Petrol,Individual,Manual,Third Owner,165000
7,46000,21.4,1197.0,83.1,5.0,Maruti,Petrol,Individual,Manual,First Owner,550000
6,40000,16.25,1968.0,148.0,7.0,Skoda,Diesel,Individual,Automatic,First Owner,2800000
10,120000,25.2,1248.0,74.0,5.0,Maruti,Diesel,Individual,Manual,First Owner,395000
19,86000,15.3,1341.0,83.0,5.0,Hyundai,Petrol,Individual,Manual,First Owner,65000
18,60000,16.6,1388.0,68.0,5.0,Ford,Petrol,Individual,Manual,Second Owner,140000
14,120000,16.2,1493.0,110.0,5.0,Hyundai,Diesel,Individual,Manual,Second Owner,195000
14,60000,20.36,1197.0,78.9,5.0,Hyundai,Petrol,Individual,Manual,First Owner,260000
9,43000,20.3,998.0,68.05,5.0,Hyundai,Petrol,Individual,Manual,Second Owner,204999
11,100000,22.1,1248.0,76.9,5.0,Chevrolet,Diesel,Individual,Manual,Second Owner,225000
12,98000,25.44,936.0,57.6,5.0,Chevrolet,Diesel,Individual,Manual,First Owner,155000
12,40000,16.47,1198.0,73.9,5.0,Volkswagen,Petrol,Individual,Manual,First Owner,310000
9,90000,24.4,1120.0,71.01,5.0,Hyundai,Diesel,Individual,Manual,First Owner,509999
16,120000,19.81,1086.0,68.05,5.0,Hyundai,Petrol,Individual,Manual,Second Owner,130000
14,20000,19.81,1086.0,68.05,5.0,Hyundai,Petrol,Individual,Manual,First Owner,210000
8,100000,13.58,2499.0,72.4,9.0,Chevrolet,Diesel,Individual,Manual,First Owner,900000
12,200000,20.77,1248.0,88.76,7.0,Maruti,Diesel,Individual,Manual,Second Owner,560000
10,50000,13.58,2499.0,72.4,9.0,Chevrolet,Diesel,Individual,Manual,First Owner,500000
7,50000,25.32,1198.0,77.0,6.0,Mahindra,Diesel,Individual,Manual,First Owner,500000
10,70000,20.45,1461.0,83.8,5.0,Nissan,Diesel,Individual,Manual,Third Owner,400000
13,188000,17.8,1248.0,75.0,5.0,Maruti,Diesel,Individual,Manual,Second Owner,305000
12,70000,18.6,1197.0,85.8,5.0,Maruti,Petrol,Individual,Manual,Second Owner,280000
11,110000,20.0,1399.0,68.1,5.0,Ford,Diesel,Individual,Manual,First Owner,250000
17,93000,18.0,995.0,62.0,5.0,Chevrolet,Petrol,Individual,Manual,Third Owner,90000
7,10000,20.3,1199.0,84.0,5.0,Tata,Petrol,Individual,Manual,First Owner,550000
12,90000,21.9,1396.0,88.76,5.0,Hyundai,Diesel,Individual,Manual,Second Owner,360000
7,17000,9.5,3604.0,280.0,5.0,Jeep,Petrol,Individual,Automatic,First Owner,4100000
10,70000,23.4,1248.0,74.0,5.0,Maruti,Diesel,Individual,Manual,Fourth & Above Owner,459999
9,80000,15.4,2523.0,75.0,9.0,Mahindra,Diesel,Individual,Manual,First Owner,720000
14,124316,20.0,1399.0,68.0,5.0,Ford,Diesel,Dealer,Manual,Second Owner,185000
13,110000,20.36,1197.0,78.9,5.0,Hyundai,Petrol,Individual,Manual,Third Owner,190000
12,35000,19.0,998.0,67.1,5.0,Maruti,Petrol,Individual,Manual,Second Owner,195000
12,51856,18.5,1197.0,80.0,5.0,Hyundai,Petrol,Dealer,Manual,Third Owner,320000
8,80000,21.94,1196.0,61.7,5.0,Maruti,CNG,Individual,Manual,First Owner,320000
7,35000,24.29,1498.0,99.0,5.0,Ford,Diesel,Individual,Manual,First Owner,620000
13,84925,16.07,1995.0,181.0,5.0,Bmw,Diesel,Individual,Automatic,First Owner,1500000
13,25000,16.95,1498.0,97.7,5.0,Nissan,Petrol,Individual,Manual,Second Owner,350000
7,50000,23.95,998.0,67.05,5.0,Maruti,Petrol,Individual,Manual,First Owner,330000
5,10000,19.0,1194.0,94.68,5.0,Ford,Petrol,Individual,Manual,First Owner,720000
11,81000,19.01,1461.0,108.45,5.0,Renault,Diesel,Individual,Manual,Second Owner,360000
5,5000,21.21,1197.0,81.8,5.0,Maruti,Petrol,Individual,Manual,First Owner,610000
12,85472,12.05,2179.0,120.0,8.0,Mahindra,Diesel,Dealer,Manual,First Owner,480000
11,109000,19.64,1461.0,108.45,5.0,Renault,Diesel,Individual,Manual,Second Owner,520000
14,73730,18.2,998.0,67.1,5.0,Maruti,Petrol,Dealer,Manual,First Owner,200000
11,189000,21.02,1248.0,88.76,5.0,Tata,Diesel,Individual,Manual,First Owner,260000
17,70000,18.9,1061.0,67.0,5.0,Maruti,Petrol,Individual,Manual,Second Owner,100000
13,150000,11.79,2179.0,120.0,8.0,Mahindra,Diesel,Individual,Automatic,Second Owner,500000
15,60000,17.5,1298.0,85.8,5.0,Maruti,Petrol,Individual,Manual,Third Owner,250000
7,13000,18.6,1197.0,81.83,5.0,Hyundai,Petrol,Individual,Manual,First Owner,666000
7,90000,16.5,1493.0,70.0,7.0,Mahindra,Diesel,Individual,Manual,First Owner,640000
12,80000,13.6,2523.0,63.0,8.0,Mahindra,Diesel,Individual,Manual,Second Owner,320000
11,45000,15.96,2523.0,62.1,7.0,Mahindra,Diesel,Individual,Manual,First Owner,600000
10,60000,20.14,1498.0,88.8,5.0,Volkswagen,Diesel,Individual,Manual,Second Owner,350000
7,120000,17.1,1956.0,170.0,5.0,Jeep,Diesel,Individual,Manual,First Owner,1550000
9,50000,21.1,814.0,55.2,5.0,Hyundai,Petrol,Individual,Manual,First Owner,235000
9,145000,22.7,1582.0,126.2,5.0,Hyundai,Diesel,Individual,Manual,First Owner,900000
14,90000,16.8,1493.0,110.0,5.0,Hyundai,Diesel,Individual,Manual,Second Owner,190000
14,50000,19.0,998.0,66.1,5.0,Maruti,Petrol,Individual,Manual,First Owner,235000
16,80000,17.2,1396.0,53.5,5.0,Tata,Diesel,Individual,Manual,Second Owner,67000
5,20000,24.0,1396.0,88.76,5.0,Hyundai,Diesel,Individual,Manual,First Owner,960000
14,40000,18.6,1199.0,79.4,5.0,Chevrolet,Petrol,Individual,Manual,Second Owner,120000
9,50000,17.43,1396.0,105.5,5.0,Hyundai,Petrol,Individual,Manual,Second Owner,465000
5,40000,19.02,1198.0,67.05,5.0,Datsun,Petrol,Individual,Manual,First Owner,300000
10,30000,19.1,1197.0,85.8,5.0,Maruti,Petrol,Individual,Manual,First Owner,550000
11,70000,15.96,2523.0,62.1,7.0,Mahindra,Diesel,Individual,Manual,Second Owner,500000
17,110000,16.8,1405.0,62.0,5.0,Tata,Diesel,Individual,Manual,Third Owner,80000
8,40000,22.54,1396.0,88.73,5.0,Hyundai,Diesel,Individual,Manual,First Owner,700000
8,100000,20.5,1248.0,91.72,5.0,Fiat,Diesel,Individual,Manual,First Owner,360000
14,120000,18.8,1248.0,90.0,5.0,Tata,Diesel,Individual,Manual,Third Owner,300000
13,15000,19.7,796.0,46.3,5.0,Maruti,Petrol,Individual,Manual,Third Owner,141000
9,97000,25.8,1498.0,98.6,5.0,Honda,Diesel,Individual,Manual,Second Owner,430000
16,80000,16.1,1298.0,88.2,5.0,Maruti,Petrol,Individual,Manual,Third Owner,170000
18,110000,,,,,Maruti,Petrol,Individual,Manual,Third Owner,229999
12,270000,14.07,2956.0,68.4,7.0,Tata,Diesel,Individual,Manual,Third Owner,340000
25,60000,16.1,796.0,37.0,4.0,Maruti,Petrol,Individual,Manual,Second Owner,55000
4,15000,23.84,1199.0,83.83,5.0,Tata,Petrol,Individual,Manual,First Owner,500000
19,82000,,,,,Hyundai,Petrol,Individual,Manual,Fourth & Above Owner,90000
14,110000,17.8,1248.0,75.0,5.0,Maruti,Diesel,Individual,Manual,Third Owner,340000
7,35000,25.2,1248.0,74.0,5.0,Maruti,Diesel,Individual,Manual,Second Owner,640000
12,90000,23.0,1396.0,90.0,5.0,Hyundai,Diesel,Individual,Manual,First Owner,330000
11,120000,23.2,1248.0,73.94,5.0,Maruti,Diesel,Individual,Manual,First Owner,320000
9,135000,25.1,1498.0,98.6,5.0,Honda,Diesel,Individual,Manual,First Owner,630000
12,140000,20.77,1248.0,88.76,7.0,Maruti,Diesel,Individual,Manual,First Owner,350000
5,15000,20.3,1086.0,68.0,5.0,Hyundai,Petrol,Individual,Manual,First Owner,425000
13,168000,12.8,2494.0,102.0,8.0,Toyota,Diesel,Individual,Manual,Second Owner,550000
10,80000,16.8,796.0,34.2,8.0,Maruti,Petrol,Individual,Manual,First Owner,155000
13,80000,17.0,1405.0,71.0,5.0,Tata,Diesel,Individual,Manual,Second Owner,70000
8,110000,21.19,1396.0,88.73,5.0,Hyundai,Diesel,Individual,Manual,First Owner,660000
9,60000,20.45,1461.0,83.8,5.0,Nissan,Diesel,Individual,Manual,Third Owner,480000
12,70000,18.6,1199.0,79.4,5.0,Chevrolet,Petrol,Individual,Manual,Third Owner,120000
8,49900,16.3,1797.0,147.5,5.0,Hyundai,Petrol,Dealer,Manual,First Owner,805000
6,25000,20.51,998.0,67.04,5.0,Maruti,Petrol,Individual,Manual,Second Owner,390000
18,80000,18.9,998.0,67.1,5.0,Maruti,Petrol,Individual,Manual,Third Owner,130000
11,120000,13.58,2499.0,72.4,10.0,Chevrolet,Diesel,Individual,Manual,Second Owner,454000
13,49563,16.2,995.0,62.1,5.0,Chevrolet,Petrol,Dealer,Manual,First Owner,160000
7,42000,16.0,2179.0,140.0,7.0,Mahindra,Diesel,Individual,Manual,Second Owner,1150000
7,50000,20.37,1461.0,108.45,5.0,Renault,Diesel,Individual,Manual,First Owner,900000
11,50000,17.92,1086.0,62.1,5.0,Hyundai,Petrol,Individual,Manual,Second Owner,195000
11,73000,12.99,2494.0,100.0,8.0,Toyota,Diesel,Individual,Manual,First Owner,900000
10,18945,21.1,814.0,55.2,5.0,Hyundai,Petrol,Individual,Manual,First Owner,260000
9,60000,26.21,1248.0,88.5,5.0,Maruti,Diesel,Individual,Manual,First Owner,700000
19,30000,,,,,Mahindra,Diesel,Individual,Manual,Second Owner,400000
9,64000,11.4,2953.0,153.86,7.0,Ford,Diesel,Dealer,Automatic,First Owner,1275000
16,191000,17.92,1086.0,62.1,5.0,Hyundai,Petrol,Individual,Manual,First Owner,120000
8,30000,25.17,799.0,53.3,5.0,Renault,Petrol,Individual,Manual,First Owner,300000
6,23712,28.09,1248.0,88.5,5.0,Maruti,Diesel,Trustmark Dealer,Manual,First Owner,925000
13,110000,17.6,1496.0,88.73,5.0,Toyota,Petrol,Individual,Manual,First Owner,300000
14,225000,14.0,1948.0,90.0,9.0,Tata,Diesel,Individual,Manual,Third Owner,150000
5,40000,23.0,1498.0,98.96,5.0,Ford,Diesel,Individual,Manual,First Owner,869999
15,125000,13.5,1799.0,130.0,5.0,Honda,Petrol,Individual,Manual,Second Owner,220000
9,58945,18.49,1493.0,100.0,7.0,Mahindra,Diesel,Individual,Manual,First Owner,700000
15,70000,17.3,1061.0,64.0,5.0,Maruti,Petrol,Individual,Manual,Second Owner,235000
14,110000,20.0,1399.0,68.0,5.0,Ford,Diesel,Individual,Manual,Second Owner,180000
9,120000,15.4,1997.0,120.0,7.0,Mahindra,Diesel,Individual,Manual,Third Owner,950000
9,50000,20.51,998.0,67.0,5.0,Maruti,Petrol,Individual,Automatic,Second Owner,390000
9,120000,13.0,2494.0,142.0,7.0,Toyota,Diesel,Individual,Manual,First Owner,2000000
12,98500,19.0,998.0,66.1,5.0,Maruti,Petrol,Individual,Manual,Second Owner,235000
18,30000,19.7,796.0,46.3,5.0,Maruti,Petrol,Individual,Manual,Second Owner,120000
9,90000,25.8,1498.0,98.6,5.0,Honda,Diesel,Individual,Manual,Second Owner,455000
11,70000,22.07,1199.0,73.9,5.0,Volkswagen,Diesel,Individual,Manual,Second Owner,350000
22,60000,11.96,1298.0,80.0,8.0,Maruti,Petrol,Individual,Manual,First Owner,350000
9,80000,22.1,1248.0,74.0,5.0,Chevrolet,Diesel,Individual,Manual,Second Owner,480000
6,14495,18.78,999.0,75.0,5.0,Volkswagen,Petrol,Dealer,Manual,First Owner,560000
19,99361,19.7,796.0,46.3,5.0,Maruti,Petrol,Individual,Manual,Second Owner,90000
9,80000,21.1,814.0,55.2,5.0,Hyundai,Petrol,Individual,Manual,First Owner,250000
12,60000,21.02,1248.0,88.76,5.0,Tata,Diesel,Individual,Manual,First Owner,290000
7,50000,20.51,998.0,67.04,5.0,Maruti,Petrol,Individual,Manual,First Owner,400000
14,120000,17.0,1405.0,70.0,5.0,Tata,Diesel,Individual,Manual,First Owner,130000
8,25000,18.7,1199.0,88.7,5.0,Honda,Petrol,Individual,Manual,First Owner,475000
10,50000,19.1,1197.0,85.8,5.0,Maruti,Petrol,Individual,Manual,First Owner,400000
9,80000,26.0,1498.0,98.6,5.0,Honda,Diesel,Individual,Manual,First Owner,650000
13,80000,17.8,1399.0,68.0,5.0,Ford,Diesel,Individual,Manual,Third Owner,170000
14,240000,11.5,2982.0,171.0,7.0,Toyota,Diesel,Individual,Manual,First Owner,900000
8,100000,18.15,1198.0,82.0,5.0,Mahindra,Petrol,Individual,Manual,First Owner,400000
5,2560,24.0,1199.0,83.81,5.0,Tata,Petrol,Individual,Automatic,First Owner,520000
10,50000,18.9,1197.0,82.0,5.0,Hyundai,Petrol,Individual,Manual,Second Owner,380000
7,14000,19.1,1197.0,82.0,5.0,Hyundai,Petrol,Individual,Manual,First Owner,610000
7,18816,17.0,1198.0,73.75,5.0,Volkswagen,Petrol,Dealer,Manual,First Owner,650000
13,79000,21.12,1248.0,88.8,5.0,Tata,Diesel,Individual,Manual,First Owner,325000
11,60000,14.09,1596.0,99.6,5.0,Ford,Petrol,Individual,Manual,Second Owner,250000
6,40000,22.0,1582.0,126.2,5.0,Hyundai,Diesel,Individual,Manual,First Owner,1200000
12,80000,22.32,1582.0,126.32,5.0,Hyundai,Diesel,Individual,Manual,Second Owner,440000
7,47000,19.67,1582.0,126.2,5.0,Hyundai,Diesel,Individual,Manual,Second Owner,1125000
7,110000,22.54,1396.0,88.73,5.0,Hyundai,Diesel,Individual,Manual,First Owner,725000
9,120000,20.77,1248.0,88.76,7.0,Maruti,Diesel,Individual,Manual,Second Owner,700000
10,100000,15.1,2179.0,140.0,7.0,Mahindra,Diesel,Individual,Manual,First Owner,810000
10,110000,23.2,1248.0,73.94,5.0,Maruti,Diesel,Individual,Manual,Third Owner,375000
15,146000,13.93,2179.0,138.0,7.0,Tata,Diesel,Individual,Manual,Second Owner,250000
5,10000,28.4,1248.0,74.02,5.0,Maruti,Diesel,Individual,Manual,First Owner,754000
10,120000,12.99,2494.0,100.6,8.0,Toyota,Diesel,Individual,Manual,First Owner,1100000
10,20000,21.1,814.0,55.2,5.0,Hyundai,Petrol,Individual,Manual,First Owner,250000
14,75000,18.6,1199.0,79.4,5.0,Chevrolet,Petrol,Individual,Manual,First Owner,140000
13,40000,18.9,998.0,67.1,5.0,Maruti,Petrol,Individual,Manual,First Owner,220000
13,170000,11.88,1086.0,62.1,5.0,Hyundai,CNG,Individual,Manual,First Owner,185000
13,100000,20.36,1197.0,78.9,5.0,Hyundai,Petrol,Individual,Manual,Third Owner,215000
11,120000,15.1,1196.0,73.0,5.0,Maruti,Petrol,Individual,Manual,Second Owner,260000
7,15000,18.16,1196.0,86.8,5.0,Ford,Petrol,Individual,Manual,First Owner,500000
13,110000,16.2,1493.0,110.0,5.0,Hyundai,Diesel,Individual,Manual,Second Owner,300000
10,60000,11.0,2982.0,170.3,7.0,Toyota,Diesel,Individual,Automatic,First Owner,3500000
11,120000,15.64,1193.0,64.1,5.0,Tata,Petrol,Individual,Manual,First Owner,210000
8,40000,21.19,1396.0,88.73,5.0,Hyundai,Diesel,Individual,Manual,First Owner,750000
14,100000,13.93,2179.0,138.1,7.0,Tata,Diesel,Individual,Manual,Second Owner,235000
7,30000,20.63,1198.0,67.06,5.0,Datsun,Petrol,Individual,Manual,First Owner,385000
6,5000,21.4,1197.0,83.1,5.0,Maruti,Petrol,Individual,Automatic,First Owner,830000
10,100000,12.99,2494.0,100.6,8.0,Toyota,Diesel,Individual,Manual,Second Owner,900000
7,29029,19.1,1197.0,82.0,5.0,Hyundai,Petrol,Dealer,Manual,First Owner,525000
16,52000,13.9,1599.0,103.2,5.0,Hyundai,Petrol,Individual,Manual,Second Owner,275000
14,94000,20.36,1197.0,78.9,5.0,Hyundai,Petrol,Individual,Manual,Second Owner,210000
10,90000,21.1,814.0,55.2,5.0,Hyundai,Petrol,Individual,Manual,First Owner,280000
13,110000,17.8,1399.0,68.0,5.0,Ford,Diesel,Individual,Manual,Second Owner,260000
6,20000,23.01,999.0,67.0,5.0,Renault,Petrol,Individual,Manual,First Owner,275000
13,91863,15.96,2523.0,62.1,7.0,Mahindra,Diesel,Individual,Manual,Second Owner,370000
8,30000,23.84,1199.0,84.0,5.0,Tata,Petrol,Individual,Manual,First Owner,350000
16,90000,17.8,1248.0,75.0,5.0,Maruti,Diesel,Individual,Manual,Third Owner,195000
7,35000,23.9,1582.0,126.2,5.0,Hyundai,Diesel,Individual,Manual,First Owner,850000
6,40000,22.0,1197.0,81.8,5.0,Maruti,Petrol,Individual,Automatic,First Owner,500000
14,55000,12.3,1781.0,163.2,5.0,Audi,Petrol,Individual,Automatic,Second Owner,730000
11,15000,18.6,1197.0,85.8,5.0,Maruti,Petrol,Individual,Manual,First Owner,350000
17,50000,15.26,1150.0,74.9,5.0,Chevrolet,Petrol,Individual,Manual,Second Owner,102000
6,110000,16.36,2179.0,140.0,7.0,Mahindra,Diesel,Individual,Manual,First Owner,1465000
7,30000,28.4,1248.0,74.02,5.0,Maruti,Diesel,Dealer,Automatic,First Owner,875000
12,80000,16.2,995.0,62.1,5.0,Chevrolet,Petrol,Individual,Manual,First Owner,170000
22,60000,20.8,1527.0,58.0,5.0,Maruti,Diesel,Individual,Manual,Second Owner,120000
7,30400,18.5,1198.0,86.8,5.0,Honda,Petrol,Dealer,Manual,First Owner,480000
10,80000,18.9,1197.0,82.0,5.0,Hyundai,Petrol,Individual,Manual,Second Owner,400000
14,100000,13.6,2523.0,63.0,7.0,Mahindra,Diesel,Individual,Manual,Second Owner,495000
5,38000,28.4,1248.0,74.0,5.0,Maruti,Diesel,Individual,Automatic,First Owner,740000
11,67000,19.1,1197.0,85.8,5.0,Maruti,Petrol,Individual,Manual,First Owner,450000
10,100000,19.1,1197.0,85.8,5.0,Maruti,Petrol,Individual,Manual,Second Owner,400000
9,70000,18.6,1197.0,81.83,5.0,Hyundai,Petrol,Individual,Manual,First Owner,550000
7,70000,17.6,2179.0,153.86,7.0,Tata,Diesel,Individual,Manual,First Owner,1400000
14,170000,15.37,1196.0,73.0,5.0,Maruti,Petrol,Individual,Manual,Third Owner,150000
20,90000,18.9,998.0,67.1,5.0,Maruti,Petrol,Individual,Manual,Third Owner,33351
13,221889,22.32,1582.0,126.32,5.0,Hyundai,Diesel,Dealer,Manual,First Owner,400000
11,25000,14.84,2143.0,170.0,5.0,Mercedes-Benz,Diesel,Individual,Automatic,First Owner,1550000
14,120000,16.8,1493.0,110.0,5.0,Hyundai,Diesel,Individual,Manual,Second Owner,310000
7,35000,23.84,1199.0,84.0,5.0,Tata,Petrol,Individual,Manual,Second Owner,430000
9,110000,18.49,1493.0,100.0,7.0,Mahindra,Diesel,Individual,Manual,Second Owner,430000
24,70000,16.1,796.0,37.0,4.0,Maruti,Petrol,Individual,Manual,Fourth & Above Owner,80000
9,120000,17.4,1497.0,117.3,5.0,Honda,Petrol,Individual,Manual,Second Owner,525000
6,60000,28.4,1248.0,74.02,5.0,Maruti,Diesel,Individual,Automatic,First Owner,730000
11,120000,22.07,1199.0,73.9,5.0,Volkswagen,Diesel,Individual,Manual,Third Owner,250000
11,230000,20.0,1399.0,68.1,5.0,Ford,Diesel,Individual,Manual,First Owner,229999
6,50000,28.4,1248.0,74.02,5.0,Maruti,Diesel,Individual,Manual,First Owner,700000
6,62841,18.6,1197.0,81.83,5.0,Hyundai,Petrol,Trustmark Dealer,Manual,First Owner,650000
5,10000,19.56,1197.0,81.8,5.0,Toyota,Petrol,Individual,Automatic,First Owner,800000
13,108000,22.32,1582.0,126.3,5.0,Hyundai,Diesel,Individual,Manual,First Owner,450000
7,40000,22.54,1396.0,88.73,5.0,Hyundai,Diesel,Individual,Manual,First Owner,700000
15,100000,18.1,1493.0,110.0,5.0,Hyundai,Diesel,Individual,Manual,First Owner,375000
11,120000,22.7,1582.0,126.24,5.0,Hyundai,Diesel,Individual,Manual,First Owner,615000
6,15000,18.25,1968.0,187.74,5.0,Audi,Diesel,Dealer,Automatic,First Owner,2900000
8,55000,26.59,1248.0,74.0,5.0,Maruti,Diesel,Individual,Manual,First Owner,550000
25,110000,,,,,Hyundai,Petrol,Individual,Manual,Second Owner,80000
10,100000,23.95,998.0,67.05,5.0,Maruti,Petrol,Individual,Manual,First Owner,220000
10,27800,14.8,2143.0,120.7,5.0,Mercedes-Benz,Diesel,Dealer,Automatic,Second Owner,1450000
6,30000,16.0,2179.0,140.0,7.0,Mahindra,Diesel,Individual,Manual,First Owner,1500000
17,160000,13.93,2956.0,138.1,7.0,Tata,Diesel,Individual,Manual,Second Owner,280000
12,70000,25.44,936.0,57.6,5.0,Chevrolet,Diesel,Individual,Manual,Second Owner,150000
12,60000,20.0,1399.0,68.0,5.0,Ford,Diesel,Individual,Manual,First Owner,225000
16,200000,13.6,2523.0,63.0,7.0,Mahindra,Diesel,Individual,Manual,First Owner,250000
11,190000,12.99,2494.0,100.6,8.0,Toyota,Diesel,Individual,Manual,First Owner,1000000
7,30000,25.2,1248.0,74.0,5.0,Maruti,Diesel,Individual,Manual,First Owner,660000
5,7500,16.78,1995.0,190.0,5.0,Bmw,Diesel,Dealer,Automatic,First Owner,5800000
8,23700,20.4,1197.0,81.8,5.0,Maruti,Petrol,Individual,Manual,First Owner,470000
25,80000,,,,,Tata,Diesel,Individual,Manual,Third Owner,78000
8,15000,22.74,796.0,47.3,5.0,Maruti,Petrol,Individual,Manual,First Owner,290000
5,10000,20.89,1197.0,81.8,5.0,Maruti,Petrol,Individual,Manual,First Owner,500000
6,60000,20.14,1197.0,81.86,5.0,Hyundai,Petrol,Individual,Manual,First Owner,500000
12,80000,22.9,1248.0,74.0,5.0,Maruti,Diesel,Individual,Manual,Second Owner,325000
7,19723,20.3,1199.0,84.0,5.0,Tata,Petrol,Dealer,Automatic,First Owner,525000
8,25000,23.95,998.0,67.05,5.0,Maruti,Petrol,Individual,Manual,First Owner,300000
10,21000,16.02,1373.0,93.7,7.0,Maruti,Petrol,Individual,Manual,First Owner,610000
9,60000,15.8,1172.0,67.1,5.0,Fiat,Petrol,Individual,Manual,Third Owner,350000
9,80000,25.01,1498.0,89.75,5.0,Ford,Diesel,Individual,Manual,First Owner,590000
8,50000,18.49,1493.0,100.0,7.0,Mahindra,Diesel,Individual,Manual,First Owner,625000
10,80100,19.01,1461.0,108.5,5.0,Nissan,Diesel,Individual,Manual,Second Owner,555000
5,20000,17.0,1197.0,110.0,5.0,Mahindra,Petrol,Individual,Manual,First Owner,1132000
6,59865,15.1,2179.0,152.87,7.0,Mahindra,Diesel,Dealer,Manual,First Owner,1051000
7,70000,18.49,1493.0,100.0,7.0,Mahindra,Diesel,Individual,Manual,First Owner,735000
11,60000,23.5,1498.0,90.0,5.0,Ford,Diesel,Individual,Manual,Second Owner,300000
6,28000,17.0,1198.0,108.5,5.0,Tata,Petrol,Individual,Manual,First Owner,650000
5,15000,22.1,1396.0,88.7,5.0,Hyundai,Diesel,Individual,Manual,First Owner,1000000
9,80000,23.9,1582.0,126.32,5.0,Hyundai,Diesel,Individual,Manual,First Owner,600000
12,80000,,,,,Toyota,Diesel,Individual,Manual,Second Owner,280000
6,37161,22.7,1498.0,89.84,5.0,Ford,Diesel,Dealer,Manual,First Owner,800000
8,34000,24.4,1120.0,71.0,5.0,Hyundai,Diesel,Individual,Manual,Second Owner,590000
6,30000,25.83,1498.0,99.0,5.0,Ford,Diesel,Individual,Manual,First Owner,793000
12,100000,21.5,1248.0,88.8,5.0,Maruti,Diesel,Individual,Manual,Second Owner,300000
13,47000,18.5,1197.0,85.8,5.0,Maruti,Petrol,Individual,Manual,First Owner,190000
9,70000,23.1,998.0,67.04,5.0,Maruti,Petrol,Individual,Manual,Third Owner,330000
13,50000,20.36,1197.0,78.9,5.0,Hyundai,Petrol,Individual,Manual,First Owner,250000
15,220000,12.8,2494.0,102.0,8.0,Toyota,Diesel,Individual,Manual,First Owner,600000
9,16000,18.06,2523.0,63.0,7.0,Mahindra,Diesel,Individual,Manual,First Owner,750000
7,50000,18.2,1248.0,73.74,7.0,Chevrolet,Diesel,Individual,Manual,Second Owner,675000
10,40000,19.0,998.0,66.1,5.0,Maruti,Petrol,Individual,Manual,First Owner,250000
8,80000,20.51,998.0,67.04,5.0,Maruti,Petrol,Individual,Manual,First Owner,390000
13,110000,19.3,1248.0,73.9,5.0,Maruti,Diesel,Individual,Manual,Second Owner,320000
14,100000,19.3,1248.0,73.9,5.0,Maruti,Diesel,Individual,Manual,Second Owner,320000
9,150000,15.4,1997.0,120.0,7.0,Mahindra,Diesel,Individual,Manual,First Owner,650000
15,90000,18.1,1493.0,110.0,5.0,Hyundai,Diesel,Individual,Manual,Second Owner,210000
14,80000,13.2,1495.0,93.7,5.0,Hyundai,LPG,Individual,Manual,First Owner,165000
18,140000,17.7,1497.0,78.0,5.0,Honda,Petrol,Individual,Manual,Third Owner,150000
11,80000,22.32,1582.0,126.3,5.0,Hyundai,Diesel,Individual,Manual,Second Owner,500000
16,70000,17.5,1298.0,85.8,5.0,Maruti,Petrol,Individual,Manual,Fourth & Above Owner,250000
10,132000,22.7,1498.0,89.84,5.0,Ford,Diesel,Dealer,Manual,Second Owner,500000
15,30000,19.09,1396.0,69.0,5.0,Tata,Diesel,Individual,Manual,First Owner,150000
9,110000,14.1,2179.0,147.94,7.0,Tata,Diesel,Individual,Manual,First Owner,503000
6,30000,18.6,1197.0,81.83,5.0,Hyundai,Petrol,Individual,Manual,Second Owner,700000
14,100000,18.8,1248.0,90.0,5.0,Tata,Diesel,Individual,Manual,Second Owner,190000
14,80000,17.5,1298.0,85.8,5.0,Maruti,Petrol,Individual,Manual,Third Owner,231000
15,120000,19.09,1396.0,69.0,5.0,Tata,Diesel,Individual,Manual,Third Owner,114999
12,90000,22.9,1248.0,74.0,5.0,Maruti,Diesel,Individual,Manual,Second Owner,416000
19,90000,17.3,993.0,60.0,5.0,Maruti,Petrol,Individual,Manual,First Owner,85000
13,70000,18.0,995.0,62.0,5.0,Chevrolet,Petrol,Individual,Manual,First Owner,165000
8,50000,16.2,995.0,62.1,5.0,Chevrolet,Petrol,Individual,Manual,Second Owner,160000
9,36600,20.4,1197.0,81.8,5.0,Maruti,Petrol,Individual,Manual,First Owner,515000
9,49900,22.74,796.0,47.3,5.0,Maruti,Petrol,Individual,Manual,Second Owner,270000
10,89100,23.2,1248.0,73.94,5.0,Maruti,Diesel,Individual,Manual,Second Owner,351000
7,30000,23.84,1199.0,84.0,5.0,Tata,Petrol,Individual,Manual,First Owner,380000
12,200000,22.07,1199.0,73.9,5.0,Volkswagen,Diesel,Individual,Manual,First Owner,240000
9,68000,12.99,2494.0,100.6,7.0,Toyota,Diesel,Individual,Manual,First Owner,900000
7,28000,23.84,1199.0,84.0,5.0,Tata,Petrol,Individual,Manual,Second Owner,380000
13,1,15.1,1196.0,73.0,5.0,Maruti,CNG,Individual,Manual,Fourth & Above Owner,209000
9,50000,26.59,1248.0,74.0,5.0,Maruti,Diesel,Individual,Manual,First Owner,590000
7,37333,18.6,1197.0,81.83,5.0,Hyundai,Petrol,Individual,Manual,First Owner,730000
7,50000,25.4,1186.0,73.97,5.0,Hyundai,Diesel,Individual,Manual,First Owner,625000
10,126000,12.05,2179.0,120.0,7.0,Mahindra,Diesel,Individual,Manual,First Owner,550000
8,131111,25.2,1248.0,74.0,5.0,Maruti,Diesel,Individual,Manual,First Owner,595000
16,110000,17.7,1497.0,78.0,5.0,Honda,Petrol,Individual,Manual,Second Owner,185000
11,180000,23.4,1248.0,74.0,5.0,Maruti,Diesel,Individual,Manual,Second Owner,385000
16,40000,18.2,1061.0,64.0,5.0,Maruti,Petrol,Individual,Manual,Second Owner,150000
10,103000,15.96,2523.0,62.1,7.0,Mahindra,Diesel,Individual,Manual,First Owner,550000
14,50000,,,,,Maruti,Petrol,Individual,Manual,First Owner,160000
8,41000,19.16,2494.0,157.7,5.0,Toyota,Petrol,Dealer,Automatic,First Owner,1900000
15,80000,18.0,995.0,62.0,5.0,Chevrolet,Petrol,Individual,Manual,Second Owner,150000
7,34000,21.1,814.0,55.2,5.0,Hyundai,Petrol,Individual,Manual,First Owner,254999
13,80000,20.0,1399.0,68.0,5.0,Ford,Diesel,Individual,Manual,Third Owner,155000
10,80000,23.4,1248.0,74.0,5.0,Maruti,Diesel,Individual,Manual,Second Owner,530000
8,100000,15.37,1196.0,73.0,7.0,Maruti,Petrol,Individual,Manual,Third Owner,270000
16,110000,18.1,1493.0,110.0,5.0,Hyundai,Diesel,Individual,Manual,Second Owner,250000
7,59000,18.15,1198.0,82.0,5.0,Mahindra,Petrol,Individual,Manual,First Owner,530000
14,90000,18.9,1061.0,67.0,5.0,Maruti,Petrol,Individual,Manual,Second Owner,170000
13,87000,18.0,1248.0,75.0,5.0,Tata,Diesel,Individual,Manual,First Owner,180000
13,68519,16.2,995.0,62.1,5.0,Chevrolet,Petrol,Dealer,Manual,First Owner,130000
12,117000,14.0,2498.0,112.0,8.0,Mahindra,Diesel,Individual,Manual,First Owner,250000
12,90000,23.0,1396.0,90.0,5.0,Hyundai,Diesel,Individual,Manual,First Owner,254999
15,70000,13.5,1799.0,130.0,5.0,Honda,Petrol,Individual,Manual,First Owner,240000
11,52000,17.21,1493.0,100.0,7.0,Mahindra,Diesel,Individual,Manual,First Owner,450000
6,11000,17.0,1198.0,108.5,5.0,Tata,Petrol,Dealer,Manual,First Owner,811000
16,120000,11.1,2354.0,158.8,5.0,Honda,Petrol,Individual,Manual,First Owner,400000
9,30000,15.63,1499.0,110.4,5.0,Ford,Petrol,Individual,Automatic,First Owner,775000
13,77000,,,,,Maruti,Diesel,Individual,Manual,Second Owner,290000
9,93000,24.5,1498.0,98.6,7.0,Honda,Diesel,Individual,Manual,Second Owner,570000
6,35000,10.91,3198.0,197.0,7.0,Ford,Diesel,Individual,Automatic,First Owner,3200000
8,71000,27.39,1248.0,74.0,5.0,Maruti,Diesel,Individual,Manual,First Owner,710000
10,76000,24.0,1120.0,70.0,5.0,Hyundai,Diesel,Individual,Manual,Third Owner,375000
10,40000,17.43,1396.0,105.5,5.0,Hyundai,Petrol,Individual,Manual,First Owner,550000
10,80000,21.1,814.0,55.2,5.0,Hyundai,Petrol,Individual,Manual,Third Owner,220000
11,7200,12.99,2494.0,100.6,8.0,Toyota,Diesel,Individual,Manual,First Owner,1050000
14,79000,16.8,1497.0,116.3,5.0,Honda,Petrol,Individual,Manual,First Owner,285000
7,18000,15.6,1497.0,116.3,5.0,Honda,Petrol,Dealer,Automatic,First Owner,925000
10,80000,15.11,1598.0,103.6,5.0,Volkswagen,Diesel,Individual,Manual,Second Owner,425000
10,70000,21.1,814.0,55.2,5.0,Hyundai,Petrol,Individual,Manual,First Owner,210000
11,50000,16.1,796.0,37.0,4.0,Maruti,Petrol,Individual,Manual,Second Owner,121000
12,182000,24.8,1396.0,88.7,5.0,Hyundai,Diesel,Individual,Manual,Second Owner,400000
15,60000,19.0,998.0,66.1,5.0,Maruti,Petrol,Individual,Manual,First Owner,300000
7,30000,25.6,1498.0,97.9,5.0,Honda,Diesel,Individual,Manual,First Owner,1300000
5,15000,17.6,2179.0,147.94,7.0,Tata,Diesel,Individual,Manual,First Owner,1250000
8,70000,25.2,1248.0,74.0,5.0,Maruti,Diesel,Individual,Manual,First Owner,535000
6,55000,18.49,1493.0,100.0,7.0,Mahindra,Diesel,Dealer,Manual,First Owner,890000
11,43000,19.0,998.0,67.1,5.0,Maruti,Petrol,Individual,Manual,Second Owner,235000
9,50000,18.6,1199.0,76.8,5.0,Chevrolet,Petrol,Individual,Manual,First Owner,200000
11,70000,18.5,1197.0,82.85,5.0,Hyundai,Petrol,Individual,Manual,First Owner,375000
10,43381,22.74,796.0,47.3,5.0,Maruti,Petrol,Dealer,Manual,Second Owner,200000
22,161000,13.0,1493.0,100.0,5.0,Honda,Petrol,Individual,Manual,Fourth & Above Owner,81000
7,79000,25.47,1248.0,88.5,7.0,Maruti,Diesel,Dealer,Manual,First Owner,825000
5,1620,19.01,1462.0,103.2,6.0,Maruti,Petrol,Individual,Manual,First Owner,1040000
9,105000,13.22,2967.0,241.4,5.0,Audi,Diesel,Dealer,Automatic,Second Owner,2700000
10,70000,19.1,1197.0,85.8,5.0,Maruti,Petrol,Individual,Manual,Second Owner,400000
9,25000,27.62,793.0,47.0,5.0,Maruti,Diesel,Individual,Manual,First Owner,400000
10,15000,25.2,1248.0,74.0,5.0,Maruti,Diesel,Individual,Manual,First Owner,570000
10,100000,15.96,2523.0,62.1,7.0,Mahindra,Diesel,Individual,Manual,First Owner,500000
13,70000,26.2,998.0,58.2,5.0,Maruti,LPG,Individual,Manual,First Owner,200000
9,20000,12.55,2982.0,168.5,7.0,Toyota,Diesel,Individual,Manual,First Owner,2000000
7,49000,28.4,1248.0,74.0,5.0,Maruti,Diesel,Individual,Manual,First Owner,610000
7,40000,25.5,1498.0,98.6,5.0,Honda,Diesel,Individual,Manual,First Owner,900000
15,120000,18.9,1061.0,67.0,5.0,Maruti,Petrol,Individual,Manual,Fourth & Above Owner,125000
10,70000,22.74,796.0,47.3,5.0,Maruti,Petrol,Individual,Manual,Third Owner,190000
6,30000,18.49,1493.0,100.0,7.0,Mahindra,Diesel,Individual,Manual,First Owner,700000
9,22700,18.7,1199.0,88.7,5.0,Honda,Petrol,Individual,Manual,First Owner,700000
14,106000,20.36,1197.0,78.9,5.0,Hyundai,Petrol,Individual,Manual,Third Owner,150000
6,17000,18.78,999.0,75.0,5.0,Volkswagen,Petrol,Individual,Manual,First Owner,678000
7,20000,20.4,1197.0,81.8,5.0,Maruti,Petrol,Individual,Manual,First Owner,500000
14,70000,18.0,995.0,62.0,5.0,Chevrolet,Petrol,Individual,Manual,Second Owner,90000
13,100000,18.6,1199.0,79.4,5.0,Chevrolet,Petrol,Individual,Manual,Third Owner,150000
13,48756,15.5,1586.0,103.3,5.0,Maruti,Petrol,Individual,Manual,Second Owner,350000
10,300000,12.99,2494.0,100.6,7.0,Toyota,Diesel,Individual,Manual,Second Owner,700000
8,50000,18.16,1196.0,86.8,5.0,Ford,Petrol,Individual,Manual,Second Owner,388000
14,70000,18.6,1199.0,79.4,5.0,Chevrolet,Petrol,Individual,Manual,First Owner,150000
10,70000,18.6,1197.0,81.83,5.0,Hyundai,Petrol,Individual,Manual,Second Owner,565000
12,112000,20.0,1399.0,68.0,5.0,Ford,Diesel,Individual,Manual,Second Owner,190000
12,68240,13.93,2956.0,138.1,7.0,Tata,Diesel,Dealer,Manual,First Owner,450000
9,49907,21.63,998.0,67.04,5.0,Maruti,Petrol,Dealer,Manual,First Owner,400000
11,80000,21.02,1248.0,88.76,5.0,Tata,Diesel,Individual,Manual,First Owner,280000
5,13000,19.44,999.0,75.0,5.0,Volkswagen,Petrol,Individual,Manual,First Owner,480000
17,80000,17.3,1061.0,64.0,5.0,Maruti,Petrol,Individual,Manual,Second Owner,100000
4,5000,21.94,1196.0,61.7,5.0,Maruti,CNG,Individual,Manual,First Owner,399000
6,42000,18.6,1197.0,81.83,5.0,Hyundai,Petrol,Individual,Manual,First Owner,710000
7,120000,27.28,1047.0,69.0,5.0,Tata,Diesel,Individual,Manual,First Owner,350000
11,35000,20.36,1197.0,78.9,5.0,Hyundai,Petrol,Individual,Manual,Second Owner,280000
6,15000,21.21,1197.0,81.8,5.0,Maruti,Petrol,Individual,Manual,First Owner,630000
5,5000,18.78,999.0,75.0,5.0,Volkswagen,Petrol,Individual,Manual,First Owner,570000
8,35000,16.8,796.0,34.2,8.0,Maruti,Petrol,Individual,Manual,First Owner,220000
7,42000,21.4,1197.0,83.1,5.0,Maruti,Petrol,Individual,Manual,First Owner,530000
20,80000,,,,,Hyundai,Petrol,Individual,Manual,Third Owner,85000
5,21000,25.17,799.0,53.3,5.0,Renault,Petrol,Individual,Manual,First Owner,290000
11,115717,12.05,2179.0,120.0,9.0,Mahindra,Diesel,Individual,Manual,First Owner,500000
8,20000,17.5,1373.0,91.1,7.0,Maruti,Petrol,Individual,Manual,First Owner,750000
13,60000,13.93,2179.0,138.03,7.0,Tata,Diesel,Individual,Manual,Second Owner,425000
11,120000,17.92,1086.0,62.1,5.0,Hyundai,Petrol,Individual,Manual,Second Owner,187000
14,100000,21.1,1248.0,73.9,5.0,Maruti,Diesel,Individual,Manual,First Owner,220000
10,82500,15.96,2523.0,62.1,7.0,Mahindra,Diesel,Individual,Manual,Second Owner,600000
10,76000,25.8,1498.0,98.6,5.0,Honda,Diesel,Individual,Manual,First Owner,450000
13,120000,12.8,2494.0,102.0,7.0,Toyota,Diesel,Individual,Manual,First Owner,480000
13,50000,,,,,Volkswagen,Diesel,Individual,Manual,Second Owner,2150000
17,120000,17.7,1497.0,78.0,5.0,Honda,Petrol,Individual,Manual,Third Owner,160000
5,15000,15.37,1196.0,73.0,5.0,Maruti,Petrol,Individual,Manual,First Owner,400000
12,93000,20.77,1248.0,88.76,7.0,Maruti,Diesel,Individual,Manual,First Owner,550000
8,100000,19.09,1405.0,69.01,5.0,Tata,Diesel,Individual,Manual,First Owner,375000
9,28000,22.74,796.0,47.3,5.0,Maruti,Petrol,Individual,Manual,Second Owner,280000
10,95000,12.99,2494.0,100.6,8.0,Toyota,Diesel,Dealer,Manual,First Owner,680000
13,25000,19.7,796.0,46.3,5.0,Maruti,Petrol,Individual,Manual,Second Owner,160000
5,5000,21.4,1197.0,83.1,5.0,Maruti,Petrol,Individual,Manual,First Owner,711000
6,5000,23.84,1199.0,84.0,5.0,Tata,Petrol,Individual,Automatic,First Owner,500000
8,40000,20.85,1197.0,83.14,5.0,Maruti,Petrol,Individual,Manual,First Owner,500000
7,10000,23.1,998.0,67.04,5.0,Maruti,Petrol,Dealer,Manual,First Owner,484999
7,50000,24.7,1047.0,69.0,5.0,Tata,Diesel,Individual,Manual,First Owner,550000
7,56000,25.83,1498.0,99.0,5.0,Ford,Diesel,Individual,Manual,First Owner,495000
7,80000,15.4,2179.0,120.0,7.0,Mahindra,Diesel,Individual,Manual,First Owner,891000
4,44665,25.32,1198.0,77.0,6.0,Mahindra,Diesel,Individual,Manual,First Owner,480000
11,100000,16.78,1496.0,88.73,5.0,Toyota,Petrol,Individual,Manual,Second Owner,350000
8,50000,24.7,796.0,47.3,5.0,Maruti,Petrol,Individual,Manual,Second Owner,250000
9,100000,16.0,2179.0,140.0,7.0,Mahindra,Diesel,Individual,Automatic,Second Owner,900000
11,90000,26.6,998.0,58.16,5.0,Maruti,CNG,Individual,Manual,First Owner,211000
17,150000,18.2,1061.0,64.0,5.0,Maruti,Petrol,Individual,Manual,Second Owner,120000
11,100000,15.96,2523.0,62.1,7.0,Mahindra,Diesel,Individual,Manual,Second Owner,430000
9,28000,20.52,1197.0,81.8,5.0,Maruti,Petrol,Dealer,Manual,First Owner,365000
12,90000,19.01,1461.0,108.45,5.0,Renault,Diesel,Individual,Manual,First Owner,450000
5,27000,21.38,1396.0,88.7,5.0,Hyundai,Diesel,Individual,Manual,First Owner,1050000
6,70000,26.6,998.0,58.16,5.0,Maruti,CNG,Individual,Manual,First Owner,459999
13,157000,22.32,1582.0,126.3,5.0,Hyundai,Diesel,Individual,Manual,Second Owner,380000
9,50000,17.19,1197.0,81.86,5.0,Hyundai,Petrol,Individual,Manual,First Owner,650000
5,10000,19.02,1198.0,67.05,5.0,Datsun,Petrol,Individual,Manual,First Owner,500000
7,60000,25.8,1498.0,98.6,5.0,Honda,Diesel,Individual,Manual,Second Owner,515000
10,183000,15.96,2523.0,63.0,9.0,Mahindra,Diesel,Individual,Manual,First Owner,370000
14,190000,17.8,1248.0,75.0,5.0,Maruti,Diesel,Individual,Manual,Second Owner,200000
13,80000,21.1,814.0,55.2,5.0,Hyundai,Petrol,Individual,Manual,Second Owner,180000
11,80235,28.4,1248.0,74.02,5.0,Maruti,Diesel,Dealer,Manual,Second Owner,409999
14,120000,15.7,1390.0,75.0,5.0,Mahindra,Petrol,Individual,Manual,First Owner,200000
11,70000,13.87,1598.0,86.0,5.0,Mahindra,Petrol,Individual,Manual,First Owner,350000
12,59000,16.02,1373.0,93.7,7.0,Maruti,Petrol,Individual,Manual,First Owner,560000
13,110000,16.8,1497.0,116.4,5.0,Honda,Petrol,Individual,Manual,Third Owner,450000
6,4295,17.1,1496.0,105.5,5.0,Toyota,Petrol,Trustmark Dealer,Manual,First Owner,1000000
12,100000,19.01,1461.0,108.45,5.0,Renault,Diesel,Individual,Manual,Second Owner,375000
13,80000,15.8,2148.0,170.0,5.0,Mercedes-Benz,Diesel,Individual,Automatic,First Owner,1350000
12,159000,12.8,2494.0,102.0,7.0,Toyota,Diesel,Individual,Manual,Second Owner,725000
7,30000,25.83,1498.0,99.0,5.0,Ford,Diesel,Individual,Manual,First Owner,600000
10,90000,23.59,1364.0,67.06,5.0,Toyota,Diesel,Individual,Manual,Third Owner,320000
41,10000,,,,,Mahindra,Diesel,Individual,Manual,Third Owner,300000
10,40000,22.74,796.0,47.3,5.0,Maruti,Petrol,Individual,Manual,Third Owner,200000
8,6757,21.01,1197.0,81.8,5.0,Maruti,Petrol,Trustmark Dealer,Manual,First Owner,600000
11,49000,18.5,1197.0,82.85,5.0,Hyundai,Petrol,Individual,Manual,Second Owner,315000
16,260000,12.8,2494.0,102.0,8.0,Toyota,Diesel,Individual,Manual,First Owner,700000
8,40000,17.9,2143.0,136.0,5.0,Mercedes-Benz,Diesel,Individual,Automatic,Second Owner,1850000
6,20000,23.84,1199.0,84.0,5.0,Tata,Petrol,Individual,Manual,First Owner,400000
9,72000,22.54,1396.0,88.73,5.0,Hyundai,Diesel,Dealer,Manual,First Owner,585000
10,23000,18.2,1199.0,82.4,5.0,Chevrolet,Petrol,Individual,Manual,First Owner,330000
15,110000,17.7,1399.0,68.0,5.0,Ford,Diesel,Individual,Manual,Third Owner,155000
7,46000,22.0,1197.0,81.8,5.0,Maruti,Petrol,Individual,Manual,First Owner,509999
15,120000,19.3,1248.0,73.9,5.0,Maruti,Diesel,Individual,Manual,First Owner,382000
9,70000,15.4,1997.0,120.0,7.0,Mahindra,Diesel,Individual,Manual,First Owner,875000
11,90000,20.5,1598.0,103.5,5.0,Skoda,Diesel,Individual,Manual,Second Owner,380000
9,50000,21.4,1197.0,83.1,5.0,Maruti,Petrol,Individual,Manual,First Owner,650000
15,89322,17.0,1197.0,80.0,5.0,Hyundai,Petrol,Individual,Manual,Second Owner,210000
15,70000,19.7,796.0,46.3,5.0,Maruti,Petrol,Individual,Manual,Third Owner,160000
9,23000,23.9,1582.0,126.2,5.0,Hyundai,Diesel,Individual,Manual,First Owner,575000
10,50000,23.4,1248.0,74.0,5.0,Maruti,Diesel,Individual,Manual,First Owner,490000
8,15000,18.7,1199.0,88.7,5.0,Honda,Petrol,Dealer,Manual,First Owner,526000
21,60000,17.3,993.0,60.0,5.0,Maruti,Petrol,Individual,Manual,Fourth & Above Owner,65000
11,77300,21.14,1498.0,103.52,5.0,Skoda,Diesel,Dealer,Manual,First Owner,475000
14,30400,26.0,624.0,35.0,4.0,Tata,Petrol,Individual,Manual,Fourth & Above Owner,45000
7,26634,21.21,1197.0,81.8,5.0,Maruti,Petrol,Dealer,Automatic,First Owner,600000
16,70000,,,,,Bmw,Diesel,Individual,Automatic,Third Owner,890000
5,5000,20.3,1086.0,68.0,5.0,Hyundai,Petrol,Individual,Manual,First Owner,509999
16,120000,18.1,1493.0,110.0,5.0,Hyundai,Diesel,Individual,Manual,Second Owner,150000
11,80000,16.8,1497.0,116.3,5.0,Honda,Petrol,Individual,Manual,Second Owner,465000
7,50000,21.66,1498.0,108.62,5.0,Volkswagen,Diesel,Individual,Manual,First Owner,550000
7,35000,20.3,998.0,68.05,5.0,Hyundai,Petrol,Individual,Manual,Second Owner,250000
7,20000,22.0,1197.0,81.8,5.0,Maruti,Petrol,Individual,Manual,First Owner,509999
8,20000,20.4,1197.0,81.8,5.0,Maruti,Petrol,Individual,Manual,First Owner,550000
6,35000,14.24,2755.0,174.5,7.0,Toyota,Diesel,Individual,Manual,First Owner,3000000
13,110000,20.54,1598.0,103.6,5.0,Volkswagen,Diesel,Individual,Manual,First Owner,240000
17,80000,17.8,1086.0,63.0,5.0,Hyundai,Petrol,Individual,Manual,Second Owner,140000
7,70000,15.37,1196.0,73.0,5.0,Maruti,Petrol,Individual,Manual,First Owner,390000
13,80000,16.2,1599.0,103.2,5.0,Hyundai,Petrol,Individual,Manual,Second Owner,380000
6,15000,18.1,1199.0,88.7,5.0,Honda,Petrol,Individual,Automatic,First Owner,750000
14,180000,19.3,1248.0,73.9,5.0,Maruti,Diesel,Individual,Manual,First Owner,315000
5,26000,23.0,1498.0,98.96,5.0,Ford,Diesel,Dealer,Manual,First Owner,1050000
8,70000,15.96,2523.0,63.0,9.0,Mahindra,Diesel,Individual,Manual,First Owner,550000
5,50000,24.52,1248.0,88.5,7.0,Maruti,Diesel,Dealer,Manual,First Owner,925000
16,163000,17.8,1399.0,68.0,5.0,Ford,Diesel,Individual,Manual,First Owner,200000
11,91000,15.1,2179.0,140.0,7.0,Mahindra,Diesel,Individual,Manual,First Owner,600000
12,78500,15.1,2179.0,140.0,7.0,Mahindra,Diesel,Individual,Manual,First Owner,950000
5,3010,20.3,1086.0,68.0,5.0,Hyundai,Petrol,Individual,Automatic,First Owner,521000
16,89000,15.6,1586.0,104.68,5.0,Maruti,Petrol,Individual,Manual,Second Owner,150000
7,30000,25.2,1248.0,74.0,5.0,Maruti,Diesel,Individual,Manual,First Owner,580000
8,60000,18.49,1493.0,100.0,7.0,Mahindra,Diesel,Individual,Manual,First Owner,530000
8,32000,24.7,796.0,47.3,5.0,Maruti,Petrol,Dealer,Manual,First Owner,315000
12,225000,12.99,2494.0,100.0,8.0,Toyota,Diesel,Individual,Manual,Second Owner,869999
8,60000,23.1,998.0,67.04,5.0,Maruti,Petrol,Individual,Manual,First Owner,351000
6,15000,21.21,1197.0,81.8,5.0,Maruti,Petrol,Individual,Manual,First Owner,650000
15,120000,,,,,Maruti,Petrol,Individual,Manual,First Owner,120000
21,40000,14.2,1597.0,92.0,5.0,Ford,Petrol,Individual,Manual,Third Owner,150000
9,80000,23.59,1364.0,67.04,5.0,Toyota,Diesel,Individual,Manual,First Owner,450000
12,60000,22.3,1248.0,74.0,5.0,Tata,Diesel,Individual,Manual,First Owner,175000
14,105000,19.7,796.0,46.3,5.0,Maruti,Petrol,Individual,Manual,First Owner,132000
10,30000,19.1,1197.0,85.8,5.0,Maruti,Petrol,Individual,Manual,First Owner,450000
12,110000,21.0,1199.0,75.0,5.0,Skoda,Diesel,Individual,Manual,First Owner,190000
11,57000,21.1,814.0,55.2,5.0,Hyundai,Petrol,Individual,Manual,First Owner,200000
11,95500,14.0,2179.0,138.1,7.0,Tata,Diesel,Individual,Manual,Second Owner,466000
6,23000,20.3,1199.0,84.0,5.0,Tata,Petrol,Individual,Manual,First Owner,550000
12,120000,19.3,1248.0,73.9,5.0,Maruti,Diesel,Individual,Manual,First Owner,341000
13,47000,16.95,1498.0,97.7,5.0,Nissan,Petrol,Individual,Manual,Second Owner,350000
9,120000,12.99,2494.0,100.6,7.0,Toyota,Diesel,Individual,Manual,First Owner,1300000
14,188000,21.12,1248.0,88.8,5.0,Tata,Diesel,Individual,Manual,Second Owner,200000
6,28000,16.1,1197.0,85.0,5.0,Maruti,Petrol,Dealer,Manual,First Owner,490000
11,102996,23.4,1248.0,74.0,5.0,Maruti,Diesel,Individual,Manual,Second Owner,415000
9,90000,16.0,2179.0,140.0,7.0,Mahindra,Diesel,Individual,Manual,First Owner,819999
16,98000,20.36,1197.0,78.9,5.0,Hyundai,Petrol,Individual,Manual,Third Owner,275000
9,80000,15.4,2179.0,120.0,7.0,Mahindra,Diesel,Individual,Manual,Second Owner,1050000
10,100000,24.0,1120.0,70.0,5.0,Hyundai,Diesel,Individual,Manual,First Owner,350000
12,100000,21.1,814.0,55.2,5.0,Hyundai,Petrol,Individual,Manual,Second Owner,180000
18,140000,12.8,2494.0,102.0,8.0,Toyota,Diesel,Individual,Manual,Second Owner,300000
5,10000,21.01,1197.0,81.8,5.0,Maruti,Petrol,Individual,Manual,First Owner,556000
8,30000,18.6,1199.0,76.8,5.0,Chevrolet,Petrol,Individual,Manual,First Owner,310000
5,9200,23.84,1199.0,83.83,5.0,Tata,Petrol,Individual,Automatic,First Owner,525000
13,78432,16.52,1991.0,123.7,5.0,Chevrolet,Diesel,Individual,Manual,First Owner,415000
12,100000,22.74,796.0,47.3,5.0,Maruti,Petrol,Individual,Manual,First Owner,220000
7,30000,21.1,814.0,55.2,5.0,Hyundai,Petrol,Individual,Manual,First Owner,340000
6,30000,21.19,1396.0,88.76,5.0,Hyundai,Diesel,Individual,Manual,First Owner,750000
10,90000,26.0,1498.0,98.6,5.0,Honda,Diesel,Individual,Manual,First Owner,625000
11,52000,20.3,1248.0,75.0,5.0,Fiat,Diesel,Individual,Manual,First Owner,280000
11,108800,22.9,1248.0,74.0,5.0,Maruti,Diesel,Individual,Manual,Third Owner,450000
9,23999,23.1,998.0,67.04,5.0,Maruti,Petrol,Dealer,Automatic,First Owner,411000
12,93000,15.1,2179.0,140.0,7.0,Mahindra,Diesel,Dealer,Manual,First Owner,680000
9,90000,22.77,1498.0,98.59,5.0,Ford,Diesel,Individual,Manual,First Owner,600000
16,100000,17.0,1405.0,70.0,5.0,Tata,Diesel,Individual,Manual,Second Owner,120000
20,100000,19.7,796.0,46.3,5.0,Maruti,Petrol,Individual,Manual,Second Owner,100000
6,20000,20.14,1197.0,81.86,5.0,Hyundai,Petrol,Individual,Manual,First Owner,640000
6,12000,20.4,1197.0,81.8,5.0,Maruti,Petrol,Individual,Manual,First Owner,459999
7,38000,23.84,1199.0,84.0,5.0,Tata,Petrol,Individual,Manual,Second Owner,430000
10,300000,15.3,2956.0,83.83,7.0,Tata,Diesel,Individual,Manual,First Owner,275000
6,10800,25.17,799.0,53.3,5.0,Renault,Petrol,Individual,Manual,First Owner,395000
8,25000,23.01,999.0,67.0,5.0,Renault,Petrol,Individual,Manual,First Owner,350000
7,50000,24.3,1248.0,88.5,5.0,Maruti,Diesel,Individual,Manual,First Owner,760000
10,120000,20.14,1498.0,88.8,5.0,Volkswagen,Diesel,Individual,Manual,Second Owner,391000
6,12000,19.6,1461.0,108.45,5.0,Renault,Diesel,Individual,Manual,First Owner,1250000
7,60000,20.62,1198.0,67.0,7.0,Datsun,Petrol,Individual,Manual,First Owner,300000
19,188000,12.3,1948.0,90.0,7.0,Tata,Diesel,Individual,Manual,First Owner,225000
6,22966,23.84,1199.0,84.48,5.0,Tata,Petrol,Dealer,Manual,First Owner,450000
13,300000,26.2,998.0,58.2,5.0,Maruti,LPG,Individual,Manual,First Owner,300000
10,70000,25.44,936.0,56.3,5.0,Chevrolet,Diesel,Individual,Manual,Third Owner,160000
26,40000,17.3,993.0,60.0,5.0,Maruti,Petrol,Individual,Manual,Second Owner,70000
9,30000,20.4,1197.0,81.8,5.0,Maruti,Petrol,Individual,Manual,First Owner,440000
15,70000,19.7,796.0,46.3,5.0,Maruti,Petrol,Individual,Manual,Second Owner,125000
14,110000,16.95,1197.0,78.9,5.0,Hyundai,Petrol,Individual,Automatic,Third Owner,196000
14,49000,18.5,1197.0,80.0,5.0,Hyundai,Petrol,Individual,Manual,First Owner,300000
27,100000,,,,,Mahindra,Diesel,Individual,Manual,Fourth & Above Owner,160000
11,116000,23.4,1248.0,74.0,5.0,Maruti,Diesel,Individual,Manual,Second Owner,525000
13,180000,20.0,1399.0,68.0,5.0,Ford,Diesel,Individual,Manual,Second Owner,130000
13,60000,16.47,1198.0,73.9,5.0,Volkswagen,Petrol,Individual,Manual,Second Owner,270000
7,39500,20.52,1197.0,81.8,5.0,Maruti,Petrol,Individual,Manual,First Owner,445000
5,20000,20.3,1199.0,83.81,5.0,Tata,Petrol,Individual,Manual,First Owner,650000
21,70000,,,,,Hyundai,Petrol,Individual,Manual,Second Owner,68000
6,13120,25.17,799.0,53.3,5.0,Renault,Petrol,Individual,Manual,First Owner,390000
12,110000,19.7,1598.0,103.6,5.0,Volkswagen,Diesel,Individual,Manual,Second Owner,400000
12,95000,19.4,1405.0,70.0,5.0,Tata,Diesel,Individual,Manual,Second Owner,119000
17,120000,12.0,2092.0,127.0,7.0,Tata,Diesel,Individual,Manual,Second Owner,95000
9,60000,25.1,1498.0,98.6,5.0,Honda,Diesel,Individual,Manual,First Owner,670000
14,70000,14.7,1150.0,76.0,5.0,Chevrolet,Petrol,Individual,Manual,Third Owner,148000
11,67000,18.6,1197.0,85.8,5.0,Maruti,Petrol,Individual,Manual,First Owner,420000
11,120000,22.3,1248.0,74.0,5.0,Tata,Diesel,Individual,Manual,Second Owner,190000
10,80000,14.74,2199.0,194.3,7.0,Hyundai,Diesel,Individual,Manual,First Owner,1100000
12,66657,22.32,1582.0,126.32,5.0,Hyundai,Diesel,Dealer,Automatic,First Owner,549000
11,63000,23.4,1248.0,74.0,5.0,Maruti,Diesel,Individual,Manual,First Owner,430000
18,198000,18.9,998.0,67.1,5.0,Maruti,Petrol,Individual,Manual,Second Owner,65000
6,25000,25.5,1498.0,98.6,5.0,Honda,Diesel,Individual,Manual,First Owner,800000
18,264000,12.8,2494.0,102.0,8.0,Toyota,Diesel,Individual,Manual,First Owner,430000
12,70000,19.3,1248.0,73.9,5.0,Maruti,Diesel,Individual,Manual,Third Owner,380000
6,46000,15.1,2179.0,152.87,7.0,Mahindra,Diesel,Individual,Manual,First Owner,1525000
10,65204,23.1,998.0,67.04,5.0,Maruti,Petrol,Trustmark Dealer,Automatic,First Owner,325000
19,50000,15.3,1341.0,83.0,5.0,Hyundai,Petrol,Individual,Manual,Second Owner,130000
7,113000,25.83,1498.0,99.0,5.0,Ford,Diesel,Individual,Manual,First Owner,430000
6,53000,23.0,1498.0,98.96,5.0,Ford,Diesel,Individual,Manual,First Owner,700000
16,120000,19.09,1396.0,69.0,5.0,Tata,Diesel,Individual,Manual,Second Owner,140000
10,80000,19.09,1405.0,69.01,5.0,Tata,Diesel,Individual,Manual,Second Owner,185000
9,110000,22.77,1498.0,98.59,5.0,Ford,Diesel,Individual,Manual,First Owner,551000
9,90000,18.6,1197.0,81.83,5.0,Hyundai,Petrol,Individual,Manual,Second Owner,434999
12,120000,18.5,1197.0,82.85,5.0,Hyundai,Petrol,Individual,Manual,First Owner,300000
15,40000,12.9,1799.0,130.0,5.0,Honda,Petrol,Individual,Automatic,Third Owner,280000
17,70000,18.9,1061.0,67.0,5.0,Maruti,Petrol,Individual,Manual,Second Owner,120000
12,100000,18.5,1197.0,85.8,5.0,Maruti,Petrol,Individual,Manual,Second Owner,360000
16,87540,16.6,796.0,35.5,5.0,Maruti,LPG,Individual,Manual,Third Owner,149000
14,110000,,,,,Maruti,Diesel,Individual,Manual,Second Owner,330000
7,35000,21.72,1498.0,108.6,5.0,Skoda,Diesel,Individual,Automatic,Second Owner,850000
15,100000,17.8,1399.0,67.0,5.0,Ford,Diesel,Individual,Manual,Second Owner,190000
8,31000,13.0,2143.0,204.0,5.0,Mercedes-Benz,Diesel,Dealer,Automatic,First Owner,2900000
7,50000,11.36,2755.0,171.5,7.0,Toyota,Diesel,Individual,Automatic,First Owner,2175000
10,60000,23.0,1248.0,88.7,5.0,Tata,Diesel,Individual,Manual,Second Owner,280000
14,90000,18.3,1991.0,147.9,5.0,Chevrolet,Diesel,Individual,Manual,Second Owner,270000
14,120000,20.0,1399.0,68.0,5.0,Ford,Diesel,Individual,Manual,First Owner,200000
11,90000,18.5,1197.0,82.85,5.0,Hyundai,Petrol,Individual,Manual,Second Owner,350000
8,40000,22.74,796.0,47.3,5.0,Maruti,Petrol,Individual,Manual,First Owner,300000
8,45000,21.4,1197.0,83.1,5.0,Maruti,Petrol,Individual,Manual,First Owner,575000
11,87185,22.32,1582.0,126.3,5.0,Hyundai,Diesel,Individual,Manual,Second Owner,445000
14,200000,17.5,1197.0,85.8,5.0,Maruti,Petrol,Individual,Manual,First Owner,210000
17,110000,10.5,2179.0,120.0,7.0,Mahindra,Diesel,Individual,Manual,Second Owner,300000
9,108000,21.19,1396.0,88.73,5.0,Hyundai,Diesel,Individual,Manual,First Owner,600000
5,5000,20.52,1197.0,81.8,5.0,Maruti,Petrol,Individual,Automatic,First Owner,540000
8,120000,24.52,1248.0,88.5,7.0,Maruti,Diesel,Individual,Manual,First Owner,790000
13,100000,18.0,995.0,62.0,5.0,Chevrolet,Petrol,Individual,Manual,Second Owner,114999
9,50000,20.4,1197.0,83.11,5.0,Maruti,Petrol,Individual,Manual,Second Owner,434999
8,90000,28.09,1248.0,88.5,5.0,Maruti,Diesel,Individual,Manual,First Owner,620000
10,110000,25.8,1498.0,98.6,5.0,Honda,Diesel,Individual,Manual,First Owner,530000
12,120000,21.1,814.0,55.2,5.0,Hyundai,Petrol,Individual,Manual,Second Owner,180000
18,250000,12.8,2494.0,102.0,7.0,Toyota,Diesel,Individual,Manual,First Owner,1050000
9,70000,16.02,1373.0,93.7,7.0,Maruti,Petrol,Individual,Manual,First Owner,599000
14,216000,12.8,2494.0,102.0,8.0,Toyota,Diesel,Individual,Manual,First Owner,550000
12,156040,20.0,1399.0,68.0,5.0,Ford,Diesel,Dealer,Manual,First Owner,250000
8,23400,23.95,998.0,67.1,5.0,Maruti,Petrol,Individual,Manual,Second Owner,310000
19,85000,11.1,2354.0,158.8,5.0,Honda,Petrol,Individual,Manual,Third Owner,476999
6,60000,27.39,1248.0,74.0,5.0,Maruti,Diesel,Individual,Manual,First Owner,600000
9,50000,28.09,1248.0,88.5,5.0,Maruti,Diesel,Dealer,Manual,Second Owner,550000
12,110000,16.2,995.0,62.1,5.0,Chevrolet,Petrol,Individual,Manual,First Owner,130000
5,9400,18.6,1197.0,81.83,5.0,Hyundai,Petrol,Dealer,Manual,First Owner,721000
10,60000,20.77,1248.0,88.8,7.0,Maruti,Diesel,Individual,Manual,Second Owner,684000
20,120000,16.1,796.0,37.0,4.0,Maruti,Petrol,Individual,Manual,First Owner,40000
7,60000,22.5,999.0,67.0,5.0,Datsun,Petrol,Individual,Manual,First Owner,220000
14,190000,19.3,1248.0,73.9,5.0,Maruti,Diesel,Individual,Manual,Second Owner,350000
8,60000,20.85,1197.0,83.14,5.0,Maruti,Petrol,Individual,Manual,Second Owner,459999
12,20000,18.9,998.0,67.1,5.0,Maruti,Petrol,Individual,Manual,First Owner,275000
9,50000,20.51,998.0,67.04,5.0,Maruti,Petrol,Individual,Manual,Second Owner,320000
9,50000,18.2,1199.0,82.4,5.0,Chevrolet,Petrol,Individual,Manual,First Owner,200000
12,70000,19.3,1248.0,73.9,5.0,Maruti,Diesel,Individual,Manual,Second Owner,375000
8,120000,26.59,1248.0,74.0,5.0,Maruti,Diesel,Individual,Manual,Third Owner,425000
8,35000,17.0,1198.0,73.75,5.0,Volkswagen,Petrol,Individual,Manual,First Owner,500000
16,100000,15.2,1193.0,65.0,5.0,Tata,Petrol,Individual,Manual,First Owner,250000
13,500000,18.9,998.0,67.1,5.0,Maruti,Petrol,Individual,Manual,Second Owner,229999
13,50000,23.08,1461.0,63.1,5.0,Nissan,Diesel,Individual,Manual,First Owner,250000
8,30000,15.29,1591.0,121.3,5.0,Hyundai,Petrol,Individual,Manual,First Owner,700000
18,60000,11.9,2354.0,144.0,5.0,Honda,Petrol,Individual,Manual,Third Owner,200000
8,55000,25.32,1198.0,77.0,6.0,Mahindra,Diesel,Individual,Manual,Second Owner,450000
10,56000,25.1,1498.0,98.6,5.0,Honda,Diesel,Individual,Manual,Second Owner,630000
7,40000,23.1,998.0,67.04,5.0,Maruti,Petrol,Individual,Manual,Second Owner,425000
8,30000,26.59,1248.0,74.0,5.0,Maruti,Diesel,Individual,Manual,First Owner,561000
5,18000,15.1,2179.0,152.87,7.0,Mahindra,Diesel,Individual,Manual,First Owner,1575000
8,48000,9.0,1984.0,181.0,5.0,Other,Diesel,Dealer,Automatic,First Owner,1950000
12,120000,19.3,1248.0,73.9,5.0,Maruti,Diesel,Individual,Manual,Second Owner,420000
11,80000,17.92,1086.0,62.1,5.0,Hyundai,Petrol,Individual,Manual,First Owner,220000
13,100000,19.7,796.0,46.3,5.0,Maruti,Petrol,Individual,Manual,Second Owner,130000
8,80000,16.8,796.0,34.2,8.0,Maruti,Petrol,Individual,Manual,Second Owner,190000
16,110000,17.7,1497.0,78.0,5.0,Honda,Petrol,Individual,Manual,Second Owner,215000
6,20000,28.09,1248.0,88.5,5.0,Maruti,Diesel,Individual,Manual,First Owner,889000
12,35000,14.0,796.0,35.0,5.0,Maruti,Petrol,Individual,Manual,Second Owner,150000
5,10000,18.6,1197.0,81.86,5.0,Hyundai,Petrol,Individual,Manual,First Owner,600000
13,50000,17.05,1995.0,184.0,5.0,Bmw,Diesel,Individual,Automatic,First Owner,1000000
11,50000,17.01,1591.0,121.3,5.0,Hyundai,Petrol,Individual,Manual,Third Owner,450000
9,63000,22.77,1498.0,98.59,5.0,Ford,Diesel,Individual,Manual,First Owner,600000
9,120000,26.0,1498.0,98.6,5.0,Honda,Diesel,Individual,Manual,Second Owner,615000
9,60000,13.93,2179.0,138.03,7.0,Tata,Diesel,Individual,Manual,First Owner,600000
7,10000,23.1,998.0,67.04,5.0,Maruti,Petrol,Individual,Manual,First Owner,430000
6,25000,19.0,1194.0,94.68,5.0,Ford,Petrol,Individual,Manual,First Owner,690000
21,90000,16.1,796.0,37.0,4.0,Maruti,Petrol,Individual,Manual,Fourth & Above Owner,65000
6,40000,21.13,1498.0,108.6,5.0,Skoda,Diesel,Individual,Manual,First Owner,950000
5,7500,18.6,1197.0,81.86,5.0,Hyundai,Petrol,Individual,Manual,First Owner,667000
15,50000,19.7,796.0,46.3,5.0,Maruti,Petrol,Individual,Manual,First Owner,135000
13,105000,21.9,1396.0,90.0,5.0,Hyundai,Diesel,Individual,Manual,Second Owner,270000
12,120000,21.5,1248.0,88.8,5.0,Maruti,Diesel,Individual,Manual,Second Owner,350000
7,35000,20.51,998.0,67.04,5.0,Maruti,Petrol,Individual,Manual,First Owner,440000
7,45000,16.5,1493.0,70.0,7.0,Mahindra,Diesel,Individual,Manual,First Owner,660000
8,23700,20.4,1197.0,81.8,5.0,Maruti,Petrol,Individual,Manual,First Owner,470000
10,50000,23.4,1248.0,74.0,5.0,Maruti,Diesel,Individual,Manual,First Owner,650000
10,45000,19.1,1197.0,85.8,5.0,Maruti,Petrol,Individual,Manual,First Owner,500000
11,173000,12.05,2179.0,120.0,7.0,Mahindra,Diesel,Individual,Manual,First Owner,479000
7,30000,42.0,1969.0,400.0,4.0,Other,Petrol,Individual,Automatic,First Owner,10000000
13,120000,23.0,1396.0,90.0,5.0,Hyundai,Diesel,Individual,Manual,Second Owner,220000
13,90000,25.0,1396.0,69.0,5.0,Tata,Diesel,Individual,Manual,Second Owner,130000
15,71000,16.1,1197.0,85.0,5.0,Maruti,Petrol,Individual,Manual,First Owner,229999
5,40000,25.6,1498.0,97.9,5.0,Honda,Diesel,Individual,Manual,First Owner,1200000
19,120000,16.1,1405.0,70.0,5.0,Tata,Diesel,Individual,Manual,Fourth & Above Owner,90000
6,70000,25.1,1248.0,88.5,5.0,Maruti,Diesel,Individual,Manual,First Owner,1000000
12,190000,19.09,1396.0,69.0,5.0,Tata,Diesel,Individual,Manual,Second Owner,168000
6,23000,28.4,1248.0,74.0,5.0,Maruti,Diesel,Individual,Manual,First Owner,675000
8,110000,24.52,1248.0,88.5,7.0,Maruti,Diesel,Individual,Manual,First Owner,725000
8,15000,23.95,998.0,67.05,5.0,Maruti,Petrol,Individual,Manual,First Owner,300000
9,54000,23.95,998.0,67.05,5.0,Maruti,Petrol,Individual,Manual,First Owner,265000
13,40000,19.7,796.0,46.3,5.0,Maruti,Petrol,Individual,Manual,Third Owner,148000
19,200000,10.5,2179.0,120.0,8.0,Mahindra,Diesel,Individual,Manual,Second Owner,151000
7,80000,27.28,1047.0,69.0,5.0,Tata,Diesel,Individual,Manual,First Owner,450000
8,40000,14.8,1591.0,121.3,5.0,Hyundai,Petrol,Dealer,Automatic,First Owner,890000
6,40000,20.73,1373.0,91.1,5.0,Maruti,Petrol,Individual,Manual,First Owner,750000
13,120000,13.93,2179.0,138.03,7.0,Tata,Diesel,Individual,Manual,First Owner,300000
7,23000,13.68,2393.0,147.8,7.0,Toyota,Diesel,Dealer,Manual,First Owner,1750000
12,74500,,,,,Toyota,Diesel,Individual,Manual,First Owner,400000
7,70000,20.85,1197.0,83.14,5.0,Maruti,Petrol,Individual,Manual,First Owner,650000
12,120000,20.0,1399.0,68.0,5.0,Ford,Diesel,Individual,Manual,Second Owner,175000
7,20000,16.0,2179.0,140.0,7.0,Mahindra,Diesel,Individual,Manual,First Owner,1350000
10,40000,20.45,1461.0,83.8,5.0,Renault,Diesel,Dealer,Manual,First Owner,570000
6,30000,24.04,999.0,67.0,5.0,Renault,Petrol,Individual,Automatic,Second Owner,400000
14,80000,18.0,995.0,62.0,5.0,Chevrolet,Petrol,Individual,Manual,Second Owner,80000
12,145000,22.9,1248.0,74.0,5.0,Maruti,Diesel,Individual,Manual,Third Owner,350000
10,80000,23.95,998.0,67.05,5.0,Maruti,Petrol,Individual,Manual,Second Owner,240000
7,12000,17.1,1956.0,170.0,5.0,Jeep,Diesel,Individual,Manual,First Owner,1500000
19,70000,19.7,796.0,46.3,5.0,Maruti,Petrol,Individual,Manual,Fourth & Above Owner,125000
7,32000,23.95,998.0,67.05,5.0,Maruti,Petrol,Individual,Manual,Second Owner,320000
9,90000,15.4,2179.0,120.0,7.0,Mahindra,Diesel,Individual,Manual,First Owner,1050000
24,90000,12.8,1489.0,35.5,5.0,Other,Diesel,Individual,Manual,Second Owner,75000
9,70000,26.59,1248.0,74.0,5.0,Maruti,Diesel,Individual,Manual,First Owner,520000
18,100000,17.7,1497.0,78.0,5.0,Honda,Petrol,Individual,Manual,Second Owner,220000
5,40000,17.3,1497.0,121.0,7.0,Mahindra,Diesel,Individual,Manual,First Owner,925000
15,96000,18.9,1061.0,67.0,5.0,Maruti,Petrol,Individual,Manual,Second Owner,140000
15,100000,17.8,1248.0,75.0,5.0,Maruti,Diesel,Individual,Manual,Second Owner,221000
7,28000,17.8,1497.0,117.3,5.0,Honda,Petrol,Individual,Manual,First Owner,860000
6,10000,23.5,909.0,45.0,8.0,Mahindra,Diesel,Individual,Manual,First Owner,500000
12,130000,15.1,2179.0,140.0,7.0,Mahindra,Diesel,Individual,Manual,First Owner,550000
6,15000,15.1,2179.0,152.87,7.0,Mahindra,Diesel,Individual,Manual,First Owner,1700000
7,12000,23.1,998.0,67.04,5.0,Maruti,Petrol,Individual,Manual,First Owner,425000
11,60000,22.9,1248.0,74.0,5.0,Maruti,Diesel,Individual,Manual,First Owner,350000
7,13500,17.0,1497.0,121.36,5.0,Ford,Petrol,Individual,Manual,First Owner,680000
13,70000,13.93,2179.0,138.03,7.0,Tata,Diesel,Individual,Manual,First Owner,300000
8,30000,22.54,1396.0,88.73,5.0,Hyundai,Diesel,Individual,Manual,First Owner,650000
17,120000,12.8,2494.0,102.0,8.0,Toyota,Diesel,Individual,Manual,Third Owner,404000
10,167000,13.6,2523.0,63.0,8.0,Mahindra,Diesel,Individual,Manual,Second Owner,350000
7,35000,26.59,1248.0,74.0,5.0,Maruti,Diesel,Individual,Manual,First Owner,675000
11,133000,14.0,2179.0,138.1,7.0,Tata,Diesel,Individual,Manual,First Owner,550000
15,85000,21.1,1248.0,73.9,5.0,Maruti,Diesel,Individual,Manual,Third Owner,180000
16,147000,19.3,1248.0,73.9,5.0,Maruti,Diesel,Individual,Manual,Second Owner,200000
7,70000,15.96,2523.0,62.1,7.0,Mahindra,Diesel,Individual,Manual,First Owner,710000
9,70000,22.74,796.0,47.3,5.0,Maruti,Petrol,Individual,Manual,First Owner,250000
14,70000,11.57,2179.0,138.1,7.0,Tata,Diesel,Individual,Manual,Second Owner,185000
9,75000,20.52,1197.0,81.8,5.0,Maruti,Petrol,Dealer,Manual,First Owner,425000
10,139000,11.79,2179.0,120.0,8.0,Mahindra,Diesel,Individual,Automatic,First Owner,645000
13,96000,12.05,2179.0,120.0,8.0,Mahindra,Diesel,Individual,Manual,First Owner,525000
19,80000,13.6,2523.0,63.0,7.0,Mahindra,Diesel,Individual,Manual,First Owner,250000
19,158107,,,,,Maruti,Petrol,Individual,Manual,Second Owner,105000
14,80000,19.81,1086.0,68.05,5.0,Hyundai,Petrol,Individual,Manual,First Owner,275000
10,80000,16.55,2498.0,105.0,6.0,Mahindra,Diesel,Individual,Manual,Second Owner,550000
6,5000,23.84,1199.0,84.0,5.0,Tata,Petrol,Individual,Manual,First Owner,450000
8,92000,21.9,1498.0,98.6,7.0,Honda,Diesel,Individual,Manual,First Owner,900000
7,50000,17.1,1956.0,170.0,5.0,Jeep,Diesel,Individual,Manual,First Owner,1550000
7,155000,25.0,1396.0,69.01,5.0,Tata,Diesel,Individual,Manual,First Owner,385000
18,192000,12.8,2494.0,102.0,8.0,Toyota,Diesel,Individual,Manual,Fourth & Above Owner,450000
10,33000,20.63,1198.0,67.0,5.0,Datsun,Petrol,Individual,Manual,First Owner,225000
11,50000,15.64,1193.0,64.1,5.0,Tata,Petrol,Individual,Manual,First Owner,250000
6,55000,14.8,1591.0,121.3,5.0,Hyundai,Petrol,Individual,Automatic,First Owner,1380000
8,15000,23.84,1199.0,84.0,5.0,Tata,Petrol,Individual,Manual,First Owner,350000
14,91500,19.7,796.0,46.3,5.0,Maruti,Petrol,Individual,Manual,First Owner,150000
15,70000,13.2,1495.0,94.0,5.0,Hyundai,Petrol,Individual,Manual,Second Owner,120000
5,10000,18.78,999.0,75.0,5.0,Volkswagen,Petrol,Individual,Manual,First Owner,585000
6,70000,21.38,1396.0,88.7,5.0,Hyundai,Diesel,Individual,Manual,First Owner,1050000
7,60000,20.3,998.0,68.05,5.0,Hyundai,Petrol,Individual,Manual,First Owner,300000
15,120000,17.88,1396.0,52.8,5.0,Tata,Diesel,Individual,Manual,Second Owner,90000
13,90000,20.54,1598.0,103.6,5.0,Volkswagen,Diesel,Individual,Manual,First Owner,340000
13,70000,,,,,Maruti,Petrol,Individual,Manual,Third Owner,190000
8,25000,17.01,1591.0,121.3,5.0,Hyundai,Petrol,Individual,Manual,First Owner,749000
7,70000,28.4,1248.0,74.02,5.0,Maruti,Diesel,Individual,Manual,First Owner,655000
12,120000,22.54,1396.0,88.73,5.0,Hyundai,Diesel,Individual,Manual,First Owner,525000
5,11000,19.3,1968.0,141.0,5.0,Skoda,Diesel,Dealer,Automatic,First Owner,2600000
8,25000,17.19,1197.0,81.86,5.0,Hyundai,Petrol,Individual,Manual,First Owner,600000
15,50000,18.9,1061.0,67.0,5.0,Maruti,Petrol,Individual,Manual,Second Owner,125000
6,15000,21.1,998.0,100.5,5.0,Maruti,Petrol,Individual,Manual,First Owner,750000
12,110000,23.0,1396.0,90.0,5.0,Hyundai,Diesel,Individual,Manual,First Owner,350000
11,120000,17.21,1493.0,100.0,7.0,Mahindra,Diesel,Individual,Manual,Second Owner,300000
18,150000,18.9,998.0,67.1,5.0,Maruti,Petrol,Individual,Manual,Second Owner,140000
5,10000,22.5,999.0,67.0,5.0,Datsun,Petrol,Individual,Manual,First Owner,390000
11,120000,15.42,1405.0,70.0,7.0,Tata,Diesel,Individual,Manual,Third Owner,135000
9,114000,25.2,1248.0,73.94,5.0,Maruti,Diesel,Dealer,Manual,First Owner,565000
11,70000,15.1,2179.0,140.0,7.0,Mahindra,Diesel,Individual,Manual,Second Owner,750000
9,29434,20.73,1373.0,91.1,5.0,Maruti,Petrol,Individual,Manual,First Owner,550000
8,60000,26.0,1498.0,98.6,5.0,Honda,Diesel,Individual,Manual,First Owner,670000
8,19000,20.63,1198.0,67.0,5.0,Datsun,Petrol,Individual,Manual,First Owner,329000
12,44588,21.1,814.0,55.2,5.0,Hyundai,Petrol,Dealer,Manual,First Owner,250000
8,30000,23.84,1199.0,84.0,5.0,Tata,Petrol,Individual,Manual,First Owner,350000
8,91182,15.96,2523.0,62.1,7.0,Mahindra,Diesel,Individual,Manual,First Owner,700000
18,201000,17.8,1399.0,68.0,5.0,Ford,Diesel,Individual,Manual,First Owner,55000
12,160000,,,,,Tata,Diesel,Individual,Manual,Second Owner,120000
6,82000,25.83,1498.0,99.0,5.0,Ford,Diesel,Individual,Manual,First Owner,640000
14,116700,15.0,1368.0,90.0,5.0,Tata,Petrol,Individual,Manual,Fourth & Above Owner,140000
9,60000,25.4,624.0,37.48,4.0,Tata,Petrol,Individual,Manual,First Owner,130000
11,50000,16.8,796.0,34.2,5.0,Maruti,Petrol,Individual,Manual,First Owner,166000
25,26320,16.1,796.0,37.0,4.0,Maruti,Petrol,Individual,Manual,First Owner,80000
12,70000,26.2,998.0,58.2,5.0,Maruti,LPG,Individual,Manual,First Owner,231000
9,110000,12.99,2494.0,100.6,7.0,Toyota,Diesel,Individual,Manual,First Owner,905000
8,50000,22.95,1248.0,74.0,5.0,Tata,Diesel,Individual,Manual,First Owner,475000
15,70000,19.09,1396.0,69.0,5.0,Tata,Diesel,Individual,Manual,First Owner,160000
11,80000,13.7,2179.0,138.1,7.0,Tata,Diesel,Individual,Manual,Second Owner,500000
24,70000,17.3,993.0,60.0,5.0,Maruti,Petrol,Individual,Manual,Fourth & Above Owner,110000
10,146000,23.59,1364.0,67.06,5.0,Toyota,Diesel,Individual,Manual,First Owner,415000
7,37000,13.5,2987.0,254.79,5.0,Mercedes-Benz,Diesel,Dealer,Automatic,First Owner,6000000
17,62000,16.1,796.0,37.0,4.0,Maruti,Petrol,Individual,Manual,Second Owner,60000
16,175802,19.3,1248.0,73.9,5.0,Maruti,Diesel,Individual,Manual,Third Owner,320000
18,93000,16.1,1197.0,85.0,5.0,Maruti,Petrol,Individual,Manual,Second Owner,189000
10,30000,19.1,1197.0,82.0,5.0,Hyundai,Petrol,Individual,Manual,First Owner,480000
8,60000,22.1,1248.0,74.0,5.0,Chevrolet,Diesel,Individual,Manual,Second Owner,250000
9,40000,27.62,793.0,47.0,5.0,Maruti,Diesel,Individual,Manual,Second Owner,340000
18,141000,17.3,993.0,60.0,5.0,Maruti,Petrol,Individual,Manual,Second Owner,120000
10,80000,11.79,2179.0,120.0,8.0,Mahindra,Diesel,Individual,Automatic,First Owner,800000
21,70000,18.9,998.0,67.1,5.0,Maruti,Petrol,Individual,Manual,Fourth & Above Owner,65000
4,70000,18.9,1197.0,81.86,5.0,Hyundai,Petrol,Individual,Manual,Second Owner,330000
10,70000,20.92,998.0,67.1,5.0,Maruti,Petrol,Individual,Manual,First Owner,210000
7,96000,19.87,1461.0,83.8,5.0,Renault,Diesel,Individual,Manual,First Owner,575000
7,50000,26.59,1248.0,74.0,5.0,Maruti,Diesel,Individual,Manual,First Owner,695000
9,126000,21.19,1396.0,88.73,5.0,Hyundai,Diesel,Individual,Manual,First Owner,500000
9,120000,24.2,1498.0,98.6,7.0,Honda,Diesel,Individual,Manual,First Owner,670000
6,15000,16.0,2179.0,140.0,7.0,Mahindra,Diesel,Individual,Manual,First Owner,1050000
22,120000,13.2,1495.0,94.0,5.0,Hyundai,Petrol,Individual,Manual,Fourth & Above Owner,55000
20,110000,14.4,1599.0,94.0,5.0,Hyundai,Petrol,Individual,Manual,Second Owner,110000
9,80000,26.0,1498.0,98.6,5.0,Honda,Diesel,Individual,Manual,Second Owner,611000
12,89000,23.2,1248.0,73.94,5.0,Maruti,Diesel,Individual,Manual,Second Owner,250000
9,33243,21.4,1197.0,83.1,5.0,Maruti,Petrol,Dealer,Manual,First Owner,585000
4,20102,13.68,2393.0,147.51,8.0,Toyota,Diesel,Dealer,Manual,First Owner,1560000
17,80000,12.8,2494.0,102.0,7.0,Toyota,Diesel,Individual,Manual,Second Owner,626000
9,40000,23.95,998.0,67.05,5.0,Maruti,Petrol,Individual,Manual,First Owner,285000
9,70000,19.1,1405.0,70.0,5.0,Tata,Diesel,Individual,Manual,First Owner,285000
18,120000,,,,,Mahindra,Diesel,Individual,Manual,Second Owner,200000
10,136000,12.99,2494.0,100.6,8.0,Toyota,Diesel,Individual,Manual,Third Owner,1050000
11,70000,23.59,1364.0,67.06,5.0,Toyota,Diesel,Dealer,Manual,Second Owner,400000
12,140000,,,,,Toyota,Diesel,Individual,Manual,Second Owner,390000
12,60000,18.6,1199.0,79.4,5.0,Chevrolet,Petrol,Individual,Manual,First Owner,180000
11,136000,18.2,1248.0,73.8,7.0,Chevrolet,Diesel,Individual,Manual,Second Owner,355000
15,90000,17.92,1086.0,62.1,5.0,Hyundai,Petrol,Individual,Manual,First Owner,150000
7,80000,17.19,1197.0,81.86,5.0,Hyundai,Petrol,Individual,Manual,Second Owner,650000
12,45000,18.5,1197.0,82.85,5.0,Hyundai,Petrol,Individual,Manual,First Owner,335000
8,70000,25.2,1248.0,74.0,5.0,Maruti,Diesel,Individual,Manual,Second Owner,565000
12,98000,20.77,1248.0,88.8,7.0,Maruti,Diesel,Individual,Manual,Fourth & Above Owner,450000
15,151000,17.8,1248.0,75.0,5.0,Maruti,Diesel,Individual,Manual,Second Owner,250000
12,60000,17.8,1399.0,67.0,5.0,Ford,Diesel,Individual,Manual,First Owner,330000
10,25000,18.6,1197.0,81.83,5.0,Hyundai,Petrol,Individual,Manual,First Owner,425000
6,33000,27.28,1047.0,69.0,5.0,Tata,Diesel,Individual,Manual,First Owner,540000
14,140000,18.4,1248.0,75.0,5.0,Tata,Diesel,Individual,Manual,First Owner,229999
5,23000,20.45,1461.0,108.5,5.0,Nissan,Diesel,Individual,Manual,First Owner,1200000
9,54700,26.0,1498.0,98.6,5.0,Honda,Diesel,Dealer,Manual,First Owner,600000
18,128000,12.6,1991.0,112.0,7.0,Hyundai,Diesel,Individual,Manual,Fourth & Above Owner,282000
15,110000,15.0,1586.0,104.68,5.0,Maruti,Petrol,Individual,Manual,First Owner,150000
8,50000,26.0,1498.0,98.6,5.0,Honda,Diesel,Individual,Manual,Second Owner,1000000
12,120000,21.12,1248.0,88.8,5.0,Tata,Diesel,Individual,Manual,First Owner,287000
7,18000,15.6,1497.0,116.3,5.0,Honda,Petrol,Dealer,Automatic,First Owner,875000
13,140000,13.5,2179.0,115.0,5.0,Mahindra,Diesel,Individual,Manual,Second Owner,400000
7,70000,24.52,1248.0,88.5,7.0,Maruti,Diesel,Individual,Manual,First Owner,800000
13,120000,10.5,2835.0,116.9,6.0,Other,Diesel,Individual,Manual,Second Owner,625000
13,80000,17.0,1405.0,71.0,5.0,Tata,Diesel,Individual,Manual,First Owner,248000
20,40000,16.8,1405.0,62.0,5.0,Tata,Diesel,Individual,Manual,Second Owner,100000
10,106000,22.32,1582.0,126.32,5.0,Hyundai,Diesel,Individual,Manual,First Owner,575000
14,90000,17.0,1197.0,80.0,5.0,Hyundai,Petrol,Individual,Manual,Fourth & Above Owner,220000
10,80000,18.2,1248.0,73.8,7.0,Chevrolet,Diesel,Individual,Manual,Second Owner,450000
8,15000,18.2,1199.0,82.4,5.0,Chevrolet,Petrol,Individual,Manual,First Owner,550000
8,120000,24.4,1120.0,71.0,5.0,Hyundai,Diesel,Individual,Manual,Second Owner,350000
9,90000,23.0,1248.0,88.7,5.0,Tata,Diesel,Individual,Manual,Second Owner,350000
21,149032,,,,,Toyota,Diesel,Individual,Manual,First Owner,200000
9,120000,25.2,1248.0,74.0,5.0,Maruti,Diesel,Individual,Manual,First Owner,530000
15,110000,17.0,1405.0,71.0,5.0,Tata,Diesel,Individual,Manual,Second Owner,135000
26,40000,16.1,796.0,37.0,4.0,Maruti,Petrol,Individual,Manual,Second Owner,35000
6,20000,20.51,998.0,67.04,5.0,Maruti,Petrol,Individual,Manual,First Owner,440000
10,52442,18.5,1198.0,86.8,5.0,Honda,Petrol,Trustmark Dealer,Manual,Second Owner,325000
9,35000,18.6,1197.0,81.83,5.0,Hyundai,Petrol,Individual,Manual,First Owner,600000
18,50000,14.0,1061.0,64.0,5.0,Maruti,Petrol,Individual,Manual,Third Owner,150000
7,43235,24.29,1498.0,99.0,5.0,Ford,Diesel,Dealer,Manual,First Owner,600000
14,36659,19.7,796.0,46.3,5.0,Maruti,Petrol,Individual,Manual,First Owner,160000
19,96000,13.4,1794.0,125.0,5.0,Toyota,Petrol,Individual,Manual,Second Owner,275000
7,54000,16.0,2179.0,140.0,7.0,Mahindra,Diesel,Individual,Manual,First Owner,1325000
10,10000,18.6,1197.0,81.83,5.0,Hyundai,Petrol,Individual,Manual,First Owner,400000
15,120000,21.1,1248.0,73.9,5.0,Maruti,Diesel,Individual,Manual,First Owner,155000
12,370000,12.05,2179.0,120.0,9.0,Mahindra,Diesel,Individual,Manual,First Owner,450000
13,116500,23.0,1396.0,90.0,5.0,Hyundai,Diesel,Individual,Manual,First Owner,350000
15,80000,22.48,1995.0,187.74,5.0,Bmw,Diesel,Dealer,Automatic,Second Owner,975000
13,170000,16.52,1991.0,123.7,5.0,Chevrolet,Diesel,Individual,Manual,Fourth & Above Owner,272000
7,25471,21.9,1396.0,90.0,5.0,Hyundai,Diesel,Dealer,Manual,First Owner,675000
7,58000,12.0,2354.0,187.4,5.0,Honda,Petrol,Dealer,Automatic,First Owner,1825000
8,50000,18.6,1199.0,76.8,5.0,Chevrolet,Petrol,Individual,Manual,First Owner,210000
18,77000,,,,,Tata,Diesel,Individual,Manual,First Owner,170000
8,50000,18.49,1493.0,100.0,7.0,Mahindra,Diesel,Individual,Manual,First Owner,700000
11,60000,15.96,2523.0,62.1,7.0,Mahindra,Diesel,Individual,Manual,First Owner,550000
5,15000,23.95,998.0,67.05,5.0,Maruti,Petrol,Individual,Manual,First Owner,350000
6,25000,23.84,1199.0,84.0,5.0,Tata,Petrol,Individual,Manual,First Owner,390000
8,58000,27.39,1248.0,74.0,5.0,Maruti,Diesel,Individual,Manual,First Owner,530000
8,30000,20.85,1197.0,83.14,5.0,Maruti,Petrol,Individual,Manual,First Owner,500000
8,100000,25.32,1198.0,77.0,6.0,Mahindra,Diesel,Individual,Manual,First Owner,280000
7,20000,24.7,796.0,47.3,5.0,Maruti,Petrol,Individual,Manual,First Owner,310000
11,70000,19.2,1086.0,68.05,5.0,Hyundai,LPG,Individual,Manual,Second Owner,275000
9,31000,25.2,1248.0,74.0,5.0,Maruti,Diesel,Individual,Manual,Second Owner,600000
15,55000,14.6,1368.0,88.7,5.0,Fiat,Petrol,Individual,Manual,First Owner,150000
15,80000,17.88,1396.0,52.8,5.0,Tata,Diesel,Individual,Manual,Second Owner,95000
14,100000,17.8,1399.0,68.0,5.0,Ford,Diesel,Individual,Manual,Second Owner,225000
7,51146,24.3,1248.0,88.5,5.0,Maruti,Diesel,Individual,Manual,First Owner,800000
5,20000,20.89,1197.0,81.8,5.0,Maruti,Petrol,Individual,Automatic,First Owner,525000
9,40000,17.4,1497.0,117.3,5.0,Honda,Petrol,Individual,Manual,First Owner,750000
14,20000,21.1,1197.0,85.8,5.0,Maruti,Petrol,Individual,Manual,First Owner,220000
5,20000,19.5,1199.0,88.76,5.0,Honda,Petrol,Individual,Manual,First Owner,670000
13,28100,,,,,Toyota,Petrol,Individual,Manual,First Owner,420000
6,30000,18.6,1197.0,81.83,5.0,Hyundai,Petrol,Individual,Manual,First Owner,700000
7,20000,17.0,1591.0,121.3,5.0,Hyundai,Petrol,Individual,Manual,First Owner,950000
10,30000,13.0,2982.0,168.5,7.0,Toyota,Diesel,Individual,Manual,Second Owner,1750000
6,10000,19.83,1198.0,67.0,5.0,Datsun,Petrol,Individual,Manual,First Owner,400000
13,298000,13.1,2499.0,141.0,7.0,Ford,Diesel,Individual,Manual,Second Owner,850000
7,35000,24.7,796.0,47.3,5.0,Maruti,Petrol,Individual,Manual,Second Owner,310000
7,34000,28.4,1248.0,74.02,5.0,Maruti,Diesel,Individual,Manual,Second Owner,625000
11,120000,23.4,1248.0,74.0,5.0,Maruti,Diesel,Individual,Manual,Second Owner,530000
5,16034,21.7,1498.0,98.96,5.0,Ford,Diesel,Dealer,Manual,First Owner,950000
11,40000,20.51,998.0,67.04,5.0,Maruti,Petrol,Individual,Manual,First Owner,350000
17,90000,16.8,1493.0,110.0,5.0,Hyundai,Diesel,Individual,Manual,Fourth & Above Owner,185000
12,80000,13.93,2179.0,138.1,7.0,Tata,Diesel,Individual,Manual,Second Owner,300000
16,56000,,,,,Maruti,Petrol,Individual,Manual,Third Owner,160000
10,150000,23.4,1248.0,74.0,5.0,Maruti,Diesel,Individual,Manual,Third Owner,409999
11,70000,28.4,1248.0,74.0,5.0,Maruti,Diesel,Dealer,Manual,Second Owner,445000
10,120000,18.2,1248.0,73.8,8.0,Chevrolet,Diesel,Individual,Manual,Second Owner,350000
7,75000,26.8,1248.0,74.0,5.0,Maruti,Diesel,Individual,Manual,First Owner,500000
6,35000,16.55,2498.0,105.0,6.0,Mahindra,Diesel,Individual,Manual,First Owner,900000
9,117000,20.85,1197.0,83.14,5.0,Maruti,Petrol,Individual,Manual,First Owner,500000
14,90000,15.6,1196.0,70.0,5.0,Ford,Petrol,Individual,Manual,Second Owner,160000
9,110000,15.4,2523.0,75.0,9.0,Mahindra,Diesel,Individual,Manual,Second Owner,650000
9,52000,19.09,1405.0,69.01,5.0,Tata,Diesel,Individual,Manual,First Owner,350000
14,120000,19.7,796.0,46.3,5.0,Maruti,Petrol,Individual,Manual,Second Owner,150000
11,190000,23.4,1248.0,74.0,5.0,Maruti,Diesel,Individual,Manual,Second Owner,430000
16,40000,16.1,796.0,37.0,4.0,Maruti,Petrol,Individual,Manual,Second Owner,65000
18,90000,10.5,2179.0,120.0,8.0,Mahindra,Diesel,Individual,Manual,Third Owner,310000
7,50000,25.8,1498.0,98.6,5.0,Honda,Diesel,Individual,Manual,First Owner,650000
10,31000,20.51,998.0,67.04,5.0,Maruti,Petrol,Individual,Manual,First Owner,300000
6,35000,20.3,1199.0,83.81,5.0,Tata,Petrol,Individual,Manual,First Owner,500000
5,15000,17.0,1956.0,138.1,5.0,Tata,Diesel,Individual,Manual,First Owner,1700000
7,20000,14.1,2179.0,147.94,7.0,Tata,Diesel,Individual,Manual,First Owner,1100000
9,70000,17.19,1197.0,81.86,5.0,Hyundai,Petrol,Individual,Manual,Third Owner,590000
11,70000,23.4,1248.0,74.0,5.0,Maruti,Diesel,Individual,Manual,Second Owner,356000
7,60000,22.77,1498.0,98.59,5.0,Ford,Diesel,Individual,Manual,First Owner,700000
11,150000,22.32,1582.0,126.32,5.0,Hyundai,Diesel,Individual,Manual,Second Owner,522000
6,60000,22.95,1248.0,74.0,5.0,Tata,Diesel,Individual,Manual,First Owner,539000
10,56000,22.32,1582.0,126.3,5.0,Hyundai,Diesel,Individual,Manual,First Owner,580000
6,48000,21.1,998.0,100.5,5.0,Maruti,Petrol,Individual,Manual,Second Owner,700000
8,139000,18.49,1493.0,100.0,7.0,Mahindra,Diesel,Individual,Manual,First Owner,600000
9,35000,17.01,1591.0,121.3,5.0,Hyundai,Petrol,Individual,Manual,First Owner,795000
8,99000,12.99,2494.0,100.6,7.0,Toyota,Diesel,Dealer,Manual,First Owner,950000
7,41232,,,0.0,,Maruti,Diesel,Dealer,Manual,First Owner,589000
20,80000,,,,,Mahindra,Diesel,Individual,Manual,Third Owner,250000
12,330000,13.44,2359.0,198.25,5.0,Hyundai,Petrol,Individual,Manual,Second Owner,500000
6,70000,13.68,2393.0,147.8,7.0,Toyota,Diesel,Individual,Manual,First Owner,1576000
8,50000,22.74,796.0,47.3,5.0,Maruti,Petrol,Individual,Manual,Second Owner,300000
13,122358,12.05,2179.0,120.0,9.0,Mahindra,Diesel,Individual,Manual,First Owner,404000
17,150000,17.2,1396.0,53.5,5.0,Tata,Diesel,Individual,Manual,Second Owner,85000
13,85000,20.0,1399.0,68.0,5.0,Ford,Diesel,Individual,Manual,First Owner,160000
7,40000,20.89,1197.0,81.8,5.0,Maruti,Petrol,Individual,Automatic,First Owner,550000
7,25000,20.51,998.0,67.04,5.0,Maruti,Petrol,Individual,Manual,First Owner,390000
6,10000,20.14,1197.0,81.86,5.0,Hyundai,Petrol,Individual,Manual,First Owner,500000
6,50000,23.01,999.0,67.0,5.0,Renault,Petrol,Individual,Manual,First Owner,260000
7,24000,27.28,1047.0,69.0,5.0,Tata,Diesel,Individual,Manual,Second Owner,350000
12,70000,22.32,1582.0,126.32,5.0,Hyundai,Diesel,Individual,Manual,First Owner,459999
14,50000,26.0,624.0,35.0,4.0,Tata,Petrol,Individual,Manual,Third Owner,55000
12,70000,19.7,796.0,46.3,5.0,Maruti,Petrol,Individual,Manual,Second Owner,180000
8,25000,22.54,1396.0,88.73,5.0,Hyundai,Diesel,Individual,Manual,First Owner,735000
13,5000,13.6,2523.0,63.0,7.0,Mahindra,Diesel,Individual,Manual,First Owner,310000
14,120000,19.3,1248.0,73.9,5.0,Maruti,Diesel,Individual,Manual,Second Owner,310000
6,50000,24.3,1248.0,88.5,5.0,Maruti,Diesel,Individual,Manual,First Owner,770000
8,100000,20.3,998.0,68.05,5.0,Hyundai,Petrol,Individual,Manual,First Owner,280000
13,80000,18.0,1248.0,75.0,5.0,Tata,Diesel,Individual,Manual,First Owner,100000
12,110000,19.3,1248.0,73.9,5.0,Maruti,Diesel,Individual,Manual,Second Owner,430000
11,100000,15.74,1591.0,121.3,5.0,Hyundai,Petrol,Individual,Automatic,Second Owner,450000
7,70000,25.5,1498.0,98.6,5.0,Honda,Diesel,Individual,Manual,First Owner,700000
8,16500,20.63,1198.0,67.0,5.0,Datsun,Petrol,Individual,Manual,First Owner,350000
9,25000,15.85,1499.0,110.4,5.0,Ford,Petrol,Individual,Manual,First Owner,700000
10,80000,19.1,1197.0,82.0,5.0,Hyundai,Petrol,Individual,Manual,First Owner,426999
13,30000,19.0,998.0,66.1,5.0,Maruti,Petrol,Individual,Manual,First Owner,347000
4,13000,21.63,998.0,67.04,5.0,Maruti,Petrol,Individual,Manual,First Owner,475000
6,30000,22.54,1396.0,88.73,5.0,Hyundai,Diesel,Individual,Manual,First Owner,800000
17,97000,16.6,1388.0,68.0,5.0,Ford,Petrol,Individual,Manual,First Owner,142000
11,170000,20.45,1461.0,83.8,5.0,Nissan,Diesel,Individual,Manual,First Owner,509999
6,15000,25.5,1498.0,98.6,5.0,Honda,Diesel,Individual,Manual,First Owner,1035000
10,147279,17.0,2200.0,139.01,7.0,Other,Diesel,Individual,Manual,Second Owner,555000
17,108000,13.9,1599.0,103.2,5.0,Hyundai,Petrol,Individual,Manual,Third Owner,220000
8,10000,22.54,1396.0,88.73,5.0,Hyundai,Diesel,Individual,Manual,First Owner,650000
7,35000,24.3,1248.0,88.5,5.0,Maruti,Diesel,Individual,Manual,First Owner,830000
11,35000,19.1,1197.0,85.8,5.0,Maruti,Petrol,Individual,Manual,Second Owner,459999
14,60000,17.0,1197.0,80.0,5.0,Hyundai,Petrol,Individual,Manual,First Owner,250000
9,25000,22.95,1248.0,74.0,5.0,Tata,Diesel,Individual,Manual,First Owner,475000
12,120000,12.05,2179.0,120.0,8.0,Mahindra,Diesel,Individual,Manual,First Owner,750000
9,90000,22.77,1498.0,98.59,5.0,Ford,Diesel,Individual,Manual,First Owner,610000
13,40000,19.0,998.0,67.1,5.0,Maruti,Petrol,Individual,Manual,Third Owner,300000
8,58000,15.4,1997.0,120.0,7.0,Mahindra,Diesel,Individual,Manual,First Owner,1050000
11,75000,22.07,1199.0,73.9,5.0,Volkswagen,Diesel,Individual,Manual,Second Owner,440000
13,30000,18.0,995.0,62.0,5.0,Chevrolet,Petrol,Individual,Manual,First Owner,150000
7,98000,13.68,2393.0,147.51,7.0,Toyota,Diesel,Dealer,Manual,First Owner,1750000
6,30000,19.87,1461.0,83.14,5.0,Nissan,Diesel,Individual,Manual,First Owner,840000
11,110000,13.7,2179.0,138.1,7.0,Tata,Diesel,Individual,Manual,Second Owner,525000
6,19000,18.78,999.0,75.0,5.0,Volkswagen,Petrol,Individual,Manual,First Owner,565000
5,35000,18.6,1197.0,81.86,5.0,Hyundai,Petrol,Individual,Manual,First Owner,800000
14,60000,18.3,1991.0,147.9,5.0,Chevrolet,Diesel,Individual,Manual,First Owner,300000
7,40000,25.0,1396.0,69.0,5.0,Tata,Diesel,Individual,Manual,First Owner,290000
9,30000,17.4,1497.0,117.3,5.0,Honda,Petrol,Individual,Manual,First Owner,700000
10,80000,23.4,1248.0,74.0,5.0,Maruti,Diesel,Individual,Manual,Second Owner,445000
12,56000,20.36,1197.0,78.9,5.0,Hyundai,Petrol,Individual,Manual,First Owner,270000
13,40000,20.92,998.0,67.1,5.0,Maruti,Petrol,Individual,Manual,Second Owner,229999
7,15000,24.7,796.0,47.3,5.0,Maruti,Petrol,Individual,Manual,First Owner,310000
8,85000,12.62,2198.0,158.0,7.0,Ford,Diesel,Individual,Automatic,Second Owner,2100000
7,26263,21.1,814.0,55.2,5.0,Hyundai,Petrol,Individual,Manual,First Owner,350000
10,110000,15.4,1997.0,120.0,7.0,Mahindra,Diesel,Individual,Manual,First Owner,900000
7,50000,24.52,1248.0,88.5,7.0,Maruti,Diesel,Individual,Manual,First Owner,710000
9,50000,22.74,796.0,47.3,5.0,Maruti,Petrol,Individual,Manual,First Owner,300000
13,70000,16.36,1495.0,93.7,5.0,Hyundai,Petrol,Individual,Manual,First Owner,180000
5,25000,18.49,1493.0,100.0,7.0,Mahindra,Diesel,Individual,Manual,First Owner,875000
10,120000,19.1,1405.0,70.0,5.0,Tata,Diesel,Individual,Manual,Second Owner,200000
17,60000,19.7,796.0,46.3,5.0,Maruti,Petrol,Individual,Manual,First Owner,135000
5,14700,25.17,799.0,53.3,5.0,Renault,Petrol,Individual,Manual,First Owner,325000
6,28156,17.09,2993.0,261.4,4.0,Bmw,Diesel,Dealer,Automatic,First Owner,6000000
9,60000,21.1,814.0,55.2,5.0,Hyundai,Petrol,Individual,Manual,Second Owner,280000
14,90000,21.4,1586.0,103.3,5.0,Maruti,CNG,Individual,Manual,Second Owner,250000
13,40736,16.95,1197.0,78.9,5.0,Hyundai,Petrol,Dealer,Automatic,First Owner,272000
11,49102,18.88,999.0,123.37,5.0,Ford,Petrol,Dealer,Manual,Second Owner,429000
4,20000,22.1,1396.0,88.7,5.0,Hyundai,Diesel,Individual,Manual,First Owner,1050000
15,100000,13.0,2489.0,95.0,8.0,Mahindra,Diesel,Individual,Manual,Second Owner,121000
12,144030,12.8,2354.0,177.6,5.0,Honda,Petrol,Individual,Manual,First Owner,600000
11,70000,15.96,2523.0,62.1,7.0,Mahindra,Diesel,Individual,Manual,First Owner,450000
10,80000,19.01,1461.0,108.45,5.0,Renault,Diesel,Individual,Manual,First Owner,455999
6,9000,21.4,1197.0,83.1,5.0,Maruti,Petrol,Individual,Automatic,First Owner,740000
16,90000,,,,,Maruti,Petrol,Individual,Manual,First Owner,200000
17,80000,16.1,796.0,37.0,4.0,Maruti,Petrol,Individual,Manual,First Owner,45000
8,70000,27.28,1047.0,69.0,5.0,Tata,Diesel,Individual,Manual,First Owner,380000
6,75000,21.5,1498.0,108.5,5.0,Volkswagen,Diesel,Individual,Automatic,First Owner,950000
5,25000,20.52,1197.0,81.8,5.0,Maruti,Petrol,Individual,Manual,First Owner,480000
11,150000,15.1,2179.0,140.0,7.0,Mahindra,Diesel,Individual,Manual,Second Owner,720000
17,150000,17.8,1248.0,75.0,5.0,Maruti,Diesel,Individual,Manual,Fourth & Above Owner,250000
12,158500,,,,,Toyota,Diesel,Individual,Manual,Third Owner,400000
9,50000,20.85,1197.0,83.14,5.0,Maruti,Petrol,Individual,Manual,First Owner,550000
12,90000,21.43,1364.0,87.2,5.0,Toyota,Diesel,Individual,Manual,Fourth & Above Owner,476999
6,85000,21.5,1497.0,108.5,5.0,Tata,Diesel,Individual,Manual,Second Owner,800000
9,17000,21.1,814.0,55.2,5.0,Hyundai,Petrol,Individual,Manual,First Owner,290000
7,40000,20.3,1199.0,84.0,5.0,Tata,Petrol,Individual,Manual,Second Owner,600000
13,100000,17.5,1298.0,85.8,5.0,Maruti,Petrol,Individual,Manual,Second Owner,300000
11,80000,12.05,2179.0,120.0,8.0,Mahindra,Diesel,Individual,Manual,Second Owner,530000
7,15000,15.4,1497.0,117.3,7.0,Honda,Petrol,Individual,Automatic,First Owner,950000
12,82507,13.93,2179.0,138.03,7.0,Tata,Diesel,Dealer,Manual,First Owner,132000
7,98000,11.36,2755.0,171.5,7.0,Toyota,Diesel,Dealer,Automatic,First Owner,1390000
16,110000,13.93,2179.0,138.1,7.0,Tata,Diesel,Individual,Manual,First Owner,200000
7,34000,22.0,1498.0,108.495,5.0,Volkswagen,Diesel,Individual,Automatic,First Owner,625000
7,54470,15.4,2179.0,120.0,7.0,Mahindra,Diesel,Dealer,Manual,First Owner,950000
16,250000,12.8,2494.0,102.0,8.0,Toyota,Diesel,Individual,Manual,Third Owner,425000
13,60000,19.3,1248.0,73.9,5.0,Maruti,Diesel,Individual,Manual,First Owner,265000
13,80000,19.4,1405.0,70.0,5.0,Tata,Diesel,Individual,Manual,First Owner,350000
33,120000,,,,,Maruti,LPG,Individual,Manual,Second Owner,55000
7,56000,25.2,1248.0,74.0,5.0,Maruti,Diesel,Individual,Manual,First Owner,660000
6,30000,20.51,998.0,67.04,5.0,Maruti,Petrol,Individual,Manual,First Owner,432000
16,127000,16.8,1493.0,110.0,5.0,Hyundai,Diesel,Individual,Manual,Second Owner,245000
9,40000,25.44,936.0,56.3,5.0,Chevrolet,Diesel,Individual,Manual,First Owner,200000
17,78000,16.1,1298.0,88.2,5.0,Maruti,Petrol,Individual,Manual,Second Owner,170000
16,219000,13.6,2523.0,63.0,7.0,Mahindra,Diesel,Individual,Manual,Second Owner,305000
12,95000,19.7,1598.0,103.6,5.0,Volkswagen,Diesel,Individual,Manual,First Owner,400000
8,42323,21.19,1396.0,88.76,5.0,Hyundai,Diesel,Dealer,Manual,First Owner,651000
11,150000,23.4,1248.0,74.0,5.0,Maruti,Diesel,Individual,Manual,First Owner,470000
9,57000,15.4,1997.0,120.0,7.0,Mahindra,Diesel,Individual,Manual,Second Owner,670000
6,29000,15.1,2179.0,152.87,7.0,Mahindra,Diesel,Individual,Manual,First Owner,1150000
18,88000,16.8,1405.0,62.0,5.0,Tata,Diesel,Individual,Manual,Second Owner,110000
12,120000,19.09,1396.0,69.0,5.0,Tata,Diesel,Individual,Manual,Second Owner,204999
13,50000,15.64,1193.0,64.08,5.0,Tata,Petrol,Individual,Manual,Second Owner,150000
7,27000,,,,,Bmw,Diesel,Dealer,Automatic,First Owner,2150000
14,70000,17.0,1197.0,80.0,5.0,Hyundai,Petrol,Individual,Manual,First Owner,300000
8,120000,18.49,1493.0,100.0,7.0,Mahindra,Diesel,Individual,Manual,First Owner,625000
11,56000,11.2,2993.0,241.0,4.0,Bmw,Diesel,Dealer,Automatic,First Owner,3750000
6,2000,16.8,1984.0,150.0,5.0,Other,Diesel,Dealer,Automatic,First Owner,2475000
11,91500,10.0,2148.0,170.0,5.0,Mercedes-Benz,Diesel,Dealer,Automatic,First Owner,1925000
9,60000,19.67,1582.0,126.2,5.0,Hyundai,Diesel,Individual,Manual,First Owner,965000
11,60000,16.02,1373.0,93.7,7.0,Maruti,Petrol,Individual,Manual,First Owner,500000
7,60000,22.77,1498.0,98.59,5.0,Ford,Diesel,Individual,Manual,First Owner,800000
8,45217,25.83,1498.0,99.0,5.0,Ford,Diesel,Dealer,Manual,First Owner,400000
10,90000,25.0,1396.0,69.0,5.0,Tata,Diesel,Individual,Manual,First Owner,160000
7,80000,22.0,1197.0,81.8,5.0,Maruti,Petrol,Dealer,Manual,First Owner,700000
12,99000,15.5,1586.0,103.3,5.0,Maruti,Petrol,Individual,Manual,Second Owner,260000
5,35000,26.6,998.0,58.16,5.0,Maruti,CNG,Individual,Manual,First Owner,459999
10,80000,19.01,1461.0,108.45,5.0,Renault,Diesel,Individual,Manual,First Owner,650000
12,83000,16.8,1497.0,116.3,5.0,Honda,Petrol,Individual,Manual,First Owner,550000
8,190000,24.3,1248.0,88.5,5.0,Maruti,Diesel,Individual,Manual,First Owner,791000
14,86000,17.92,1086.0,62.1,5.0,Hyundai,Petrol,Individual,Manual,Second Owner,245000
10,52000,19.1,1197.0,81.86,5.0,Hyundai,Petrol,Individual,Manual,First Owner,375000
10,71000,21.64,1461.0,84.8,5.0,Nissan,Diesel,Dealer,Manual,First Owner,335000
16,80000,18.9,1061.0,67.0,5.0,Maruti,Petrol,Individual,Manual,Fourth & Above Owner,110000
7,40000,23.95,998.0,67.05,5.0,Maruti,Petrol,Individual,Manual,First Owner,350000
13,50000,23.57,1396.0,70.0,5.0,Tata,Diesel,Individual,Manual,Second Owner,153000
12,60000,17.7,1497.0,113.42,5.0,Hyundai,Petrol,Dealer,Manual,First Owner,355000
8,80000,18.2,1248.0,73.74,8.0,Chevrolet,Diesel,Individual,Manual,First Owner,490000
11,75010,13.73,1995.0,148.0,5.0,Renault,Diesel,Dealer,Automatic,First Owner,1000000
7,5000,25.17,799.0,53.3,5.0,Renault,Petrol,Individual,Manual,First Owner,285000
9,120000,23.59,1364.0,67.05,5.0,Toyota,Diesel,Individual,Manual,Second Owner,570000
9,50000,17.4,1497.0,117.3,5.0,Honda,Petrol,Individual,Manual,First Owner,800000
5,15000,22.1,1396.0,88.7,5.0,Hyundai,Diesel,Individual,Manual,First Owner,950000
19,60000,18.9,998.0,67.1,5.0,Maruti,Petrol,Individual,Manual,Fourth & Above Owner,120000
6,25000,14.28,1798.0,138.03,5.0,Toyota,Petrol,Dealer,Automatic,First Owner,1590000
11,120000,22.9,1248.0,74.0,5.0,Maruti,Diesel,Individual,Manual,Second Owner,450000
8,15000,19.81,1086.0,68.05,5.0,Hyundai,Petrol,Individual,Manual,First Owner,425000
17,40000,18.0,995.0,62.0,5.0,Chevrolet,Petrol,Individual,Manual,Second Owner,72000
13,90000,19.3,1248.0,73.9,5.0,Maruti,Diesel,Individual,Manual,Second Owner,240000
8,75000,16.0,2179.0,140.0,7.0,Mahindra,Diesel,Individual,Automatic,Third Owner,950000
10,35000,20.51,998.0,67.04,5.0,Maruti,Petrol,Individual,Manual,First Owner,350000
5,7000,21.63,998.0,67.0,5.0,Maruti,Petrol,Individual,Manual,First Owner,490000
6,60000,23.0,1498.0,98.96,5.0,Ford,Diesel,Individual,Manual,First Owner,990000
14,35000,19.7,796.0,46.3,5.0,Maruti,Petrol,Individual,Manual,First Owner,190000
9,18000,22.74,796.0,47.3,5.0,Maruti,Petrol,Individual,Manual,First Owner,310000
11,80000,16.95,1498.0,97.7,5.0,Nissan,Petrol,Individual,Manual,Third Owner,275000
9,117500,17.4,1497.0,117.3,5.0,Honda,Petrol,Individual,Manual,Second Owner,630000
8,94000,19.67,1582.0,126.2,5.0,Hyundai,Diesel,Individual,Manual,First Owner,1100000
8,69000,25.83,1498.0,99.0,5.0,Ford,Diesel,Individual,Manual,Second Owner,459999
11,110000,19.81,1086.0,68.05,5.0,Hyundai,Petrol,Individual,Manual,Second Owner,245000
11,40000,21.1,814.0,55.2,5.0,Hyundai,Petrol,Individual,Manual,Second Owner,290000
7,49000,25.4,1186.0,73.97,5.0,Hyundai,Diesel,Dealer,Manual,First Owner,550000
5,25000,23.01,999.0,67.0,5.0,Renault,Petrol,Individual,Manual,First Owner,390000
12,151000,12.8,2494.0,102.0,8.0,Toyota,Diesel,Individual,Manual,First Owner,1100000
6,33360,22.77,1498.0,98.59,5.0,Ford,Diesel,Dealer,Manual,First Owner,925000
15,300000,14.0,2498.0,112.0,7.0,Mahindra,Diesel,Individual,Manual,First Owner,150000
18,150000,19.7,796.0,46.3,5.0,Maruti,Petrol,Individual,Manual,Second Owner,85000
13,119000,16.52,1991.0,123.7,5.0,Chevrolet,Diesel,Individual,Manual,Second Owner,300000
10,72000,26.0,1498.0,98.6,5.0,Honda,Diesel,Dealer,Manual,First Owner,560000
11,30000,20.77,1248.0,88.76,7.0,Maruti,Diesel,Individual,Manual,Second Owner,600000
12,49185,16.8,1497.0,116.4,5.0,Honda,Petrol,Dealer,Manual,First Owner,428000
5,19000,18.6,1197.0,81.86,5.0,Hyundai,Petrol,Individual,Manual,First Owner,700000
12,54000,20.0,1399.0,68.0,5.0,Ford,Diesel,Individual,Manual,First Owner,300000
8,60000,22.74,796.0,47.3,5.0,Maruti,Petrol,Individual,Manual,Second Owner,305000
17,144000,10.9,796.0,32.8,5.0,Maruti,LPG,Individual,Manual,Second Owner,54000
13,93500,18.6,1388.0,67.0,5.0,Ford,Diesel,Individual,Manual,Second Owner,350000
9,60000,12.55,2982.0,168.5,7.0,Toyota,Diesel,Individual,Automatic,First Owner,2000000
21,65000,18.9,998.0,67.1,5.0,Maruti,Petrol,Individual,Manual,Third Owner,145000
15,150000,11.57,2179.0,138.1,7.0,Tata,Diesel,Individual,Manual,Fourth & Above Owner,150000
11,60000,21.1,814.0,55.2,5.0,Hyundai,Petrol,Individual,Manual,Second Owner,200000
13,120000,23.0,1396.0,90.0,5.0,Hyundai,Diesel,Individual,Manual,Third Owner,250000
5,7000,18.78,999.0,75.0,5.0,Volkswagen,Petrol,Individual,Manual,First Owner,565000
5,30000,23.0,1498.0,98.96,5.0,Ford,Diesel,Individual,Manual,First Owner,906000
16,80000,16.0,995.0,63.0,5.0,Chevrolet,Petrol,Individual,Manual,First Owner,75527
9,80000,18.5,1197.0,85.8,5.0,Maruti,Petrol,Individual,Manual,Second Owner,300000
20,80000,,,,,Hyundai,Petrol,Individual,Automatic,Third Owner,80000
11,75000,21.1,814.0,55.2,5.0,Hyundai,Petrol,Individual,Manual,Second Owner,225000
8,25000,17.01,1591.0,121.3,5.0,Hyundai,Petrol,Individual,Manual,First Owner,850000
11,80000,21.9,1396.0,88.76,5.0,Hyundai,Diesel,Individual,Manual,First Owner,370000
8,60000,20.4,1197.0,81.8,5.0,Maruti,Petrol,Individual,Manual,First Owner,500000
14,110000,11.79,2179.0,120.0,8.0,Mahindra,Diesel,Individual,Automatic,First Owner,490000
4,5000,21.01,1197.0,81.8,5.0,Maruti,Petrol,Individual,Manual,First Owner,630000
8,35000,22.7,799.0,53.64,5.0,Datsun,Petrol,Individual,Manual,First Owner,260000
7,35000,15.37,1196.0,73.0,7.0,Maruti,Petrol,Individual,Manual,First Owner,350000
10,101200,15.3,2956.0,83.83,7.0,Tata,Diesel,Individual,Manual,Second Owner,350000
6,60000,22.54,1396.0,88.73,5.0,Hyundai,Diesel,Individual,Manual,Second Owner,799000
12,61100,14.3,1968.0,140.0,5.0,Volkswagen,Diesel,Dealer,Automatic,First Owner,799000
6,50000,17.0,1198.0,108.5,5.0,Tata,Petrol,Individual,Manual,First Owner,850000
7,35000,17.5,1373.0,91.1,7.0,Maruti,Petrol,Individual,Manual,First Owner,700000
9,59292,28.4,1248.0,74.0,5.0,Maruti,Diesel,Dealer,Manual,First Owner,495000
9,110000,26.59,1248.0,74.0,5.0,Maruti,Diesel,Individual,Manual,First Owner,470000
13,100000,19.5,1199.0,75.0,5.0,Skoda,Diesel,Individual,Manual,First Owner,210000
6,35000,17.3,1497.0,121.0,8.0,Mahindra,Diesel,Individual,Manual,First Owner,1200000
5,15000,23.01,999.0,67.0,5.0,Renault,Petrol,Individual,Manual,First Owner,420000
14,120000,13.0,2489.0,95.0,8.0,Mahindra,Diesel,Individual,Manual,Second Owner,250000
8,100600,13.68,2393.0,147.8,8.0,Toyota,Diesel,Individual,Manual,Second Owner,1500000
13,120000,19.3,1248.0,73.9,5.0,Maruti,Diesel,Individual,Manual,Second Owner,350000
17,136000,16.1,1298.0,88.2,5.0,Maruti,Petrol,Individual,Manual,Second Owner,220000
6,35000,24.52,1248.0,88.5,7.0,Maruti,Diesel,Individual,Manual,First Owner,900000
5,13000,18.06,2523.0,63.0,7.0,Mahindra,Diesel,Dealer,Manual,First Owner,890000
10,40000,24.2,1498.0,98.6,7.0,Honda,Diesel,Individual,Manual,Second Owner,600000
17,100000,17.8,1248.0,75.0,5.0,Maruti,Diesel,Individual,Manual,Second Owner,250000
7,80000,24.7,796.0,47.3,5.0,Maruti,Petrol,Individual,Manual,First Owner,295000
10,90000,24.0,1120.0,70.0,5.0,Hyundai,Diesel,Individual,Manual,Second Owner,459999
10,40000,19.01,1461.0,108.5,5.0,Nissan,Diesel,Individual,Manual,First Owner,475000
8,110000,13.68,2393.0,147.8,7.0,Toyota,Diesel,Individual,Manual,First Owner,1800000
17,175000,17.3,1061.0,57.5,5.0,Maruti,LPG,Individual,Manual,First Owner,96000
8,80000,25.8,1498.0,98.6,5.0,Honda,Diesel,Individual,Manual,Second Owner,500000
11,15000,0.0,1086.0,62.1,5.0,Hyundai,Petrol,Individual,Manual,First Owner,184000
10,120000,23.59,1364.0,67.04,5.0,Toyota,Diesel,Individual,Manual,First Owner,420000
13,175000,15.96,2523.0,63.0,9.0,Mahindra,Diesel,Individual,Manual,Third Owner,320000
7,51777,24.3,1248.0,88.5,5.0,Maruti,Diesel,Dealer,Manual,First Owner,750000
7,20000,23.84,1199.0,84.0,5.0,Tata,Petrol,Individual,Manual,First Owner,475000
17,120000,19.7,796.0,46.3,5.0,Maruti,Petrol,Individual,Manual,Second Owner,120000
11,120000,20.0,1399.0,68.1,5.0,Ford,Diesel,Individual,Manual,Second Owner,325000
6,25000,25.4,1186.0,73.97,5.0,Hyundai,Diesel,Individual,Manual,First Owner,470000
8,46000,18.25,1968.0,187.74,5.0,Audi,Diesel,Dealer,Automatic,First Owner,1898999
7,90000,15.4,2179.0,120.0,7.0,Mahindra,Diesel,Individual,Manual,First Owner,1050000
13,165000,21.1,1248.0,73.9,5.0,Maruti,Diesel,Individual,Manual,First Owner,275000
13,35000,19.7,796.0,46.3,5.0,Maruti,Petrol,Individual,Manual,First Owner,220000
10,33400,17.43,1396.0,105.5,5.0,Hyundai,Petrol,Individual,Manual,First Owner,500000
25,100000,,,,,Maruti,LPG,Individual,Manual,Fourth & Above Owner,70000
11,27000,20.92,998.0,67.1,5.0,Maruti,Petrol,Individual,Manual,First Owner,250000
9,92651,21.7,1498.0,98.96,5.0,Ford,Diesel,Dealer,Manual,First Owner,599000
16,61000,17.1,1493.0,110.0,5.0,Hyundai,Diesel,Dealer,Manual,Second Owner,175000
6,25000,20.3,1086.0,68.0,5.0,Hyundai,Petrol,Individual,Manual,First Owner,500000
15,70000,20.36,1197.0,78.9,5.0,Hyundai,Petrol,Individual,Manual,Second Owner,180000
10,80000,20.51,998.0,67.06,5.0,Maruti,Petrol,Individual,Manual,First Owner,318000
14,43000,18.9,998.0,67.1,5.0,Maruti,Petrol,Individual,Manual,First Owner,210000
14,110000,17.0,1405.0,71.0,5.0,Tata,Diesel,Individual,Manual,Second Owner,170000
7,60000,28.4,1248.0,74.02,5.0,Maruti,Diesel,Individual,Manual,First Owner,699000
6,90000,23.0,1498.0,98.96,5.0,Ford,Diesel,Individual,Manual,First Owner,850000
20,90000,,,,,Hyundai,Petrol,Individual,Manual,Third Owner,90000
7,35000,24.7,796.0,47.3,5.0,Maruti,Petrol,Individual,Manual,First Owner,295000
12,65000,18.9,998.0,67.1,5.0,Maruti,Petrol,Individual,Manual,Second Owner,250000
27,100000,17.3,993.0,60.0,5.0,Maruti,Petrol,Individual,Manual,Second Owner,70000
10,83000,22.32,1582.0,126.32,5.0,Hyundai,Diesel,Individual,Manual,Third Owner,650000
16,100000,14.8,1998.0,68.0,5.0,Other,Diesel,Individual,Manual,First Owner,160000
11,50000,11.74,2987.0,254.8,5.0,Mercedes-Benz,Diesel,Individual,Automatic,First Owner,3600000
22,62000,16.1,796.0,37.0,4.0,Maruti,Petrol,Individual,Manual,First Owner,50000
9,84000,28.09,1248.0,88.5,5.0,Maruti,Diesel,Individual,Manual,First Owner,650000
14,65000,17.92,1086.0,62.1,5.0,Hyundai,Petrol,Individual,Manual,Second Owner,160000
9,56975,16.0,2179.0,140.0,7.0,Mahindra,Diesel,Individual,Manual,First Owner,1147000
15,63000,,,,,Maruti,Petrol,Individual,Manual,Third Owner,155000
8,100000,25.32,1198.0,77.0,6.0,Mahindra,Diesel,Individual,Manual,Second Owner,360000
17,129000,17.0,1405.0,70.0,5.0,Tata,Diesel,Individual,Manual,Third Owner,90177
12,110000,21.64,1461.0,84.8,5.0,Nissan,Diesel,Individual,Manual,Third Owner,220000
4,50000,16.36,2179.0,140.0,7.0,Mahindra,Diesel,Individual,Manual,First Owner,1500000
7,48000,22.54,1396.0,88.73,5.0,Hyundai,Diesel,Individual,Manual,First Owner,670000
7,80000,20.63,1198.0,67.0,5.0,Datsun,Petrol,Individual,Manual,Second Owner,329000
15,91000,,,,,Maruti,Petrol,Individual,Manual,Second Owner,198000
11,99000,12.99,2494.0,100.0,7.0,Toyota,Diesel,Dealer,Manual,First Owner,700000
6,30000,18.9,1197.0,81.86,5.0,Hyundai,Petrol,Individual,Automatic,First Owner,580000
7,52236,15.4,2179.0,120.0,7.0,Mahindra,Diesel,Dealer,Manual,First Owner,950000
7,30000,25.2,1248.0,74.0,5.0,Maruti,Diesel,Individual,Manual,First Owner,590000
12,90000,20.46,1461.0,83.8,5.0,Renault,Diesel,Individual,Manual,Second Owner,545000
9,80000,15.3,2956.0,83.83,7.0,Tata,Diesel,Individual,Manual,First Owner,434999
7,24500,25.8,1498.0,98.6,5.0,Honda,Diesel,Dealer,Manual,First Owner,600000
27,60000,16.1,796.0,37.0,4.0,Maruti,Petrol,Individual,Manual,Second Owner,50000
7,162000,14.1,2179.0,147.94,7.0,Tata,Diesel,Individual,Manual,First Owner,850000
12,40000,21.1,814.0,55.2,5.0,Hyundai,Petrol,Individual,Manual,First Owner,150000
11,90000,17.97,1498.0,99.6,5.0,Nissan,Petrol,Individual,Automatic,Second Owner,350000
20,90000,16.8,1405.0,62.0,5.0,Tata,Diesel,Individual,Manual,Third Owner,55000
12,60000,25.44,936.0,57.6,5.0,Chevrolet,Diesel,Individual,Manual,Second Owner,120000
8,36000,20.85,1197.0,83.14,5.0,Maruti,Petrol,Individual,Manual,First Owner,620000
7,110000,15.96,2523.0,63.0,9.0,Mahindra,Diesel,Individual,Manual,First Owner,650000
6,22000,21.56,1462.0,103.25,5.0,Maruti,Petrol,Individual,Manual,Second Owner,650000
9,90000,26.59,1248.0,74.0,5.0,Maruti,Diesel,Individual,Manual,First Owner,480000
20,60000,19.7,796.0,46.3,5.0,Maruti,Petrol,Individual,Manual,Second Owner,118000
6,5000,22.0,1197.0,81.8,5.0,Maruti,Petrol,Individual,Manual,First Owner,550000
7,53000,17.57,1193.0,88.7,5.0,Tata,Petrol,Individual,Manual,First Owner,400000
7,28782,18.6,1197.0,81.83,5.0,Hyundai,Petrol,Dealer,Manual,First Owner,570000
5,10000,14.84,1598.0,103.2,5.0,Skoda,Petrol,Individual,Automatic,First Owner,835000
6,26000,25.4,1186.0,73.97,5.0,Hyundai,Diesel,Individual,Manual,First Owner,680000
17,90000,17.8,1086.0,63.0,5.0,Hyundai,Petrol,Individual,Manual,Third Owner,165000
5,20000,20.3,1199.0,83.81,5.0,Tata,Petrol,Individual,Manual,First Owner,530000
12,82000,17.3,1998.0,163.7,5.0,Chevrolet,Diesel,Individual,Manual,Third Owner,495000
11,200000,11.18,2696.0,184.0,7.0,Mahindra,Diesel,Individual,Automatic,First Owner,850000
6,36000,28.09,1248.0,88.5,5.0,Maruti,Diesel,Dealer,Manual,First Owner,975000
14,80000,13.45,1086.0,62.1,5.0,Hyundai,LPG,Individual,Manual,Second Owner,200000
9,100000,23.0,1248.0,88.7,5.0,Tata,Diesel,Individual,Manual,First Owner,400000
6,30000,14.99,1498.0,104.5,5.0,Renault,Petrol,Individual,Automatic,First Owner,900000
6,20000,24.7,796.0,47.3,5.0,Maruti,Petrol,Individual,Manual,First Owner,270000
11,110000,12.99,2494.0,100.0,7.0,Toyota,Diesel,Individual,Manual,Second Owner,910000
12,90000,22.9,1248.0,74.0,5.0,Maruti,Diesel,Individual,Manual,Second Owner,400000
11,110000,18.5,1197.0,82.85,5.0,Hyundai,Petrol,Individual,Manual,First Owner,320000
5,24000,28.4,1248.0,74.02,5.0,Maruti,Diesel,Individual,Manual,First Owner,750000
15,110000,20.36,1197.0,78.9,5.0,Hyundai,Petrol,Individual,Manual,Second Owner,150000
8,35000,18.49,1493.0,100.0,7.0,Mahindra,Diesel,Individual,Manual,First Owner,750000
10,65000,21.14,1498.0,103.52,5.0,Skoda,Diesel,Individual,Manual,Second Owner,640000
6,35000,21.4,1197.0,83.1,5.0,Maruti,Petrol,Individual,Manual,First Owner,610000
12,90165,17.8,1399.0,67.0,5.0,Ford,Diesel,Dealer,Manual,First Owner,450000
6,18000,19.62,1998.0,190.0,5.0,Bmw,Diesel,Dealer,Automatic,First Owner,3350000
13,120000,13.6,2523.0,63.0,7.0,Mahindra,Diesel,Individual,Manual,First Owner,280000
13,50000,17.0,1405.0,71.0,5.0,Tata,Diesel,Individual,Manual,Second Owner,200000
11,80000,23.4,1248.0,74.0,5.0,Maruti,Diesel,Individual,Manual,Fourth & Above Owner,375000
22,100000,17.3,993.0,60.0,5.0,Maruti,Petrol,Individual,Manual,Fourth & Above Owner,60000
8,45000,24.3,1248.0,88.5,5.0,Maruti,Diesel,Individual,Manual,First Owner,950000
11,80000,23.2,1248.0,73.94,5.0,Maruti,Diesel,Individual,Manual,First Owner,245000
6,30000,23.0,1498.0,98.96,5.0,Ford,Diesel,Individual,Manual,Second Owner,810000
6,25000,20.73,1373.0,91.1,5.0,Maruti,Petrol,Individual,Manual,First Owner,764000
10,90000,20.77,1248.0,88.8,7.0,Maruti,Diesel,Individual,Manual,First Owner,650000
20,120000,16.8,1405.0,62.0,5.0,Tata,Diesel,Individual,Manual,Second Owner,85000
6,25000,21.4,1197.0,83.1,5.0,Maruti,Petrol,Individual,Automatic,First Owner,800000
8,7000,21.04,1461.0,83.8,8.0,Renault,Diesel,Dealer,Manual,First Owner,620000
9,32000,26.59,1248.0,74.0,5.0,Maruti,Diesel,Individual,Manual,First Owner,615000
7,55000,20.85,1197.0,83.14,5.0,Maruti,Petrol,Individual,Manual,First Owner,480000
9,80000,15.96,2523.0,62.1,7.0,Mahindra,Diesel,Individual,Manual,First Owner,600000
21,90000,16.1,796.0,37.0,4.0,Maruti,Petrol,Individual,Manual,Fourth & Above Owner,45000
7,88754,16.0,2179.0,140.0,7.0,Mahindra,Diesel,Dealer,Manual,First Owner,1100000
17,35000,18.2,1061.0,64.0,5.0,Maruti,Petrol,Individual,Manual,First Owner,150000
19,100000,13.1,1493.0,82.0,5.0,Hyundai,Diesel,Individual,Manual,Third Owner,100000
20,271000,16.8,1405.0,62.0,5.0,Tata,Diesel,Individual,Manual,First Owner,50000
9,50000,17.01,1582.0,126.2,5.0,Hyundai,Diesel,Individual,Automatic,First Owner,1050000
12,150000,,,,,Toyota,Diesel,Individual,Manual,First Owner,405000
20,77000,16.1,796.0,37.0,4.0,Maruti,Petrol,Individual,Manual,Third Owner,45000
13,120000,20.0,1399.0,68.0,5.0,Ford,Diesel,Individual,Manual,First Owner,160000
12,60000,22.3,1248.0,74.0,5.0,Tata,Diesel,Individual,Manual,First Owner,130000
7,60000,22.54,1396.0,88.73,5.0,Hyundai,Diesel,Individual,Manual,First Owner,600000
7,15000,24.7,1047.0,69.0,5.0,Tata,Diesel,Individual,Manual,First Owner,597000
16,120000,19.7,796.0,46.3,5.0,Maruti,Petrol,Individual,Manual,Second Owner,145000
6,46000,28.4,1248.0,74.0,5.0,Maruti,Diesel,Individual,Manual,First Owner,630000
11,96000,20.46,1461.0,83.8,5.0,Renault,Diesel,Individual,Manual,First Owner,400000
5,3000,20.14,1197.0,81.86,5.0,Hyundai,Petrol,Individual,Manual,First Owner,550000
4,15000,24.3,1248.0,88.5,5.0,Maruti,Diesel,Individual,Manual,First Owner,810000
18,80000,,,,,Maruti,Diesel,Individual,Manual,First Owner,150000
23,10000,17.3,993.0,60.0,5.0,Maruti,Petrol,Individual,Manual,First Owner,30000
11,150000,15.1,2179.0,140.0,7.0,Mahindra,Diesel,Individual,Manual,Second Owner,800000
7,30000,21.94,1196.0,61.7,5.0,Maruti,CNG,Individual,Manual,First Owner,380000
17,80000,15.3,1193.0,65.3,5.0,Tata,Petrol,Individual,Manual,Third Owner,80000
15,110000,,,,,Maruti,Diesel,Individual,Manual,First Owner,210000
6,5000,14.8,1591.0,121.3,5.0,Hyundai,Petrol,Individual,Automatic,First Owner,1350000
6,50000,23.1,998.0,67.04,5.0,Maruti,Petrol,Individual,Manual,First Owner,385000
11,80000,12.99,2494.0,100.6,7.0,Toyota,Diesel,Individual,Manual,Second Owner,750000
5,7673,28.4,1248.0,74.02,5.0,Maruti,Diesel,Individual,Automatic,First Owner,825000
9,50000,18.6,1197.0,81.83,5.0,Hyundai,Petrol,Individual,Manual,First Owner,480000
22,80000,19.7,796.0,46.3,5.0,Maruti,Petrol,Individual,Manual,Second Owner,150000
10,90000,15.1,2179.0,140.0,7.0,Mahindra,Diesel,Individual,Manual,Second Owner,750000
9,36422,18.44,1198.0,75.0,5.0,Nissan,Petrol,Dealer,Manual,First Owner,346000
10,145500,23.4,1248.0,74.0,5.0,Maruti,Diesel,Individual,Manual,First Owner,450000
12,120000,21.8,1461.0,78.0,5.0,Renault,Diesel,Individual,Manual,Second Owner,500000
8,30000,12.62,2198.0,158.0,7.0,Ford,Diesel,Individual,Automatic,First Owner,2400000
12,87237,20.0,1399.0,68.05,5.0,Ford,Diesel,Dealer,Manual,Second Owner,225000
9,115000,26.59,1248.0,74.0,5.0,Maruti,Diesel,Individual,Manual,Second Owner,420000
10,100000,22.54,1396.0,88.73,5.0,Hyundai,Diesel,Individual,Manual,Fourth & Above Owner,600000
11,35000,17.68,1968.0,174.33,5.0,Audi,Diesel,Individual,Automatic,Second Owner,2000000
7,57000,17.8,1198.0,86.7,5.0,Honda,Petrol,Individual,Manual,First Owner,475000
25,140000,,,,,Hyundai,Petrol,Individual,Manual,Third Owner,60000
20,80000,17.3,993.0,60.0,5.0,Maruti,Petrol,Individual,Manual,Second Owner,120000
4,35000,20.88,1196.0,61.7,5.0,Maruti,CNG,Individual,Manual,First Owner,409999
14,148000,19.09,1396.0,69.0,5.0,Tata,Diesel,Individual,Manual,Second Owner,135000
10,90000,23.4,1248.0,74.0,5.0,Maruti,Diesel,Individual,Manual,First Owner,600000
10,35000,19.1,1197.0,85.8,5.0,Maruti,Petrol,Individual,Manual,First Owner,487000
7,70000,23.4,1248.0,74.0,5.0,Maruti,Diesel,Dealer,Manual,First Owner,625000
9,50000,14.95,2489.0,93.7,9.0,Mahindra,Diesel,Individual,Manual,First Owner,650000
13,190000,19.2,1461.0,65.0,5.0,Mahindra,Diesel,Individual,Manual,Third Owner,180000
7,15500,23.95,998.0,67.1,5.0,Maruti,Petrol,Individual,Automatic,First Owner,350000
12,137000,17.8,1399.0,67.0,5.0,Ford,Diesel,Individual,Manual,First Owner,200000
14,120000,14.3,1798.0,160.0,5.0,Volkswagen,Petrol,Individual,Manual,Second Owner,300000
13,57000,21.1,814.0,55.2,5.0,Hyundai,Petrol,Individual,Manual,First Owner,160000
5,5000,17.19,1197.0,81.86,5.0,Hyundai,Petrol,Individual,Manual,First Owner,800000
6,70000,18.49,1493.0,100.0,7.0,Mahindra,Diesel,Individual,Manual,Second Owner,800000
9,105000,25.83,1498.0,99.0,5.0,Ford,Diesel,Dealer,Manual,First Owner,365000
12,120000,12.8,2494.0,102.0,8.0,Toyota,Diesel,Individual,Manual,First Owner,750000
12,120000,25.0,1396.0,69.0,5.0,Tata,Diesel,Individual,Manual,First Owner,300000
7,20000,21.4,1197.0,83.1,5.0,Maruti,Petrol,Individual,Manual,First Owner,580000
7,87500,17.1,1956.0,170.0,5.0,Jeep,Diesel,Individual,Manual,First Owner,1550000
13,100000,18.3,1991.0,147.9,5.0,Chevrolet,Diesel,Individual,Manual,First Owner,360000
16,122000,18.48,1995.0,177.0,5.0,Bmw,Diesel,Individual,Automatic,Second Owner,1100000
7,38000,18.49,1493.0,100.0,7.0,Mahindra,Diesel,Individual,Manual,First Owner,700000
16,110000,19.81,1086.0,68.05,5.0,Hyundai,Petrol,Individual,Manual,Fourth & Above Owner,185000
15,120000,14.0,2498.0,112.0,8.0,Mahindra,Diesel,Individual,Manual,Third Owner,161000
10,80000,23.4,1248.0,74.0,5.0,Maruti,Diesel,Individual,Manual,First Owner,420000
13,112000,20.0,1399.0,68.0,5.0,Ford,Diesel,Individual,Manual,Second Owner,160000
10,120000,15.1,2179.0,140.0,7.0,Mahindra,Diesel,Individual,Manual,First Owner,680000
18,100000,19.7,796.0,46.3,5.0,Maruti,Petrol,Individual,Manual,Second Owner,65000
4,1500,21.21,1197.0,81.8,5.0,Maruti,Petrol,Individual,Manual,First Owner,730000
10,90000,24.4,1120.0,71.01,5.0,Hyundai,Diesel,Individual,Manual,Second Owner,420000
12,105000,19.01,1461.0,108.45,5.0,Renault,Diesel,Individual,Manual,Second Owner,350000
8,80000,21.19,1396.0,88.73,5.0,Hyundai,Diesel,Individual,Manual,Third Owner,540000
4,120000,15.1,2179.0,152.87,7.0,Mahindra,Diesel,Individual,Manual,First Owner,830000
7,20000,27.39,1248.0,74.0,5.0,Maruti,Diesel,Individual,Manual,First Owner,600000
8,20000,23.95,998.0,67.05,5.0,Maruti,Petrol,Individual,Manual,Second Owner,250000
4,6000,23.95,998.0,67.05,5.0,Maruti,Petrol,Individual,Manual,First Owner,390000
11,60000,13.7,1798.0,157.75,5.0,Skoda,Petrol,Individual,Automatic,First Owner,500000
17,120000,19.7,796.0,46.3,5.0,Maruti,Petrol,Individual,Manual,Third Owner,110000
4,25000,21.63,998.0,67.04,5.0,Maruti,Petrol,Individual,Manual,First Owner,420000
12,100000,18.5,1197.0,80.0,5.0,Hyundai,Petrol,Individual,Manual,Second Owner,265000
9,128000,15.96,2523.0,63.0,9.0,Mahindra,Diesel,Individual,Manual,Third Owner,475000
7,30000,19.1,1197.0,82.0,5.0,Hyundai,Petrol,Individual,Manual,First Owner,520000
13,43000,13.4,1997.0,135.1,5.0,Renault,Petrol,Dealer,Automatic,First Owner,600000
10,82000,20.45,1461.0,83.8,5.0,Nissan,Diesel,Individual,Manual,Second Owner,450000
11,68000,22.1,1248.0,76.9,5.0,Chevrolet,Diesel,Individual,Manual,First Owner,355000
4,15000,22.05,796.0,47.3,5.0,Maruti,Petrol,Individual,Manual,First Owner,370000
9,39414,18.9,1197.0,81.86,5.0,Hyundai,Petrol,Dealer,Manual,First Owner,400000
12,40000,16.2,995.0,62.1,5.0,Chevrolet,Petrol,Individual,Manual,Second Owner,125000
6,60000,22.1,1396.0,88.7,5.0,Hyundai,Diesel,Individual,Manual,First Owner,946000
12,57000,17.7,1497.0,113.42,5.0,Hyundai,Petrol,Dealer,Manual,First Owner,434999
13,120000,21.0,1461.0,64.1,5.0,Mahindra,Diesel,Individual,Manual,Third Owner,200000
6,30000,20.51,998.0,67.04,5.0,Maruti,Petrol,Individual,Manual,First Owner,465000
5,15000,17.0,1591.0,121.3,5.0,Hyundai,Petrol,Individual,Manual,First Owner,990000
13,80000,20.0,1399.0,68.0,5.0,Ford,Diesel,Individual,Manual,Second Owner,200000
13,73000,19.7,796.0,46.3,5.0,Maruti,Petrol,Individual,Manual,First Owner,200000
11,80000,23.03,1396.0,69.0,5.0,Tata,Diesel,Individual,Manual,First Owner,220000
11,110000,12.8,2953.0,156.0,7.0,Ford,Diesel,Individual,Automatic,Third Owner,1075000
5,5000,19.5,1199.0,88.76,5.0,Honda,Petrol,Individual,Manual,First Owner,670000
12,50000,18.6,1197.0,85.8,5.0,Maruti,Petrol,Individual,Manual,Second Owner,345000
8,120000,23.2,1248.0,73.94,5.0,Maruti,Diesel,Individual,Manual,Third Owner,350000
10,76131,13.22,2967.0,241.4,5.0,Audi,Diesel,Individual,Automatic,First Owner,1850000
17,120000,15.0,1586.0,104.68,5.0,Maruti,Petrol,Individual,Manual,Third Owner,125000
17,200000,12.8,2494.0,102.0,8.0,Toyota,Diesel,Individual,Manual,Third Owner,500000
11,90000,15.96,2523.0,62.1,7.0,Mahindra,Diesel,Individual,Manual,First Owner,550000
14,162000,15.37,1196.0,73.0,5.0,Maruti,Petrol,Individual,Manual,First Owner,160000
5,16000,17.4,1197.0,81.86,5.0,Hyundai,Petrol,Individual,Automatic,First Owner,720000
6,40000,21.66,1498.0,108.62,5.0,Volkswagen,Diesel,Individual,Manual,First Owner,600000
6,30000,28.4,1248.0,74.02,5.0,Maruti,Diesel,Individual,Manual,First Owner,800000
17,70000,18.2,998.0,67.1,5.0,Maruti,Petrol,Individual,Manual,First Owner,90000
9,50000,12.99,2494.0,100.6,8.0,Toyota,Diesel,Individual,Manual,First Owner,1000000
10,70000,16.55,2498.0,105.0,6.0,Mahindra,Diesel,Individual,Manual,Second Owner,525000
19,150000,18.9,998.0,67.1,5.0,Maruti,Petrol,Individual,Manual,Third Owner,150000
7,30000,21.4,1197.0,83.1,5.0,Maruti,Petrol,Individual,Manual,Second Owner,530000
14,100000,16.2,1599.0,103.2,5.0,Hyundai,Petrol,Individual,Manual,Third Owner,320000
11,150000,19.09,1396.0,69.0,5.0,Tata,Diesel,Individual,Manual,First Owner,200000
10,62000,21.1,814.0,55.2,5.0,Hyundai,Petrol,Individual,Manual,First Owner,180000
8,60000,19.09,1405.0,69.01,5.0,Tata,Diesel,Individual,Manual,First Owner,260000
12,90000,25.0,1396.0,69.0,5.0,Tata,Diesel,Individual,Manual,Second Owner,83000
5,11533,14.23,1498.0,104.55,5.0,Nissan,Petrol,Trustmark Dealer,Manual,First Owner,950000
11,90000,20.51,998.0,67.04,5.0,Maruti,Petrol,Individual,Manual,Second Owner,250000
8,81000,28.09,1248.0,88.5,5.0,Maruti,Diesel,Dealer,Manual,Second Owner,650000
9,60000,24.0,1120.0,70.0,5.0,Hyundai,Diesel,Individual,Manual,First Owner,345000
6,14000,15.8,1591.0,121.3,5.0,Hyundai,Petrol,Dealer,Manual,First Owner,1175000
6,110000,25.0,1396.0,69.0,5.0,Tata,Diesel,Individual,Manual,First Owner,250000
6,31800,17.01,1968.0,188.0,5.0,Audi,Diesel,Dealer,Automatic,First Owner,3975000
14,120000,21.1,1248.0,73.9,5.0,Maruti,Diesel,Individual,Manual,First Owner,220000
7,50000,19.87,1461.0,83.8,5.0,Renault,Diesel,Individual,Manual,First Owner,819999
6,65000,19.02,1198.0,67.05,7.0,Datsun,Petrol,Individual,Manual,First Owner,530000
10,300000,12.05,2179.0,120.0,8.0,Mahindra,Diesel,Individual,Manual,Third Owner,550000
16,90000,17.7,1497.0,78.0,5.0,Honda,Petrol,Individual,Manual,Second Owner,240000
23,42108,16.1,796.0,37.0,4.0,Maruti,Petrol,Individual,Manual,First Owner,39000
7,50000,22.0,1498.0,108.495,5.0,Volkswagen,Diesel,Individual,Automatic,First Owner,655000
7,39000,17.01,1591.0,121.3,5.0,Hyundai,Petrol,Individual,Manual,First Owner,750000
7,90000,22.71,1461.0,84.8,5.0,Nissan,Diesel,Individual,Manual,Second Owner,580000
5,25000,18.15,1198.0,82.0,6.0,Mahindra,Petrol,Individual,Manual,First Owner,400000
8,35000,22.74,796.0,47.3,5.0,Maruti,Petrol,Individual,Manual,Second Owner,225000
8,50000,23.1,998.0,67.04,5.0,Maruti,Petrol,Individual,Manual,First Owner,395000
8,100000,18.49,1493.0,100.0,7.0,Mahindra,Diesel,Individual,Manual,First Owner,650000
9,22500,20.51,998.0,67.04,5.0,Maruti,Petrol,Individual,Manual,First Owner,400000
11,105000,23.4,1248.0,74.0,5.0,Maruti,Diesel,Individual,Manual,Third Owner,480000
12,60000,22.32,1582.0,126.32,5.0,Hyundai,Diesel,Individual,Manual,Third Owner,450000
7,15000,17.5,1199.0,88.7,5.0,Honda,Petrol,Individual,Manual,First Owner,700000
6,36521,24.3,1248.0,88.5,5.0,Maruti,Diesel,Dealer,Manual,First Owner,725000
5,20000,17.0,1591.0,121.3,5.0,Hyundai,Petrol,Individual,Automatic,First Owner,1270000
6,25000,17.6,2179.0,153.86,7.0,Tata,Diesel,Individual,Manual,First Owner,1575000
11,60000,18.2,1248.0,73.8,7.0,Chevrolet,Diesel,Individual,Manual,First Owner,450000
14,90000,20.0,1399.0,68.0,5.0,Ford,Diesel,Individual,Manual,Second Owner,170000
12,110000,19.01,1461.0,108.45,5.0,Renault,Diesel,Individual,Manual,Third Owner,320000
7,15000,21.1,814.0,55.2,5.0,Hyundai,Petrol,Individual,Manual,Second Owner,310000
9,40000,13.24,1598.0,102.5,5.0,Nissan,Petrol,Individual,Manual,First Owner,700000
9,40000,17.01,1591.0,121.3,5.0,Hyundai,Petrol,Individual,Manual,First Owner,650000
14,60000,,,,,Skoda,Petrol,Individual,Automatic,Second Owner,400000
7,28000,25.17,799.0,53.3,5.0,Renault,Petrol,Individual,Manual,First Owner,320000
10,46000,19.1,1197.0,81.86,5.0,Hyundai,Petrol,Individual,Manual,Second Owner,450000
11,35582,18.5,1197.0,82.85,5.0,Hyundai,Petrol,Dealer,Manual,First Owner,455999
7,20000,23.95,998.0,67.05,5.0,Maruti,Petrol,Individual,Manual,First Owner,250000
14,110000,17.0,1497.0,118.0,5.0,Honda,Petrol,Individual,Manual,Third Owner,350000
6,30000,21.5,1497.0,108.5,5.0,Tata,Diesel,Individual,Manual,First Owner,749000
11,65000,28.4,1248.0,74.0,5.0,Maruti,Diesel,Dealer,Manual,First Owner,375000
9,45000,17.19,1197.0,81.86,5.0,Hyundai,Petrol,Individual,Manual,First Owner,500000
13,70000,14.21,2143.0,203.0,5.0,Mercedes-Benz,Diesel,Individual,Automatic,First Owner,1600000
22,120000,14.07,2956.0,83.1,7.0,Tata,Diesel,Individual,Manual,First Owner,96000
6,48000,24.3,1248.0,88.5,5.0,Maruti,Diesel,Dealer,Manual,First Owner,745000
30,100000,,,,,Mahindra,Diesel,Individual,Manual,Second Owner,120000
21,120000,13.1,1493.0,82.0,5.0,Hyundai,Diesel,Individual,Manual,Fourth & Above Owner,145000
8,30000,18.25,1968.0,187.74,5.0,Audi,Diesel,Dealer,Automatic,First Owner,2450000
13,10000,26.0,624.0,35.0,4.0,Tata,Petrol,Individual,Manual,Third Owner,45000
6,30000,21.63,998.0,67.04,5.0,Maruti,Petrol,Individual,Manual,First Owner,475000
12,80000,,,,,Toyota,Diesel,Individual,Manual,Second Owner,285000
14,120000,19.3,1248.0,73.9,5.0,Maruti,Diesel,Individual,Manual,Second Owner,300000
12,30000,17.5,1197.0,85.8,5.0,Maruti,Petrol,Individual,Manual,First Owner,450000
13,60000,19.3,1248.0,73.9,5.0,Maruti,Diesel,Individual,Manual,Second Owner,500000
11,100000,23.2,1248.0,73.94,5.0,Maruti,Diesel,Individual,Manual,Second Owner,300000
9,90000,20.14,1498.0,88.8,5.0,Volkswagen,Diesel,Individual,Manual,First Owner,550000
6,40000,26.6,998.0,58.16,5.0,Maruti,CNG,Individual,Manual,First Owner,390000
8,40000,19.7,2143.0,134.1,5.0,Mercedes-Benz,Diesel,Individual,Automatic,Second Owner,1859000
6,120000,28.4,1248.0,74.02,5.0,Maruti,Diesel,Individual,Manual,First Owner,550000
7,103000,25.6,1498.0,97.9,5.0,Honda,Diesel,Dealer,Manual,First Owner,850000
7,50000,23.01,999.0,67.0,5.0,Renault,Petrol,Individual,Manual,First Owner,290000
7,36000,27.39,1248.0,74.0,5.0,Maruti,Diesel,Individual,Manual,First Owner,670000
8,61173,27.62,793.0,47.0,5.0,Maruti,Diesel,Dealer,Manual,First Owner,375000
18,65000,,,,,Maruti,Petrol,Individual,Manual,Third Owner,140000
13,120000,12.8,1968.0,167.6,5.0,Audi,Diesel,Individual,Automatic,First Owner,1300000
9,28000,15.1,2179.0,140.0,7.0,Mahindra,Diesel,Individual,Manual,Second Owner,1050000
16,110000,15.6,1586.0,104.68,5.0,Maruti,Petrol,Individual,Manual,Third Owner,111000
17,70000,,,,,Maruti,Petrol,Individual,Manual,Third Owner,150000
9,60000,23.9,624.0,37.48,4.0,Tata,Petrol,Individual,Manual,First Owner,80000
17,90000,23.57,1396.0,70.0,5.0,Tata,Diesel,Individual,Manual,Third Owner,100000
8,90000,25.17,799.0,53.3,5.0,Renault,Petrol,Individual,Manual,First Owner,220000
13,200000,17.0,1405.0,71.0,5.0,Tata,Diesel,Individual,Manual,Second Owner,140000
14,150000,19.7,796.0,46.3,5.0,Maruti,Petrol,Individual,Manual,Third Owner,85000
8,40000,22.0,1498.0,108.495,5.0,Volkswagen,Diesel,Individual,Manual,First Owner,540000
13,84321,23.57,1396.0,70.0,5.0,Tata,Diesel,Individual,Manual,First Owner,200000
11,50000,22.74,796.0,47.3,5.0,Maruti,Petrol,Individual,Manual,Second Owner,210000
8,80000,16.0,2179.0,140.0,7.0,Mahindra,Diesel,Individual,Automatic,Second Owner,850000
19,190000,,,,,Hyundai,Petrol,Individual,Automatic,Second Owner,120000
6,35000,17.6,2179.0,153.86,7.0,Tata,Diesel,Individual,Manual,First Owner,1300000
9,70000,26.59,1248.0,74.0,5.0,Maruti,Diesel,Individual,Manual,Second Owner,470000
11,70000,18.5,1197.0,82.85,5.0,Hyundai,Petrol,Individual,Manual,First Owner,400000
11,100000,20.54,1598.0,103.6,5.0,Volkswagen,Diesel,Individual,Manual,Third Owner,330000
7,70000,19.09,1405.0,69.01,5.0,Tata,Diesel,Individual,Manual,First Owner,450000
10,120000,22.74,796.0,47.3,5.0,Maruti,Petrol,Individual,Manual,Second Owner,206000
13,70000,15.2,1193.0,65.0,5.0,Tata,Petrol,Individual,Manual,Second Owner,120000
14,100000,17.0,1497.0,118.0,5.0,Honda,Petrol,Individual,Manual,Third Owner,300000
8,35000,14.74,2993.0,270.9,5.0,Other,Diesel,Individual,Automatic,First Owner,3500000
12,110000,21.12,1248.0,88.8,5.0,Tata,Diesel,Individual,Manual,Second Owner,300000
14,35000,10.93,2497.0,204.0,5.0,Mercedes-Benz,Petrol,Individual,Automatic,Second Owner,1200000
5,5000,18.9,1197.0,81.86,5.0,Hyundai,Petrol,Individual,Manual,First Owner,562000
11,150000,18.6,1197.0,85.8,5.0,Maruti,Petrol,Individual,Manual,Second Owner,325000
7,35000,27.39,1248.0,74.0,5.0,Maruti,Diesel,Individual,Manual,First Owner,800000
13,17000,16.47,1198.0,73.9,5.0,Volkswagen,Petrol,Individual,Manual,First Owner,300000
8,175000,23.4,1248.0,74.0,5.0,Maruti,Diesel,Individual,Manual,First Owner,450000
15,80000,17.5,1298.0,85.8,5.0,Maruti,Petrol,Individual,Manual,First Owner,250000
14,166000,12.05,2179.0,120.0,8.0,Mahindra,Diesel,Individual,Manual,Third Owner,300000
8,72113,21.9,1498.0,98.6,7.0,Honda,Diesel,Individual,Manual,First Owner,850000
10,80000,23.95,998.0,67.05,5.0,Maruti,Petrol,Individual,Manual,Second Owner,215000
15,180000,13.6,1991.0,142.0,5.0,Hyundai,Diesel,Individual,Manual,First Owner,330000
8,112000,15.4,1997.0,120.0,7.0,Mahindra,Diesel,Dealer,Manual,Second Owner,1000000
10,35000,20.51,998.0,67.04,5.0,Maruti,Petrol,Individual,Manual,First Owner,380000
9,120000,24.4,1120.0,71.0,5.0,Hyundai,Diesel,Individual,Manual,First Owner,360000
8,60000,17.0,1198.0,73.75,5.0,Volkswagen,Petrol,Individual,Manual,First Owner,400000
9,80000,19.0,1199.0,88.7,5.0,Honda,Petrol,Individual,Automatic,First Owner,600000
12,50000,17.0,1405.0,70.0,5.0,Tata,Diesel,Individual,Manual,First Owner,229999
12,70000,21.12,1248.0,88.8,5.0,Tata,Diesel,Individual,Manual,Third Owner,300000
12,70000,13.44,2359.0,198.25,5.0,Hyundai,Petrol,Individual,Manual,Second Owner,525000
17,80000,18.2,1061.0,64.0,5.0,Maruti,Petrol,Individual,Manual,Second Owner,70000
23,70000,,,,,Hyundai,Petrol,Individual,Manual,Second Owner,52000
12,8500,22.0,1197.0,81.8,5.0,Maruti,Petrol,Dealer,Manual,First Owner,511000
7,25000,18.12,1196.0,86.8,5.0,Ford,Petrol,Individual,Manual,First Owner,570000
9,70000,25.1,1498.0,98.6,5.0,Honda,Diesel,Individual,Manual,Third Owner,760000
5,5000,20.3,1086.0,68.0,5.0,Hyundai,Petrol,Individual,Automatic,First Owner,499000
9,25000,15.85,1499.0,110.4,5.0,Ford,Petrol,Individual,Manual,First Owner,800000
5,10000,22.54,1396.0,88.76,5.0,Hyundai,Diesel,Individual,Manual,First Owner,850000
11,185000,23.4,1248.0,74.0,5.0,Maruti,Diesel,Individual,Manual,First Owner,350000
13,200000,13.6,2523.0,63.0,7.0,Mahindra,Diesel,Individual,Manual,Second Owner,350000
7,29000,22.0,1498.0,108.495,5.0,Volkswagen,Diesel,Individual,Manual,First Owner,600000
13,120000,19.3,1248.0,73.9,5.0,Maruti,Diesel,Individual,Manual,Third Owner,300000
8,30000,15.71,1998.0,189.0,5.0,Bmw,Petrol,Individual,Automatic,Second Owner,2500000
7,140000,19.02,1198.0,67.05,7.0,Datsun,Petrol,Individual,Manual,First Owner,200000
7,15000,23.1,998.0,67.04,5.0,Maruti,Petrol,Individual,Manual,First Owner,483000
8,49200,21.1,814.0,55.2,5.0,Hyundai,Petrol,Individual,Manual,First Owner,275000
13,100000,20.54,1598.0,103.6,5.0,Volkswagen,Diesel,Individual,Manual,Second Owner,370000
14,158000,18.8,1248.0,90.0,5.0,Tata,Diesel,Individual,Manual,First Owner,202999
6,19000,20.51,998.0,67.04,5.0,Maruti,Petrol,Individual,Manual,First Owner,380000
8,22000,17.8,1497.0,117.3,5.0,Honda,Petrol,Individual,Manual,First Owner,925000
8,44000,18.16,1196.0,86.8,5.0,Ford,Petrol,Individual,Manual,First Owner,550000
7,35000,17.57,1193.0,88.7,5.0,Tata,Petrol,Individual,Manual,First Owner,370000
12,86000,21.12,1248.0,88.8,5.0,Tata,Diesel,Individual,Manual,First Owner,310000
13,77395,20.0,1399.0,68.0,5.0,Ford,Diesel,Dealer,Manual,Second Owner,195000
8,60000,22.15,1498.0,108.6,5.0,Volkswagen,Diesel,Individual,Automatic,First Owner,1000000
12,70000,15.3,2956.0,83.8,7.0,Tata,Diesel,Individual,Manual,Second Owner,320000
7,120000,23.59,1364.0,67.04,5.0,Toyota,Diesel,Individual,Manual,Second Owner,650000
7,50000,17.71,1197.0,78.9,5.0,Toyota,Petrol,Individual,Manual,First Owner,585000
11,42130,21.1,814.0,55.2,5.0,Hyundai,Petrol,Individual,Manual,First Owner,250000
18,100000,,,,,Hyundai,Petrol,Individual,Manual,Second Owner,150000
19,300000,13.6,2523.0,63.0,7.0,Mahindra,Diesel,Individual,Manual,Third Owner,160000
7,50000,15.4,1997.0,120.0,7.0,Mahindra,Diesel,Individual,Manual,Second Owner,1300000
9,22000,17.4,1497.0,117.3,5.0,Honda,Petrol,Individual,Manual,First Owner,900000
17,119000,16.8,1493.0,110.0,5.0,Hyundai,Diesel,Individual,Manual,Fourth & Above Owner,135000
8,35000,15.0,2143.0,204.0,5.0,Mercedes-Benz,Diesel,Dealer,Automatic,First Owner,2700000
11,217000,12.99,2494.0,100.6,8.0,Toyota,Diesel,Individual,Manual,Second Owner,1050000
11,100600,20.46,1461.0,83.8,5.0,Renault,Diesel,Individual,Manual,Third Owner,550000
7,25000,24.7,796.0,47.3,5.0,Maruti,Petrol,Individual,Manual,First Owner,316000
13,110000,12.8,2494.0,102.0,8.0,Toyota,Diesel,Individual,Manual,First Owner,900000
16,120000,12.7,2609.0,120.0,8.0,Mahindra,Diesel,Individual,Manual,Fourth & Above Owner,365000
7,80000,28.09,1248.0,88.5,5.0,Maruti,Diesel,Individual,Manual,First Owner,860000
17,120000,17.8,1086.0,63.0,5.0,Hyundai,Petrol,Individual,Manual,Second Owner,120000
19,59635,,,,,Maruti,Petrol,Dealer,Manual,Second Owner,105000
6,50000,23.5,909.0,45.0,8.0,Mahindra,Diesel,Individual,Manual,First Owner,400000
10,80000,12.99,2494.0,100.6,7.0,Toyota,Diesel,Dealer,Manual,First Owner,950000
9,100000,15.96,2523.0,63.0,9.0,Mahindra,Diesel,Individual,Manual,First Owner,484999
7,65000,19.98,1461.0,108.5,8.0,Renault,Diesel,Individual,Manual,First Owner,880000
18,53523,16.84,1193.0,64.4,5.0,Tata,Petrol,Dealer,Manual,First Owner,110000
9,155000,14.81,1998.0,163.7,5.0,Chevrolet,Diesel,Individual,Automatic,First Owner,450000
18,110000,17.7,1497.0,78.0,5.0,Honda,Petrol,Individual,Manual,Second Owner,165000
19,140000,18.9,998.0,67.1,5.0,Maruti,Petrol,Individual,Manual,Second Owner,130000
9,40000,23.95,998.0,67.05,5.0,Maruti,Petrol,Individual,Manual,First Owner,300000
7,29000,20.89,1197.0,81.8,5.0,Maruti,Petrol,Dealer,Manual,First Owner,525000
10,80000,15.1,2179.0,140.0,7.0,Mahindra,Diesel,Individual,Manual,Second Owner,605000
6,50000,22.0,1197.0,81.8,5.0,Maruti,Petrol,Individual,Automatic,First Owner,625000
8,20000,17.01,1591.0,121.4,5.0,Hyundai,Petrol,Individual,Manual,First Owner,760000
9,50000,16.9,1197.0,82.0,5.0,Hyundai,Petrol,Individual,Automatic,First Owner,380000
9,110000,26.59,1248.0,74.0,5.0,Maruti,Diesel,Individual,Manual,First Owner,440000
5,21000,16.78,1995.0,190.0,5.0,Bmw,Diesel,Dealer,Automatic,First Owner,5800000
6,57000,25.1,1248.0,88.5,5.0,Maruti,Diesel,Individual,Manual,Second Owner,950000
13,80000,18.1,1991.0,147.9,4.0,Chevrolet,Diesel,Individual,Automatic,Second Owner,430000
9,120000,23.59,1364.0,67.05,5.0,Toyota,Diesel,Individual,Manual,First Owner,475000
13,50000,17.0,1497.0,118.0,5.0,Honda,Petrol,Individual,Manual,First Owner,450000
7,10000,21.1,814.0,55.2,5.0,Hyundai,Petrol,Individual,Manual,First Owner,300000
5,10000,15.37,1196.0,73.0,5.0,Maruti,Petrol,Individual,Manual,First Owner,420000
12,20000,21.1,814.0,55.2,5.0,Hyundai,Petrol,Individual,Manual,First Owner,140000
11,120000,12.05,2179.0,120.0,9.0,Mahindra,Diesel,Individual,Manual,First Owner,484999
12,100000,22.32,1582.0,126.32,5.0,Hyundai,Diesel,Individual,Manual,Second Owner,450000
7,35000,23.0,1498.0,98.96,5.0,Ford,Diesel,Individual,Manual,First Owner,900000
11,70000,20.36,1197.0,78.9,5.0,Hyundai,Petrol,Individual,Manual,Second Owner,325000
14,60000,23.03,1396.0,69.0,5.0,Tata,Diesel,Individual,Manual,First Owner,200000
5,90000,20.14,1197.0,81.86,5.0,Hyundai,Petrol,Individual,Manual,First Owner,590000
10,70000,15.05,2179.0,147.9,7.0,Tata,Diesel,Individual,Manual,Second Owner,480000
18,110000,,,,,Hyundai,Petrol,Individual,Manual,Second Owner,72000
10,40000,28.4,1248.0,74.0,5.0,Maruti,Diesel,Individual,Manual,First Owner,455000
6,31000,24.04,999.0,67.0,5.0,Renault,Petrol,Dealer,Automatic,First Owner,535000
16,120000,17.0,1497.0,118.0,5.0,Honda,Petrol,Individual,Manual,Second Owner,229999
11,18000,15.1,2179.0,140.0,7.0,Mahindra,Diesel,Individual,Manual,First Owner,900000
12,175000,19.3,1248.0,73.9,5.0,Maruti,Diesel,Individual,Manual,Fourth & Above Owner,370000
14,63000,18.6,1199.0,79.4,5.0,Chevrolet,Petrol,Individual,Manual,First Owner,250000
10,60000,22.74,796.0,47.3,5.0,Maruti,Petrol,Individual,Manual,Second Owner,196000
13,60000,19.3,1248.0,73.9,5.0,Maruti,Diesel,Individual,Manual,Second Owner,270000
24,50000,,,,,Hyundai,Petrol,Individual,Manual,Second Owner,140000
13,40000,,,,,Maruti,Petrol,Individual,Manual,First Owner,200000
8,11000,14.3,1598.0,103.5,5.0,Skoda,Petrol,Dealer,Automatic,First Owner,645000
11,100000,22.9,1248.0,74.0,5.0,Maruti,Diesel,Individual,Manual,Third Owner,320000
5,60000,20.14,1197.0,81.86,5.0,Hyundai,Petrol,Individual,Manual,First Owner,500000
14,98000,17.8,1248.0,75.0,5.0,Maruti,Diesel,Individual,Manual,First Owner,270000
9,110000,26.21,1248.0,88.5,5.0,Maruti,Diesel,Individual,Manual,First Owner,600000
7,60000,28.4,1248.0,74.02,5.0,Maruti,Diesel,Individual,Manual,First Owner,725000
6,5000,23.01,999.0,67.0,5.0,Renault,Petrol,Individual,Manual,First Owner,380000
13,170000,19.3,1248.0,73.9,5.0,Maruti,Diesel,Individual,Manual,First Owner,250000
6,40000,23.95,998.0,67.05,5.0,Maruti,Petrol,Individual,Manual,First Owner,350000
6,7976,17.9,2143.0,170.0,5.0,Mercedes-Benz,Diesel,Individual,Automatic,First Owner,4600000
10,80000,13.01,2199.0,194.3,7.0,Hyundai,Diesel,Individual,Automatic,Second Owner,900000
9,67000,23.95,998.0,67.05,5.0,Maruti,Petrol,Individual,Manual,First Owner,265000
14,30000,15.6,1196.0,70.0,5.0,Ford,Petrol,Individual,Manual,First Owner,400000
13,53287,,,,,Ford,Petrol,Dealer,Manual,First Owner,325000
14,80500,19.7,796.0,46.3,5.0,Maruti,Petrol,Individual,Manual,Second Owner,180000
6,10000,18.9,1197.0,81.86,5.0,Hyundai,Petrol,Individual,Manual,First Owner,610000
19,200000,12.8,2494.0,102.0,8.0,Toyota,Diesel,Individual,Manual,Second Owner,310000
17,120000,19.7,796.0,46.3,5.0,Maruti,Petrol,Individual,Manual,Second Owner,110000
11,47200,16.1,796.0,37.0,4.0,Maruti,Petrol,Individual,Manual,Third Owner,157000
6,21147,21.4,1197.0,83.1,5.0,Maruti,Petrol,Dealer,Automatic,First Owner,775000
13,35000,22.32,1582.0,126.32,5.0,Hyundai,Diesel,Individual,Manual,Second Owner,375000
9,57000,23.65,1248.0,88.5,5.0,Maruti,Diesel,Dealer,Manual,First Owner,650000
6,50000,15.1,2179.0,152.87,7.0,Mahindra,Diesel,Individual,Manual,First Owner,1100000
10,60000,23.4,1248.0,74.0,5.0,Maruti,Diesel,Individual,Manual,First Owner,470000
13,103000,20.0,1399.0,68.0,5.0,Ford,Diesel,Individual,Manual,Third Owner,302000
12,67000,20.36,1197.0,78.9,5.0,Hyundai,Petrol,Individual,Manual,Second Owner,220000
16,40000,16.8,1405.0,62.0,5.0,Tata,Diesel,Individual,Manual,First Owner,100000
7,50000,18.9,1197.0,81.86,5.0,Hyundai,Petrol,Individual,Manual,First Owner,530000
18,100000,,,,,Hyundai,Petrol,Individual,Automatic,Second Owner,95000
14,80000,15.0,1368.0,90.0,5.0,Tata,Petrol,Individual,Manual,Third Owner,150000
6,25000,18.16,1196.0,86.8,5.0,Ford,Petrol,Individual,Manual,First Owner,700000
16,120000,17.7,1497.0,78.0,5.0,Honda,Petrol,Individual,Manual,Second Owner,250000
20,120000,14.4,1599.0,94.0,5.0,Hyundai,Petrol,Individual,Manual,Fourth & Above Owner,110000
7,31000,21.66,1498.0,103.52,5.0,Skoda,Diesel,Dealer,Automatic,First Owner,860000
13,40000,18.3,1991.0,147.9,5.0,Chevrolet,Diesel,Individual,Manual,First Owner,300000
11,23000,17.0,1197.0,80.0,5.0,Hyundai,Petrol,Dealer,Manual,First Owner,425000
6,31000,23.01,999.0,67.0,5.0,Renault,Petrol,Dealer,Manual,First Owner,500000
11,90000,22.9,1248.0,74.0,5.0,Maruti,Diesel,Individual,Manual,Second Owner,335000
15,70000,13.2,1495.0,94.0,5.0,Hyundai,Petrol,Individual,Manual,Third Owner,150000
10,150000,13.0,2982.0,168.5,7.0,Toyota,Diesel,Individual,Manual,First Owner,1380000
11,160000,20.77,1248.0,88.76,7.0,Maruti,Diesel,Individual,Manual,Third Owner,625000
8,120000,25.32,1198.0,77.0,6.0,Mahindra,Diesel,Individual,Manual,First Owner,357000
7,40000,16.8,796.0,34.2,8.0,Maruti,Petrol,Individual,Manual,First Owner,220000
14,80000,19.7,796.0,46.3,5.0,Maruti,Petrol,Individual,Manual,First Owner,190000
5,25000,28.4,1248.0,74.02,5.0,Maruti,Diesel,Individual,Manual,First Owner,757000
6,35000,22.5,999.0,67.0,5.0,Datsun,Petrol,Individual,Manual,First Owner,320000
13,110000,15.37,1196.0,73.0,7.0,Maruti,Petrol,Individual,Manual,Second Owner,180000
11,160000,15.96,2523.0,62.1,7.0,Mahindra,Diesel,Individual,Manual,First Owner,500000
14,70000,26.83,796.0,38.4,5.0,Maruti,CNG,Individual,Manual,Second Owner,155000
19,100000,12.0,1493.0,100.0,5.0,Honda,Petrol,Individual,Automatic,Second Owner,110000
14,190000,16.2,1493.0,110.0,5.0,Hyundai,Diesel,Individual,Manual,Third Owner,250000
12,270000,21.94,1196.0,61.7,5.0,Maruti,CNG,Individual,Manual,First Owner,220000
11,100000,20.77,1248.0,88.8,7.0,Maruti,Diesel,Individual,Manual,Third Owner,385000
15,141000,19.7,796.0,46.3,5.0,Maruti,Petrol,Individual,Manual,Second Owner,125000
6,25000,28.4,1248.0,74.02,5.0,Maruti,Diesel,Individual,Manual,First Owner,720000
11,80000,15.96,2523.0,62.1,7.0,Mahindra,Diesel,Individual,Manual,Second Owner,525000
15,90000,19.3,1248.0,73.9,5.0,Maruti,Diesel,Individual,Manual,Second Owner,229999
12,56365,25.44,936.0,56.3,5.0,Chevrolet,Diesel,Dealer,Manual,First Owner,175000
5,100000,17.57,1193.0,88.7,5.0,Tata,Petrol,Individual,Manual,First Owner,620000
7,100000,14.1,2179.0,147.94,7.0,Tata,Diesel,Individual,Manual,First Owner,850000
8,20000,20.51,998.0,67.04,5.0,Maruti,Petrol,Individual,Manual,First Owner,350000
5,4500,19.5,1199.0,88.76,5.0,Honda,Petrol,Individual,Manual,First Owner,700000
7,2000,25.4,1186.0,73.97,5.0,Hyundai,Diesel,Individual,Manual,Second Owner,550000
11,85000,23.08,1461.0,63.12,5.0,Renault,Diesel,Individual,Manual,First Owner,315000
13,30000,19.0,998.0,67.1,5.0,Maruti,Petrol,Individual,Manual,First Owner,270000
14,60000,17.5,1197.0,85.8,5.0,Maruti,Petrol,Individual,Manual,Second Owner,300000
13,84000,20.0,1399.0,68.0,5.0,Ford,Diesel,Individual,Manual,Second Owner,210000
12,120000,,,,,Toyota,Diesel,Individual,Manual,First Owner,320000
6,29899,22.15,1498.0,108.6,5.0,Volkswagen,Diesel,Dealer,Automatic,First Owner,1290000
10,120000,22.3,1248.0,74.0,5.0,Tata,Diesel,Individual,Manual,First Owner,225000
14,29000,16.5,1172.0,65.0,5.0,Tata,Petrol,Individual,Manual,First Owner,150000
13,120000,18.4,1248.0,75.0,5.0,Tata,Diesel,Individual,Manual,Second Owner,180000
9,70000,25.83,1498.0,99.0,5.0,Ford,Diesel,Individual,Manual,First Owner,433000
6,29700,25.1,1248.0,88.5,5.0,Maruti,Diesel,Individual,Manual,First Owner,810000
12,146000,19.61,1405.0,70.0,5.0,Tata,Diesel,Individual,Manual,First Owner,135000
11,70000,22.1,1248.0,76.9,5.0,Chevrolet,Diesel,Individual,Manual,First Owner,200000
10,80000,21.1,814.0,55.2,5.0,Hyundai,Petrol,Individual,Manual,First Owner,250000
10,50000,25.44,936.0,56.3,5.0,Chevrolet,Diesel,Individual,Manual,First Owner,220000
5,15000,19.0,1199.0,88.76,5.0,Honda,Petrol,Individual,Automatic,First Owner,680000
8,80000,25.83,1498.0,99.0,5.0,Ford,Diesel,Individual,Manual,First Owner,377000
6,9500,21.5,1497.0,108.5,5.0,Tata,Diesel,Individual,Manual,First Owner,850000
9,16000,19.1,1197.0,85.8,5.0,Maruti,Petrol,Dealer,Manual,First Owner,575000
9,100000,22.54,1396.0,88.73,5.0,Hyundai,Diesel,Individual,Manual,First Owner,650000
13,125000,23.0,1396.0,90.0,5.0,Hyundai,Diesel,Individual,Manual,First Owner,270000
8,40000,18.15,1198.0,82.0,6.0,Mahindra,Petrol,Individual,Manual,First Owner,300000
12,110000,16.95,1498.0,97.7,5.0,Nissan,Petrol,Individual,Manual,First Owner,350000
17,120000,13.6,2523.0,63.0,7.0,Mahindra,Diesel,Individual,Manual,Third Owner,300000
9,70000,26.21,1248.0,88.5,5.0,Maruti,Diesel,Individual,Manual,First Owner,630000
19,80000,15.9,1298.0,85.0,5.0,Maruti,Petrol,Individual,Manual,Third Owner,93000
6,35000,23.84,1199.0,84.0,5.0,Tata,Petrol,Individual,Manual,Second Owner,409999
6,17100,22.48,1995.0,187.74,5.0,Bmw,Diesel,Dealer,Automatic,First Owner,3900000
13,70000,25.44,936.0,57.6,5.0,Chevrolet,Diesel,Individual,Manual,Fourth & Above Owner,140000
10,30000,19.69,1198.0,67.04,5.0,Nissan,Petrol,Individual,Manual,First Owner,390000
16,70000,19.7,796.0,46.3,5.0,Maruti,Petrol,Individual,Manual,Third Owner,100000
12,90000,19.09,1396.0,69.0,5.0,Tata,Diesel,Individual,Manual,First Owner,150000
12,120000,11.68,2498.0,112.0,7.0,Mahindra,Diesel,Individual,Manual,First Owner,320000
10,50000,12.99,2494.0,100.6,7.0,Toyota,Diesel,Individual,Manual,First Owner,750000
14,168000,14.0,2498.0,112.0,7.0,Mahindra,Diesel,Individual,Manual,First Owner,229999
18,80000,13.5,1799.0,130.0,5.0,Honda,Petrol,Individual,Manual,Third Owner,150000
16,58632,14.0,796.0,35.0,5.0,Maruti,Petrol,Dealer,Manual,Second Owner,114999
7,56800,12.4,2499.0,134.0,5.0,Other,Diesel,Individual,Manual,First Owner,1250000
9,110000,16.0,2179.0,140.0,7.0,Mahindra,Diesel,Individual,Manual,First Owner,1100000
7,90000,22.0,1197.0,81.8,5.0,Maruti,Petrol,Individual,Manual,First Owner,620000
5,40000,17.3,1497.0,121.0,8.0,Mahindra,Diesel,Individual,Manual,First Owner,1300000
14,120000,18.0,1248.0,75.0,5.0,Tata,Diesel,Individual,Manual,Second Owner,105000
8,50000,23.0,1248.0,88.7,5.0,Tata,Diesel,Individual,Manual,First Owner,325000
19,220000,14.8,2499.0,80.0,10.0,Chevrolet,Diesel,Individual,Manual,First Owner,160000
8,5800,20.51,998.0,67.04,5.0,Maruti,Petrol,Individual,Manual,Second Owner,450000
9,60000,15.4,1997.0,120.0,7.0,Mahindra,Diesel,Individual,Manual,First Owner,825000
6,15000,28.4,1248.0,74.02,5.0,Maruti,Diesel,Individual,Manual,First Owner,755000
10,60000,21.1,814.0,55.2,5.0,Hyundai,Petrol,Individual,Manual,Second Owner,200000
7,59500,23.1,998.0,67.04,5.0,Maruti,Petrol,Individual,Manual,Second Owner,421000
17,60000,16.6,1197.0,85.0,5.0,Maruti,Petrol,Individual,Manual,First Owner,250000
23,5000,16.1,796.0,37.0,4.0,Maruti,Petrol,Individual,Manual,Second Owner,45000
7,23456,18.9,1197.0,82.0,5.0,Hyundai,Petrol,Dealer,Manual,First Owner,550000
12,90000,25.4,624.0,37.48,4.0,Tata,Petrol,Individual,Manual,First Owner,60000
7,3564,23.95,998.0,67.05,5.0,Maruti,Petrol,Individual,Manual,First Owner,325000
13,80000,16.0,1198.0,90.0,5.0,Honda,Petrol,Individual,Manual,Second Owner,350000
9,70000,15.4,2179.0,120.0,7.0,Mahindra,Diesel,Individual,Manual,First Owner,1125000
7,23000,17.9,2143.0,136.0,5.0,Mercedes-Benz,Diesel,Dealer,Automatic,First Owner,2700000
6,35000,23.0,1498.0,98.96,5.0,Ford,Diesel,Individual,Manual,First Owner,950000
8,50000,17.45,1493.0,100.0,7.0,Mahindra,Diesel,Individual,Automatic,First Owner,650000
15,68600,17.0,1497.0,118.0,5.0,Honda,Petrol,Individual,Manual,Third Owner,250000
14,50000,10.71,1948.0,90.0,14.0,Tata,Diesel,Individual,Manual,First Owner,235000
17,50000,19.7,796.0,46.3,5.0,Maruti,Petrol,Individual,Manual,Third Owner,150000
7,40000,24.52,1248.0,88.5,7.0,Maruti,Diesel,Individual,Manual,First Owner,850000
9,35000,18.6,1197.0,81.83,5.0,Hyundai,Petrol,Individual,Manual,Second Owner,430000
7,31100,22.7,799.0,53.64,5.0,Datsun,Petrol,Dealer,Manual,First Owner,270000
9,15000,22.74,796.0,47.3,5.0,Maruti,Petrol,Individual,Manual,First Owner,241000
14,70000,21.1,1248.0,73.9,5.0,Maruti,Diesel,Individual,Manual,Second Owner,200000
7,50000,28.4,1248.0,74.02,5.0,Maruti,Diesel,Individual,Manual,Second Owner,700000
9,60000,19.2,1086.0,68.05,5.0,Hyundai,LPG,Individual,Manual,First Owner,375000
10,120000,12.99,2494.0,100.6,7.0,Toyota,Diesel,Individual,Manual,First Owner,750000
9,120000,18.6,1197.0,81.83,5.0,Hyundai,Petrol,Individual,Manual,Second Owner,515000
20,40000,19.7,796.0,46.3,5.0,Maruti,Petrol,Individual,Manual,First Owner,100000
9,70000,15.4,1997.0,120.0,7.0,Mahindra,Diesel,Individual,Manual,First Owner,800000
8,92385,15.96,2523.0,62.1,7.0,Mahindra,Diesel,Individual,Manual,First Owner,631000
7,25000,17.5,1199.0,88.7,5.0,Honda,Petrol,Individual,Manual,Second Owner,675000
12,110000,11.4,2953.0,153.86,7.0,Ford,Diesel,Individual,Automatic,First Owner,500000
5,2000,15.96,2523.0,63.0,9.0,Mahindra,Diesel,Individual,Manual,First Owner,800000
7,50000,22.95,1248.0,74.0,5.0,Tata,Diesel,Individual,Manual,First Owner,450000
5,16500,17.0,1197.0,110.0,5.0,Mahindra,Petrol,Dealer,Manual,First Owner,1090000
7,41000,20.5,1582.0,126.2,5.0,Hyundai,Diesel,Dealer,Manual,First Owner,975000
6,40000,23.0,1498.0,98.96,5.0,Ford,Diesel,Individual,Manual,First Owner,950000
10,35000,21.1,814.0,55.2,5.0,Hyundai,Petrol,Individual,Manual,First Owner,225000
8,72000,19.1,1197.0,82.0,5.0,Hyundai,Petrol,Dealer,Automatic,First Owner,565000
18,44000,16.1,1298.0,88.2,5.0,Maruti,Petrol,Individual,Manual,Second Owner,120000
9,20000,20.4,1248.0,91.7,5.0,Fiat,Diesel,Individual,Manual,First Owner,700000
5,22000,17.0,1197.0,110.0,5.0,Mahindra,Petrol,Individual,Manual,First Owner,1000000
13,60000,19.81,1086.0,68.05,5.0,Hyundai,Petrol,Individual,Manual,First Owner,160000
6,50000,21.19,1396.0,88.73,5.0,Hyundai,Diesel,Individual,Manual,Second Owner,720000
10,70000,15.04,1598.0,103.2,5.0,Volkswagen,Petrol,Individual,Manual,Second Owner,500000
9,25000,22.74,796.0,47.3,5.0,Maruti,Petrol,Individual,Manual,First Owner,260000
10,25000,22.74,796.0,47.3,5.0,Maruti,Petrol,Individual,Manual,First Owner,235000
6,70000,17.0,1198.0,108.5,5.0,Tata,Petrol,Individual,Manual,First Owner,575000
9,20000,15.8,1499.0,110.0,5.0,Ford,Petrol,Individual,Manual,Second Owner,555000
6,100000,28.4,1248.0,74.0,5.0,Maruti,Diesel,Individual,Manual,First Owner,509999
7,30000,18.49,1493.0,100.0,7.0,Mahindra,Diesel,Individual,Manual,Second Owner,600000
8,100000,13.68,2393.0,147.8,7.0,Toyota,Diesel,Dealer,Manual,First Owner,1475000
8,10000,18.9,1197.0,82.0,5.0,Hyundai,Petrol,Individual,Manual,First Owner,470000
6,70000,20.65,1248.0,88.7,5.0,Tata,Diesel,Individual,Manual,First Owner,575000
17,120000,11.7,1796.0,178.0,5.0,Mercedes-Benz,Petrol,Individual,Automatic,First Owner,500000
25,198000,14.8,1998.0,68.0,5.0,Other,Diesel,Individual,Manual,Second Owner,150000
8,68089,19.16,2494.0,157.7,5.0,Toyota,Petrol,Trustmark Dealer,Automatic,First Owner,2000000
10,65000,12.07,2967.0,241.4,7.0,Audi,Diesel,Individual,Automatic,First Owner,3000000
4,5000,21.21,1197.0,81.8,5.0,Maruti,Petrol,Individual,Manual,First Owner,570000
15,80000,18.8,1248.0,90.0,5.0,Tata,Diesel,Individual,Manual,Third Owner,100000
24,120000,12.2,1948.0,68.0,10.0,Tata,Diesel,Individual,Manual,Fourth & Above Owner,95000
8,35000,18.6,1197.0,81.83,5.0,Hyundai,Petrol,Individual,Manual,First Owner,650000
14,155000,15.5,1586.0,103.3,5.0,Maruti,Petrol,Individual,Manual,Second Owner,285000
13,60000,20.92,998.0,67.1,5.0,Maruti,Petrol,Individual,Manual,First Owner,235000
7,35000,17.0,1197.0,80.0,5.0,Hyundai,Petrol,Dealer,Manual,First Owner,600000
12,120000,15.3,2956.0,83.8,7.0,Tata,Diesel,Individual,Manual,Fourth & Above Owner,250999
7,49523,17.0,1497.0,118.0,5.0,Honda,Petrol,Dealer,Manual,First Owner,675000
11,100000,19.09,1396.0,69.0,5.0,Tata,Diesel,Individual,Manual,First Owner,140000
8,78010,21.66,1498.0,103.52,5.0,Skoda,Diesel,Dealer,Automatic,First Owner,660000
10,110000,23.4,1248.0,74.0,5.0,Maruti,Diesel,Individual,Manual,First Owner,509999
5,60000,16.36,2179.0,120.0,7.0,Mahindra,Diesel,Individual,Manual,First Owner,1000000
11,80000,15.1,1196.0,73.0,5.0,Maruti,Petrol,Individual,Manual,Second Owner,275000
19,70000,18.9,998.0,67.1,5.0,Maruti,Petrol,Individual,Manual,Second Owner,98000
11,24019,22.9,1248.0,74.0,5.0,Maruti,Diesel,Individual,Manual,First Owner,450000
11,70000,15.1,2179.0,140.0,7.0,Mahindra,Diesel,Individual,Manual,Third Owner,550000
9,160000,25.1,1498.0,98.6,5.0,Honda,Diesel,Individual,Manual,First Owner,750000
19,123219,,,,,Hyundai,Petrol,Individual,Manual,Third Owner,80000
7,25000,24.7,796.0,47.3,5.0,Maruti,Petrol,Individual,Manual,Second Owner,285000
11,44000,20.92,998.0,67.1,5.0,Maruti,Petrol,Individual,Manual,Second Owner,240000
9,168000,20.6,1968.0,141.0,5.0,Skoda,Diesel,Individual,Manual,First Owner,900000
7,126000,18.49,1493.0,100.0,7.0,Mahindra,Diesel,Individual,Manual,First Owner,655000
7,50000,20.85,1197.0,83.14,5.0,Maruti,Petrol,Individual,Manual,First Owner,550000
5,3500,18.6,1197.0,81.86,5.0,Hyundai,Petrol,Individual,Manual,First Owner,650000
6,25000,20.73,1373.0,91.1,5.0,Maruti,Petrol,Individual,Manual,First Owner,720000
5,10000,25.17,799.0,53.3,5.0,Renault,Petrol,Individual,Manual,First Owner,320000
10,120000,22.32,1582.0,126.32,5.0,Hyundai,Diesel,Individual,Manual,Third Owner,575000
9,90000,15.1,2179.0,140.0,7.0,Mahindra,Diesel,Individual,Manual,First Owner,850000
6,25000,17.8,1496.0,105.5,5.0,Toyota,Petrol,Individual,Automatic,First Owner,1100000
16,48676,19.7,796.0,35.0,8.0,Maruti,Petrol,Individual,Manual,First Owner,110000
11,66000,14.7,796.0,37.0,8.0,Maruti,Petrol,Individual,Manual,First Owner,150000
19,90000,17.3,993.0,60.0,5.0,Maruti,Petrol,Individual,Manual,Second Owner,60000
12,24300,21.21,1197.0,81.8,5.0,Maruti,Petrol,Dealer,Manual,First Owner,340000
8,35000,22.77,1498.0,98.59,5.0,Ford,Diesel,Individual,Manual,Second Owner,825000
7,20000,22.5,999.0,67.0,5.0,Datsun,Petrol,Individual,Manual,First Owner,278000
13,70000,20.0,1399.0,68.0,5.0,Ford,Diesel,Individual,Manual,Second Owner,170000
5,10000,20.3,1086.0,68.0,5.0,Hyundai,Petrol,Individual,Manual,First Owner,450000
12,57728,14.53,1794.0,138.1,5.0,Toyota,Petrol,Trustmark Dealer,Automatic,First Owner,550000
6,44000,24.7,796.0,47.3,5.0,Maruti,Petrol,Individual,Manual,First Owner,350000
12,40000,18.9,998.0,67.1,5.0,Maruti,Petrol,Individual,Manual,First Owner,270000
10,120000,19.1,1197.0,85.8,5.0,Maruti,Petrol,Individual,Manual,First Owner,400000
17,137000,,,,,Hyundai,CNG,Individual,Manual,First Owner,127000
7,52000,21.63,998.0,67.0,5.0,Maruti,Petrol,Individual,Manual,First Owner,400000
9,85000,25.8,1498.0,98.6,5.0,Honda,Diesel,Dealer,Manual,First Owner,450000
7,37000,21.01,1197.0,81.8,5.0,Maruti,Petrol,Dealer,Manual,First Owner,620000
10,35000,20.52,1197.0,81.8,5.0,Maruti,Petrol,Individual,Manual,First Owner,300000
13,90000,17.0,1197.0,80.0,5.0,Hyundai,Petrol,Individual,Manual,Third Owner,290000
5,70000,28.4,1248.0,74.02,5.0,Maruti,Diesel,Individual,Manual,First Owner,558000
14,120000,17.8,1248.0,75.0,5.0,Maruti,Diesel,Individual,Manual,Second Owner,360000
11,110000,17.11,1968.0,174.33,5.0,Audi,Diesel,Individual,Automatic,First Owner,1200000
14,22000,15.0,1586.0,104.68,5.0,Maruti,Petrol,Individual,Manual,First Owner,300000
8,60000,22.54,1396.0,88.73,5.0,Hyundai,Diesel,Individual,Manual,Second Owner,595000
11,75000,22.32,1582.0,126.3,5.0,Hyundai,Diesel,Individual,Automatic,First Owner,525000
12,50000,15.96,2523.0,62.1,7.0,Mahindra,Diesel,Individual,Manual,First Owner,420000
13,100000,21.1,1248.0,73.9,5.0,Maruti,Diesel,Individual,Manual,Second Owner,210000
14,60000,21.1,1197.0,85.8,5.0,Maruti,Petrol,Individual,Manual,Second Owner,320000
13,60000,19.7,796.0,46.3,5.0,Maruti,Petrol,Individual,Manual,First Owner,180000
13,100000,18.3,1991.0,147.9,5.0,Chevrolet,Diesel,Individual,Manual,Third Owner,270000
8,40000,22.54,1396.0,88.73,5.0,Hyundai,Diesel,Individual,Manual,First Owner,875000
8,36000,19.01,1461.0,108.5,5.0,Nissan,Diesel,Individual,Manual,First Owner,800000
8,80000,19.67,1582.0,126.2,5.0,Hyundai,Diesel,Individual,Manual,First Owner,1050000
18,70000,18.9,998.0,67.1,5.0,Maruti,Petrol,Individual,Manual,First Owner,250000
16,60000,20.36,1197.0,78.9,5.0,Hyundai,Petrol,Individual,Manual,Second Owner,140000
10,80000,22.32,1582.0,126.32,5.0,Hyundai,Diesel,Individual,Manual,Second Owner,525000
21,90000,13.2,1495.0,94.0,5.0,Hyundai,Petrol,Individual,Manual,Second Owner,110000
10,79000,20.6,1968.0,141.0,5.0,Skoda,Diesel,Individual,Manual,Second Owner,1100000
8,60000,21.1,814.0,55.2,5.0,Hyundai,Petrol,Individual,Manual,First Owner,280000
8,68609,22.7,1498.0,89.84,5.0,Ford,Diesel,Dealer,Manual,First Owner,515000
21,80000,14.2,1597.0,92.0,5.0,Ford,Petrol,Individual,Manual,Third Owner,130000
8,40000,16.8,796.0,34.2,5.0,Maruti,Petrol,Individual,Manual,First Owner,240000
8,50000,16.0,2179.0,140.0,7.0,Mahindra,Diesel,Individual,Automatic,First Owner,1290000
6,50000,24.7,1047.0,69.0,5.0,Tata,Diesel,Individual,Manual,First Owner,500000
7,35000,25.17,799.0,53.3,5.0,Renault,Petrol,Individual,Manual,Second Owner,350000
7,40000,22.54,1396.0,88.73,5.0,Hyundai,Diesel,Individual,Manual,First Owner,731000
5,9000,24.3,1248.0,88.5,5.0,Maruti,Diesel,Individual,Manual,First Owner,890000
13,50000,19.7,796.0,46.3,5.0,Maruti,Petrol,Individual,Manual,First Owner,175000
13,68000,13.1,2499.0,141.0,7.0,Ford,Diesel,Individual,Manual,First Owner,950000
6,100000,12.9,2755.0,174.5,7.0,Toyota,Diesel,Dealer,Automatic,First Owner,2940000
13,60000,21.1,1248.0,73.9,5.0,Maruti,Diesel,Individual,Manual,Second Owner,250000
24,100000,10.9,796.0,,8.0,Maruti,CNG,Individual,Manual,Second Owner,80000
7,25000,24.7,796.0,47.3,5.0,Maruti,Petrol,Individual,Manual,First Owner,268000
13,80000,,,,,Toyota,Diesel,Individual,Manual,First Owner,375000
7,30000,23.95,998.0,67.05,5.0,Maruti,Petrol,Individual,Manual,First Owner,300000
19,120005,11.0,2987.0,198.5,5.0,Mercedes-Benz,Diesel,Individual,Automatic,Second Owner,800000
7,15000,23.9,1582.0,126.2,5.0,Hyundai,Diesel,Individual,Manual,First Owner,800000
4,5000,22.05,796.0,47.3,5.0,Maruti,Petrol,Individual,Manual,First Owner,360000
10,40000,22.74,796.0,47.3,5.0,Maruti,Petrol,Individual,Manual,First Owner,267000
10,60000,15.1,2179.0,140.0,7.0,Mahindra,Diesel,Individual,Manual,Second Owner,800000
8,90000,13.68,2393.0,147.51,7.0,Toyota,Diesel,Dealer,Manual,First Owner,1650000
9,120000,21.04,1461.0,83.8,7.0,Renault,Diesel,Individual,Manual,Second Owner,415000
6,10000,25.17,799.0,53.3,5.0,Renault,Petrol,Individual,Manual,First Owner,340000
16,150000,19.4,1422.0,70.0,5.0,Skoda,Diesel,Individual,Manual,Third Owner,140000
7,50000,17.1,1956.0,170.0,5.0,Jeep,Diesel,Individual,Manual,First Owner,1650000
14,60000,15.26,1150.0,74.9,5.0,Chevrolet,Petrol,Individual,Manual,First Owner,125000
7,100000,18.16,1196.0,86.8,5.0,Ford,Petrol,Individual,Manual,First Owner,400000
6,71500,22.54,1396.0,88.73,5.0,Hyundai,Diesel,Dealer,Manual,First Owner,825000
15,81000,17.0,1197.0,80.0,5.0,Hyundai,Petrol,Individual,Manual,Fourth & Above Owner,200000
10,120000,15.1,2179.0,140.0,7.0,Mahindra,Diesel,Individual,Manual,First Owner,850000
9,55380,18.9,1197.0,82.0,5.0,Hyundai,Petrol,Dealer,Manual,First Owner,484999
6,28000,17.0,1198.0,108.5,5.0,Tata,Petrol,Individual,Manual,Second Owner,595000
11,440000,12.99,2494.0,100.6,7.0,Toyota,Diesel,Individual,Manual,Second Owner,750000
13,110048,20.92,998.0,67.1,5.0,Maruti,Petrol,Individual,Manual,Third Owner,135000
17,100000,16.1,1405.0,70.0,5.0,Tata,Diesel,Individual,Manual,Third Owner,130000
13,120000,19.33,1968.0,138.1,5.0,Volkswagen,Diesel,Individual,Manual,Second Owner,425000
8,80000,23.9,1582.0,126.2,5.0,Hyundai,Diesel,Individual,Manual,First Owner,800000
9,100000,22.54,1396.0,88.73,5.0,Hyundai,Diesel,Individual,Manual,Second Owner,530000
10,110000,12.05,2179.0,120.0,9.0,Mahindra,Diesel,Individual,Manual,Second Owner,520000
12,30000,20.36,1197.0,78.9,5.0,Hyundai,Petrol,Individual,Manual,First Owner,270000
10,77500,14.0,2179.0,138.1,7.0,Tata,Diesel,Individual,Manual,Second Owner,540000
6,28000,21.21,1197.0,81.8,5.0,Maruti,Petrol,Individual,Automatic,First Owner,680000
10,84000,20.14,1498.0,88.5,5.0,Volkswagen,Diesel,Individual,Manual,Second Owner,300000
12,109322,16.36,1495.0,93.7,5.0,Hyundai,Petrol,Individual,Manual,Second Owner,225000
15,90000,,,,,Maruti,Petrol,Individual,Manual,Third Owner,140000
6,39000,28.4,1248.0,74.0,5.0,Maruti,Diesel,Dealer,Manual,First Owner,755000
11,135000,19.4,1405.0,70.0,5.0,Tata,Diesel,Dealer,Manual,Second Owner,210000
4,15000,15.37,1196.0,73.0,5.0,Maruti,Petrol,Individual,Manual,First Owner,415000
6,60000,21.5,1497.0,108.5,5.0,Tata,Diesel,Individual,Manual,First Owner,790000
8,35000,25.32,1198.0,77.0,6.0,Mahindra,Diesel,Individual,Manual,First Owner,400000
12,93000,17.0,1197.0,80.0,5.0,Hyundai,Petrol,Individual,Manual,Second Owner,275000
4,5000,17.8,1493.0,113.4,5.0,Other,Diesel,Dealer,Automatic,First Owner,1900000
15,80000,18.0,995.0,62.0,5.0,Chevrolet,Petrol,Individual,Manual,Fourth & Above Owner,80000
5,18500,20.3,1086.0,68.0,5.0,Hyundai,Petrol,Individual,Manual,First Owner,430000
6,49000,12.9,2755.0,174.5,7.0,Toyota,Diesel,Individual,Automatic,First Owner,2900000
6,20706,23.8,1499.0,98.63,5.0,Ford,Diesel,Dealer,Manual,First Owner,650000
6,30000,18.9,1197.0,81.86,5.0,Hyundai,Petrol,Individual,Manual,First Owner,450000
12,80000,18.9,998.0,67.1,5.0,Maruti,Petrol,Individual,Manual,First Owner,225000
12,70000,18.0,995.0,62.0,5.0,Chevrolet,Petrol,Individual,Manual,First Owner,130000
13,100000,20.0,1399.0,68.0,5.0,Ford,Diesel,Individual,Manual,First Owner,220000
25,80000,16.1,796.0,37.0,4.0,Maruti,Petrol,Individual,Manual,Third Owner,80000
14,120000,17.0,1405.0,71.0,5.0,Tata,Diesel,Individual,Manual,Second Owner,125000
29,70000,16.1,796.0,37.0,4.0,Maruti,Petrol,Individual,Manual,First Owner,55000
12,25000,21.03,1461.0,65.0,5.0,Mahindra,Diesel,Individual,Manual,First Owner,350000
8,46706,16.8,796.0,34.2,8.0,Maruti,Petrol,Dealer,Manual,First Owner,220000
9,110000,16.78,1496.0,88.73,5.0,Toyota,Petrol,Individual,Manual,Third Owner,360000
7,37151,27.3,1498.0,98.6,5.0,Honda,Diesel,Dealer,Manual,First Owner,525000
10,120000,17.4,1497.0,117.3,5.0,Honda,Petrol,Individual,Manual,First Owner,725000
8,50000,24.52,1248.0,88.5,7.0,Maruti,Diesel,Individual,Manual,First Owner,940000
17,30000,14.7,1150.0,76.0,5.0,Chevrolet,Petrol,Individual,Manual,Second Owner,65000
27,94000,15.9,1298.0,85.0,5.0,Maruti,Petrol,Individual,Automatic,Fourth & Above Owner,125000
16,80000,19.7,796.0,46.3,5.0,Maruti,Petrol,Individual,Manual,Third Owner,112999
8,9656,25.17,799.0,53.3,5.0,Renault,Petrol,Individual,Manual,First Owner,356000
6,19000,23.0,1498.0,98.96,5.0,Ford,Diesel,Individual,Manual,First Owner,900000
4,20000,17.0,1198.0,108.5,5.0,Tata,Petrol,Individual,Manual,First Owner,919999
15,212000,11.57,2179.0,138.1,7.0,Tata,Diesel,Individual,Manual,Third Owner,229999
8,28182,14.3,1598.0,103.52,5.0,Skoda,Petrol,Trustmark Dealer,Automatic,First Owner,675000
12,120000,,,,,Toyota,Diesel,Individual,Manual,Second Owner,275000
9,60000,23.7,1193.0,55.23,5.0,Tata,CNG,Individual,Manual,Second Owner,155000
10,125000,22.32,1582.0,126.32,5.0,Hyundai,Diesel,Individual,Automatic,First Owner,736000
10,90000,22.9,1248.0,74.0,5.0,Maruti,Diesel,Individual,Manual,Second Owner,390000
14,110000,16.2,1493.0,110.0,5.0,Hyundai,Diesel,Individual,Manual,Second Owner,260000
6,25000,24.3,1248.0,88.5,5.0,Maruti,Diesel,Individual,Manual,First Owner,950000
12,120000,22.32,1582.0,126.32,5.0,Hyundai,Diesel,Individual,Manual,First Owner,395000
18,42500,19.7,796.0,46.3,5.0,Maruti,Petrol,Individual,Manual,First Owner,100000
12,18000,25.4,624.0,37.5,4.0,Tata,Petrol,Dealer,Manual,First Owner,64000
8,35000,18.9,1197.0,82.0,5.0,Hyundai,Petrol,Individual,Manual,First Owner,450000
8,50000,15.4,1997.0,120.0,7.0,Mahindra,Diesel,Individual,Manual,First Owner,950000
5,30000,15.96,2523.0,62.1,7.0,Mahindra,Diesel,Individual,Manual,First Owner,710000
9,40000,26.59,1248.0,74.0,5.0,Maruti,Diesel,Individual,Manual,First Owner,525000
9,80000,22.54,1396.0,88.73,5.0,Hyundai,Diesel,Individual,Manual,First Owner,650000
11,70000,15.96,2523.0,63.0,9.0,Mahindra,Diesel,Individual,Manual,First Owner,500000
12,90000,12.05,2179.0,120.0,8.0,Mahindra,Diesel,Individual,Manual,Third Owner,540000
6,15000,17.8,1198.0,86.7,5.0,Honda,Petrol,Individual,Manual,First Owner,585000
7,95000,15.96,2523.0,63.0,9.0,Mahindra,Diesel,Individual,Manual,First Owner,580000
12,60000,,,,,Maruti,Petrol,Individual,Manual,Third Owner,175000
12,50000,21.9,1396.0,88.76,5.0,Hyundai,Diesel,Individual,Manual,Second Owner,380000
16,60000,15.3,1596.0,99.6,5.0,Ford,Petrol,Individual,Manual,Second Owner,285000
9,60000,27.39,1248.0,74.0,5.0,Maruti,Diesel,Individual,Manual,First Owner,562000
9,34000,21.1,814.0,55.2,5.0,Hyundai,Petrol,Individual,Manual,Second Owner,229999
10,80000,25.2,1248.0,74.0,5.0,Maruti,Diesel,Individual,Manual,Second Owner,430000
11,120000,22.9,1248.0,74.0,5.0,Maruti,Diesel,Individual,Manual,Fourth & Above Owner,300000
6,40000,20.14,1498.0,88.0,5.0,Volkswagen,Diesel,Dealer,Manual,First Owner,650000
10,175000,19.01,1461.0,108.45,5.0,Renault,Diesel,Individual,Manual,First Owner,495000
16,55000,13.9,1599.0,103.2,5.0,Hyundai,Petrol,Individual,Manual,Second Owner,114999
9,63063,18.9,1197.0,82.0,5.0,Hyundai,Petrol,Dealer,Automatic,First Owner,465000
5,25000,28.4,1248.0,74.02,5.0,Maruti,Diesel,Individual,Manual,First Owner,675000
8,60000,25.44,936.0,56.3,5.0,Chevrolet,Diesel,Individual,Manual,Second Owner,215000
17,150000,18.1,1493.0,110.0,5.0,Hyundai,Diesel,Individual,Manual,Second Owner,180000
7,70000,25.83,1498.0,99.0,5.0,Ford,Diesel,Individual,Manual,Second Owner,550000
6,17500,20.51,998.0,67.04,5.0,Maruti,Petrol,Individual,Manual,First Owner,400000
10,65000,19.1,1197.0,81.86,5.0,Hyundai,Petrol,Individual,Manual,First Owner,500000
19,79000,13.1,1493.0,82.0,5.0,Hyundai,Diesel,Individual,Manual,Second Owner,130000
13,70000,22.9,1248.0,74.0,5.0,Maruti,Diesel,Individual,Manual,Second Owner,300000
16,100000,15.0,1586.0,104.68,5.0,Maruti,Petrol,Individual,Manual,Fourth & Above Owner,150000
9,100000,25.2,1248.0,74.0,5.0,Maruti,Diesel,Individual,Manual,Second Owner,459999
10,90000,26.21,1248.0,88.5,5.0,Maruti,Diesel,Individual,Manual,Second Owner,560000
6,30000,25.17,799.0,53.3,5.0,Renault,Petrol,Individual,Manual,First Owner,350000
14,120000,13.2,1495.0,93.7,5.0,Hyundai,CNG,Individual,Manual,Second Owner,160000
7,82000,24.8,1396.0,88.7,5.0,Hyundai,Diesel,Individual,Manual,First Owner,700000
13,475000,13.5,2179.0,115.0,5.0,Mahindra,Diesel,Individual,Manual,Third Owner,400000
8,35000,21.1,814.0,55.2,5.0,Hyundai,Petrol,Individual,Manual,First Owner,300000
5,30000,17.3,1497.0,121.0,8.0,Mahindra,Diesel,Individual,Manual,First Owner,977000
12,50000,12.2,2498.0,112.0,8.0,Mahindra,Diesel,Individual,Manual,First Owner,700000
10,76000,22.54,1396.0,88.73,5.0,Hyundai,Diesel,Dealer,Manual,First Owner,550000
5,30000,12.4,1999.0,147.9,5.0,Other,Diesel,Individual,Automatic,First Owner,1900000
5,36800,20.14,1498.0,88.0,5.0,Volkswagen,Diesel,Dealer,Manual,First Owner,695000
7,50000,27.3,1498.0,98.6,5.0,Honda,Diesel,Individual,Manual,First Owner,670000
7,49060,22.0,1498.0,108.495,5.0,Volkswagen,Diesel,Individual,Manual,First Owner,650000
12,110000,15.96,2523.0,63.0,9.0,Mahindra,Diesel,Individual,Manual,Second Owner,340000
6,4773,22.0,1197.0,81.8,5.0,Maruti,Petrol,Dealer,Manual,First Owner,730000
4,10000,19.02,1198.0,67.05,5.0,Datsun,Petrol,Individual,Manual,First Owner,450000
9,50000,26.59,1248.0,74.0,5.0,Maruti,Diesel,Individual,Manual,First Owner,600000
7,60000,28.09,1248.0,88.5,5.0,Maruti,Diesel,Individual,Manual,First Owner,720000
8,38600,19.67,1582.0,126.2,5.0,Hyundai,Diesel,Dealer,Manual,First Owner,950000
7,70000,25.83,1498.0,99.0,5.0,Ford,Diesel,Individual,Manual,First Owner,700000
17,60000,16.1,796.0,37.0,4.0,Maruti,Petrol,Individual,Manual,Second Owner,75000
12,60000,23.5,1498.0,88.7,5.0,Ford,Diesel,Individual,Manual,Second Owner,280000
9,197000,13.58,2499.0,72.4,10.0,Chevrolet,Diesel,Individual,Manual,First Owner,509999
14,50000,26.2,998.0,58.2,5.0,Maruti,LPG,Individual,Manual,First Owner,275000
7,32000,24.3,1248.0,88.5,5.0,Maruti,Diesel,Dealer,Manual,First Owner,775000
8,30000,11.36,2755.0,171.5,7.0,Toyota,Diesel,Individual,Automatic,First Owner,1800000
11,55000,17.0,1497.0,118.0,5.0,Honda,Petrol,Dealer,Manual,Second Owner,475000
13,60000,17.92,1086.0,62.1,5.0,Hyundai,Petrol,Individual,Manual,Fourth & Above Owner,140000
13,110000,15.1,2179.0,140.0,7.0,Mahindra,Diesel,Individual,Manual,Second Owner,575000
8,7949,17.0,1198.0,73.75,5.0,Volkswagen,Petrol,Dealer,Manual,First Owner,579000
17,100000,17.8,1086.0,63.0,5.0,Hyundai,Petrol,Individual,Manual,Second Owner,95000
7,70000,26.59,1248.0,74.0,5.0,Maruti,Diesel,Individual,Manual,First Owner,650000
7,40000,,,,,Ford,Diesel,Individual,Manual,First Owner,600000
8,50000,23.01,999.0,67.0,5.0,Renault,Petrol,Individual,Manual,First Owner,300000
9,20000,17.57,1193.0,88.7,5.0,Tata,Petrol,Individual,Manual,First Owner,500000
8,33500,23.65,1248.0,88.5,5.0,Maruti,Diesel,Individual,Manual,First Owner,825000
5,20000,18.0,1969.0,190.0,5.0,Other,Diesel,Individual,Automatic,First Owner,3800000
7,43000,24.52,1248.0,88.5,7.0,Maruti,Diesel,Individual,Manual,First Owner,850000
8,60000,14.1,2179.0,148.0,7.0,Tata,Diesel,Individual,Manual,Second Owner,650000
6,69779,22.0,1197.0,81.8,5.0,Maruti,Petrol,Dealer,Automatic,First Owner,600000
10,80000,23.2,1248.0,73.94,5.0,Maruti,Diesel,Individual,Manual,Second Owner,425000
5,35000,22.95,1248.0,74.0,5.0,Tata,Diesel,Individual,Manual,First Owner,660000
20,50000,16.1,796.0,37.0,4.0,Maruti,Petrol,Individual,Manual,First Owner,50000
10,90000,23.2,1248.0,73.94,5.0,Maruti,Diesel,Individual,Manual,Second Owner,325000
15,190000,17.0,1405.0,71.0,5.0,Tata,Diesel,Individual,Manual,First Owner,100000
17,120000,,,,,Hyundai,Petrol,Individual,Manual,Second Owner,200000
11,125531,22.77,1498.0,98.59,5.0,Ford,Diesel,Dealer,Manual,Second Owner,600000
9,140000,15.1,2179.0,140.0,7.0,Mahindra,Diesel,Individual,Manual,First Owner,800000
12,100000,23.4,1248.0,74.0,5.0,Maruti,Diesel,Individual,Manual,Second Owner,625000
12,110000,20.77,1248.0,88.76,7.0,Maruti,Diesel,Individual,Manual,Second Owner,550000
11,68000,14.5,1797.0,147.5,5.0,Hyundai,Petrol,Dealer,Automatic,First Owner,690000
11,158000,24.4,1499.0,98.96,5.0,Ford,Diesel,Dealer,Manual,First Owner,325000
7,127991,25.5,1498.0,98.6,5.0,Honda,Diesel,Dealer,Manual,First Owner,675000
23,35000,16.1,796.0,37.0,4.0,Maruti,Petrol,Individual,Manual,Third Owner,75000
14,60000,14.0,2498.0,112.0,7.0,Mahindra,Diesel,Individual,Manual,Second Owner,250000
6,15000,15.8,1591.0,121.3,5.0,Hyundai,Petrol,Individual,Manual,First Owner,1405000
16,80000,19.7,796.0,46.3,5.0,Maruti,Petrol,Individual,Manual,Second Owner,95000
17,260000,12.8,2494.0,102.0,7.0,Toyota,Diesel,Individual,Manual,Third Owner,600000
14,100000,18.0,1248.0,75.0,5.0,Tata,Diesel,Individual,Manual,Second Owner,111000
10,50000,21.03,1461.0,65.0,5.0,Mahindra,Diesel,Individual,Manual,Second Owner,250000
8,60000,21.4,1197.0,83.1,5.0,Maruti,Petrol,Individual,Manual,First Owner,660000
16,100000,17.8,1248.0,75.0,5.0,Maruti,Diesel,Individual,Manual,Second Owner,260000
9,67000,21.2,1248.0,75.0,5.0,Fiat,Diesel,Individual,Manual,First Owner,550000
14,265000,14.8,2499.0,80.0,9.0,Chevrolet,Diesel,Individual,Manual,Fourth & Above Owner,285000
6,6000,17.9,2143.0,170.0,5.0,Mercedes-Benz,Diesel,Dealer,Automatic,First Owner,4600000
6,30000,16.8,796.0,34.2,8.0,Maruti,Petrol,Individual,Manual,First Owner,260000
14,70000,20.36,1197.0,78.9,5.0,Hyundai,Petrol,Individual,Manual,Fourth & Above Owner,140000
17,120000,13.93,2956.0,138.1,7.0,Tata,Diesel,Individual,Manual,Second Owner,200000
11,100000,25.8,1498.0,98.6,5.0,Honda,Diesel,Individual,Manual,First Owner,325000
18,35000,,,,,Fiat,Petrol,Individual,Manual,First Owner,80000
9,40000,26.21,1248.0,88.5,5.0,Maruti,Diesel,Dealer,Manual,First Owner,535000
9,61000,12.99,2494.0,100.6,7.0,Toyota,Diesel,Individual,Manual,First Owner,1200000
5,25000,17.0,1956.0,138.1,5.0,Tata,Diesel,Individual,Manual,First Owner,1630000
22,75000,,,,,Hyundai,Petrol,Individual,Manual,Second Owner,35000
9,120000,12.99,2494.0,100.6,7.0,Toyota,Diesel,Individual,Manual,Second Owner,840000
12,140000,20.5,1598.0,103.5,5.0,Skoda,Diesel,Individual,Manual,First Owner,295000
14,134000,,,,,Maruti,Diesel,Individual,Manual,Second Owner,240000
6,80000,23.0,1498.0,98.96,5.0,Ford,Diesel,Individual,Manual,First Owner,950000
6,35000,17.57,1193.0,88.7,5.0,Tata,Petrol,Individual,Manual,First Owner,459999
5,15000,28.4,1248.0,74.0,5.0,Maruti,Diesel,Individual,Manual,Second Owner,630000
19,40000,19.7,796.0,46.3,5.0,Maruti,Petrol,Individual,Manual,Second Owner,90000
15,120000,12.05,2179.0,120.0,7.0,Mahindra,Diesel,Individual,Manual,First Owner,475000
11,70000,18.5,1197.0,82.85,5.0,Hyundai,Petrol,Individual,Manual,First Owner,340000
11,35000,19.1,1197.0,85.8,5.0,Maruti,Petrol,Individual,Manual,First Owner,409999
21,70000,,,,,Tata,Diesel,Individual,Manual,First Owner,50000
10,23000,20.36,1197.0,78.9,5.0,Hyundai,Petrol,Individual,Manual,Second Owner,348000
12,45000,20.36,1197.0,78.9,5.0,Hyundai,Petrol,Individual,Manual,First Owner,300000
7,34000,21.04,1461.0,83.8,8.0,Renault,Diesel,Dealer,Manual,First Owner,695000
7,50000,23.1,998.0,67.04,5.0,Maruti,Petrol,Individual,Manual,First Owner,380000
7,60000,28.4,1248.0,74.02,5.0,Maruti,Diesel,Individual,Manual,First Owner,669000
14,40000,19.0,998.0,67.1,5.0,Maruti,Petrol,Individual,Manual,First Owner,220000
7,58000,24.7,796.0,47.3,5.0,Maruti,Petrol,Individual,Manual,First Owner,275000
17,90000,17.2,1396.0,53.5,5.0,Tata,Diesel,Individual,Manual,Third Owner,90000
9,60000,23.1,998.0,67.04,5.0,Maruti,Petrol,Individual,Manual,First Owner,400000
6,20000,21.5,1497.0,108.5,5.0,Tata,Diesel,Individual,Manual,First Owner,980000
18,70000,13.5,1799.0,130.0,5.0,Honda,Petrol,Individual,Manual,Second Owner,121000
15,155000,11.79,2179.0,120.0,8.0,Mahindra,Diesel,Individual,Automatic,Second Owner,600000
10,50000,23.4,1248.0,74.0,5.0,Maruti,Diesel,Individual,Manual,First Owner,600000
10,25000,23.1,998.0,67.04,5.0,Maruti,Petrol,Individual,Manual,First Owner,385000
8,50000,22.74,796.0,47.3,5.0,Maruti,Petrol,Individual,Manual,First Owner,240000
10,80000,25.01,1498.0,89.75,5.0,Ford,Diesel,Individual,Manual,First Owner,500000
12,50000,25.4,624.0,37.48,4.0,Tata,Petrol,Individual,Manual,Second Owner,70000
9,126000,21.43,1364.0,87.2,5.0,Toyota,Diesel,Individual,Manual,Third Owner,790000
10,121000,19.1,1197.0,82.0,5.0,Hyundai,Petrol,Dealer,Manual,First Owner,355000
13,120000,19.3,1248.0,73.9,5.0,Maruti,Diesel,Individual,Manual,Second Owner,430000
7,20000,22.0,999.0,67.0,5.0,Renault,Petrol,Dealer,Automatic,First Owner,375000
7,40300,23.84,1199.0,84.0,5.0,Tata,Petrol,Individual,Manual,First Owner,340000
13,56000,13.0,2489.0,95.0,8.0,Mahindra,Diesel,Individual,Manual,First Owner,450000
11,76460,22.32,1582.0,126.32,5.0,Hyundai,Diesel,Individual,Manual,First Owner,700000
11,125000,15.96,2523.0,62.1,7.0,Mahindra,Diesel,Individual,Manual,Second Owner,330000
14,102000,19.62,1995.0,187.74,5.0,Bmw,Diesel,Dealer,Automatic,First Owner,1100000
19,39000,19.7,796.0,46.3,5.0,Maruti,Petrol,Individual,Manual,First Owner,55000
13,90000,21.1,1248.0,73.9,5.0,Maruti,Diesel,Individual,Manual,Third Owner,250000
7,65000,26.59,1248.0,74.0,5.0,Maruti,Diesel,Individual,Manual,First Owner,700000
9,40000,23.59,1364.0,67.04,5.0,Toyota,Diesel,Individual,Manual,First Owner,550000
9,35000,15.4,1997.0,120.0,7.0,Mahindra,Diesel,Individual,Manual,First Owner,1000000
8,15000,25.17,799.0,53.3,5.0,Renault,Petrol,Individual,Manual,First Owner,390000
8,22000,18.5,1198.0,86.8,5.0,Honda,Petrol,Individual,Manual,First Owner,425000
8,42163,11.36,2755.0,171.5,7.0,Toyota,Diesel,Dealer,Automatic,Second Owner,1525000
16,120000,17.8,1248.0,75.0,5.0,Maruti,Diesel,Individual,Manual,First Owner,175000
20,70000,19.7,796.0,46.3,5.0,Maruti,Petrol,Individual,Manual,Fourth & Above Owner,90000
16,59400,16.1,796.0,37.0,4.0,Maruti,Petrol,Individual,Manual,Fourth & Above Owner,70000
14,60000,18.0,995.0,62.0,5.0,Chevrolet,Petrol,Individual,Manual,Second Owner,140000
10,90000,15.05,2179.0,147.9,7.0,Tata,Diesel,Individual,Manual,Second Owner,500000
15,17000,19.7,796.0,46.3,5.0,Maruti,Petrol,Individual,Manual,First Owner,120000
5,5000,20.0,999.0,72.0,7.0,Renault,Petrol,Individual,Manual,First Owner,675000
11,25000,20.0,1399.0,68.1,5.0,Ford,Diesel,Individual,Manual,First Owner,250000
7,70000,18.9,1197.0,82.0,5.0,Hyundai,Petrol,Individual,Manual,First Owner,459999
9,60000,20.45,1461.0,83.8,5.0,Renault,Diesel,Individual,Manual,First Owner,550000
6,10000,17.0,1591.0,121.3,5.0,Hyundai,Petrol,Individual,Manual,First Owner,1000000
12,60000,15.1,2179.0,140.0,7.0,Mahindra,Diesel,Individual,Manual,Second Owner,700000
12,75000,15.96,2523.0,62.1,7.0,Mahindra,Diesel,Individual,Manual,First Owner,600000
16,120000,16.8,1493.0,110.0,5.0,Hyundai,Diesel,Individual,Manual,Second Owner,120000
13,65000,18.9,998.0,67.1,5.0,Maruti,Petrol,Individual,Manual,Second Owner,250000
11,58245,16.47,1198.0,73.9,5.0,Volkswagen,Petrol,Dealer,Manual,First Owner,389000
19,90000,16.1,1405.0,70.0,5.0,Tata,Diesel,Individual,Manual,Third Owner,140000
15,90000,19.7,796.0,35.0,8.0,Maruti,Petrol,Individual,Manual,Fourth & Above Owner,101000
15,90000,20.36,1197.0,78.9,5.0,Hyundai,Petrol,Individual,Manual,Second Owner,170000
8,120000,11.36,2755.0,171.5,7.0,Toyota,Diesel,Individual,Automatic,First Owner,1516000
7,80000,22.54,1396.0,88.73,5.0,Hyundai,Diesel,Individual,Manual,First Owner,670000
13,100000,23.0,1396.0,90.0,5.0,Hyundai,Diesel,Individual,Manual,Second Owner,280000
10,90000,15.96,2523.0,62.1,7.0,Mahindra,Diesel,Individual,Manual,First Owner,500000
10,110000,20.77,1248.0,88.76,7.0,Maruti,Diesel,Individual,Manual,Second Owner,525000
9,60000,21.43,1364.0,87.2,5.0,Toyota,Diesel,Individual,Manual,First Owner,1050000
7,20000,28.4,1248.0,74.02,5.0,Maruti,Diesel,Individual,Manual,First Owner,650000
7,35000,28.4,1248.0,74.0,5.0,Maruti,Diesel,Individual,Manual,First Owner,500000
11,30000,18.5,1197.0,82.85,5.0,Hyundai,Petrol,Individual,Manual,First Owner,360000
10,139000,18.2,1248.0,73.8,8.0,Chevrolet,Diesel,Individual,Manual,Second Owner,190000
9,55000,24.4,1120.0,71.0,5.0,Hyundai,Diesel,Dealer,Manual,First Owner,391000
14,80000,20.92,998.0,67.1,5.0,Maruti,Petrol,Individual,Manual,First Owner,150000
14,90000,18.9,1061.0,67.0,5.0,Maruti,Petrol,Individual,Manual,Second Owner,200000
9,96500,20.5,1248.0,91.72,5.0,Fiat,Diesel,Individual,Manual,First Owner,500000
13,36000,15.37,1196.0,73.0,5.0,Maruti,Petrol,Individual,Manual,Second Owner,250000
8,51500,25.17,799.0,53.3,5.0,Renault,Petrol,Individual,Manual,First Owner,315000
7,42000,24.7,796.0,47.3,5.0,Maruti,Petrol,Individual,Manual,First Owner,250000
7,54000,22.54,1396.0,88.73,5.0,Hyundai,Diesel,Individual,Manual,First Owner,850000
4,120000,21.63,998.0,67.0,5.0,Maruti,Petrol,Individual,Manual,Second Owner,250000
9,119000,23.9,1582.0,126.2,5.0,Hyundai,Diesel,Individual,Manual,First Owner,560000
9,60000,19.67,1582.0,126.2,5.0,Hyundai,Diesel,Individual,Manual,First Owner,822000
7,35000,23.01,999.0,67.0,5.0,Renault,Petrol,Individual,Manual,First Owner,300000
7,40000,25.4,1186.0,73.97,5.0,Hyundai,Diesel,Individual,Manual,Second Owner,450000
12,50000,22.9,1248.0,74.0,5.0,Maruti,Diesel,Individual,Manual,Second Owner,330000
11,40000,17.21,1493.0,100.0,7.0,Mahindra,Diesel,Individual,Manual,First Owner,300000
9,57000,23.0,1248.0,88.7,5.0,Tata,Diesel,Individual,Manual,First Owner,450000
12,121779,12.05,2179.0,120.0,8.0,Mahindra,Diesel,Individual,Manual,First Owner,532000
10,50000,17.5,1298.0,85.8,5.0,Maruti,Petrol,Individual,Manual,First Owner,220000
16,60000,17.0,1405.0,70.0,5.0,Tata,Diesel,Individual,Manual,Third Owner,150000
12,90000,20.5,1598.0,103.5,5.0,Skoda,Diesel,Individual,Manual,First Owner,425000
15,120000,21.1,1248.0,73.9,5.0,Maruti,Diesel,Individual,Manual,Second Owner,200000
12,110000,19.81,1086.0,68.05,5.0,Hyundai,Petrol,Individual,Manual,First Owner,225000
15,100000,19.7,796.0,46.3,5.0,Maruti,Petrol,Individual,Manual,First Owner,114999
13,20000,18.0,995.0,62.0,5.0,Chevrolet,Petrol,Individual,Manual,Second Owner,190000
14,100000,21.9,1396.0,90.0,5.0,Hyundai,Diesel,Individual,Manual,Fourth & Above Owner,270000
11,120000,20.77,1248.0,88.8,7.0,Maruti,Diesel,Individual,Manual,Second Owner,630000
7,21000,22.0,1197.0,81.8,5.0,Maruti,Petrol,Individual,Manual,First Owner,650000
8,45000,25.17,799.0,53.3,5.0,Renault,Petrol,Individual,Manual,Second Owner,240000
17,90000,19.7,796.0,46.3,5.0,Maruti,Petrol,Individual,Manual,Second Owner,100000
21,250000,18.7,1896.0,66.0,5.0,Skoda,Diesel,Individual,Manual,Second Owner,100000
14,56000,17.92,1086.0,62.1,5.0,Hyundai,Petrol,Individual,Manual,Third Owner,165000
17,120000,17.7,1497.0,78.0,5.0,Honda,Petrol,Individual,Manual,Second Owner,210000
14,39000,16.9,1061.0,64.9,5.0,Maruti,Petrol,Individual,Manual,First Owner,150000
6,50000,26.6,998.0,58.16,5.0,Maruti,CNG,Individual,Manual,First Owner,450000
10,70000,13.58,2499.0,72.4,9.0,Chevrolet,Diesel,Individual,Manual,Second Owner,575000
9,23500,18.6,1199.0,76.8,5.0,Chevrolet,Petrol,Individual,Manual,First Owner,250000
10,90000,18.9,1197.0,82.0,5.0,Hyundai,Petrol,Individual,Manual,Second Owner,400000
4,7400,24.3,1248.0,88.5,5.0,Maruti,Diesel,Individual,Automatic,First Owner,925000
8,44000,25.17,799.0,53.3,5.0,Renault,Petrol,Individual,Manual,First Owner,270000
18,100000,15.3,1341.0,83.0,5.0,Hyundai,Petrol,Individual,Manual,Fourth & Above Owner,81000
8,111000,21.19,1396.0,88.73,5.0,Hyundai,Diesel,Individual,Manual,Second Owner,700000
6,60000,16.5,1493.0,70.0,7.0,Mahindra,Diesel,Individual,Manual,First Owner,797000
11,145000,15.3,2956.0,83.83,7.0,Tata,Diesel,Individual,Manual,First Owner,310000
13,90000,18.06,1198.0,75.0,5.0,Nissan,Petrol,Individual,Manual,Second Owner,235000
11,75000,18.9,1197.0,82.0,5.0,Hyundai,Petrol,Individual,Manual,Third Owner,300000
9,60000,26.21,1248.0,88.5,5.0,Maruti,Diesel,Individual,Manual,Third Owner,600000
9,73500,19.67,1582.0,126.2,5.0,Hyundai,Diesel,Individual,Manual,First Owner,1000000
5,1300,22.5,999.0,67.0,5.0,Datsun,Petrol,Individual,Manual,First Owner,325000
7,5000,18.15,1198.0,82.0,6.0,Mahindra,Petrol,Individual,Manual,Second Owner,325000
13,120000,20.0,1399.0,68.0,5.0,Ford,Diesel,Individual,Manual,First Owner,215000
9,40000,22.54,1396.0,88.73,5.0,Hyundai,Diesel,Individual,Manual,First Owner,600000
8,35000,16.2,1199.0,74.0,5.0,Volkswagen,Petrol,Individual,Manual,First Owner,560000
11,60000,15.1,2179.0,140.0,7.0,Mahindra,Diesel,Individual,Manual,Second Owner,540000
15,120000,,,,,Maruti,Diesel,Individual,Manual,First Owner,370000
13,250000,12.8,2494.0,102.0,7.0,Toyota,Diesel,Individual,Manual,Second Owner,550000
7,5000,21.43,1364.0,86.79,5.0,Toyota,Diesel,Individual,Manual,First Owner,1594000
8,50000,14.1,2179.0,147.94,7.0,Tata,Diesel,Individual,Manual,Third Owner,650000
13,120000,11.5,2982.0,171.0,7.0,Toyota,Diesel,Individual,Manual,Third Owner,975000
12,45000,18.5,1198.0,86.8,5.0,Honda,Petrol,Dealer,Manual,First Owner,385000
8,53319,25.44,936.0,56.3,5.0,Chevrolet,Diesel,Dealer,Manual,First Owner,375000
9,60000,24.0,1120.0,70.0,5.0,Hyundai,Diesel,Individual,Manual,First Owner,370000
12,120000,15.1,2179.0,140.0,7.0,Mahindra,Diesel,Individual,Manual,First Owner,535000
6,45000,28.4,1248.0,74.02,5.0,Maruti,Diesel,Individual,Manual,First Owner,700000
11,62000,22.0,1197.0,81.8,5.0,Maruti,Petrol,Dealer,Manual,First Owner,411000
14,80000,19.7,796.0,46.3,5.0,Maruti,Petrol,Individual,Manual,Second Owner,160000
13,43500,18.06,1198.0,75.0,5.0,Nissan,Petrol,Individual,Manual,Second Owner,200000
12,120000,19.3,1248.0,73.9,5.0,Maruti,Diesel,Individual,Manual,First Owner,310000
6,25000,17.4,1197.0,81.86,5.0,Hyundai,Petrol,Individual,Automatic,First Owner,800000
17,187000,19.2,1461.0,65.0,5.0,Mahindra,Diesel,Individual,Manual,Second Owner,180000
6,6001,15.9,1496.0,120.69,5.0,Ford,Petrol,Dealer,Manual,First Owner,640000
8,120000,14.1,2179.0,147.94,5.0,Tata,Diesel,Individual,Manual,First Owner,900000
10,148000,20.77,1248.0,88.8,7.0,Maruti,Diesel,Individual,Manual,Second Owner,620000
14,70000,20.0,1399.0,68.0,5.0,Ford,Diesel,Individual,Manual,First Owner,260000
13,45000,23.08,1461.0,63.1,5.0,Nissan,Diesel,Individual,Manual,First Owner,275000
8,60000,18.49,1493.0,100.0,7.0,Mahindra,Diesel,Individual,Manual,First Owner,600000
13,90000,20.0,1399.0,68.0,5.0,Ford,Diesel,Individual,Manual,Second Owner,225000
10,55000,14.0,2179.0,138.1,7.0,Tata,Diesel,Individual,Manual,First Owner,575000
11,70000,22.9,1248.0,74.0,5.0,Maruti,Diesel,Individual,Manual,First Owner,400000
7,8000,16.6,1798.0,177.5,5.0,Audi,Petrol,Dealer,Automatic,First Owner,1689999
6,50000,28.4,1248.0,74.02,5.0,Maruti,Diesel,Individual,Manual,First Owner,740000
9,30000,26.59,1248.0,74.0,5.0,Maruti,Diesel,Individual,Manual,First Owner,480000
11,70000,23.4,1248.0,74.0,5.0,Maruti,Diesel,Individual,Manual,Third Owner,360000
11,60000,18.6,1197.0,85.8,5.0,Maruti,Petrol,Individual,Manual,Fourth & Above Owner,320000
6,5000,25.1,1248.0,88.5,5.0,Maruti,Diesel,Individual,Manual,First Owner,975000
9,160000,24.4,1120.0,71.01,5.0,Hyundai,Diesel,Individual,Manual,First Owner,375000
13,70000,16.5,1172.0,65.0,5.0,Tata,Petrol,Individual,Manual,Second Owner,130000
13,50000,19.0,1248.0,90.0,5.0,Tata,Diesel,Individual,Manual,First Owner,340000
7,90000,20.14,1197.0,81.86,5.0,Hyundai,Petrol,Individual,Manual,First Owner,509999
6,35000,25.4,1186.0,73.97,5.0,Hyundai,Diesel,Individual,Manual,First Owner,500000
13,110000,16.47,1198.0,73.9,5.0,Volkswagen,Petrol,Individual,Manual,First Owner,450000
19,35000,18.9,998.0,67.1,5.0,Maruti,Petrol,Individual,Manual,First Owner,65000
8,39000,15.9,1496.0,120.69,5.0,Ford,Petrol,Dealer,Manual,First Owner,599000
7,30000,20.51,998.0,67.04,5.0,Maruti,Petrol,Individual,Manual,First Owner,440000
18,110000,20.8,1527.0,58.0,5.0,Maruti,Diesel,Individual,Manual,Second Owner,80000
12,90000,17.5,1298.0,85.8,5.0,Maruti,Petrol,Individual,Manual,Second Owner,355000
6,25000,21.21,1197.0,81.8,5.0,Maruti,Petrol,Individual,Manual,First Owner,600000
7,78000,28.09,1248.0,88.5,5.0,Maruti,Diesel,Individual,Manual,Third Owner,650000
12,80000,19.09,1396.0,69.0,5.0,Tata,Diesel,Individual,Manual,Fourth & Above Owner,140000
14,72179,,,,,Maruti,Diesel,Dealer,Manual,First Owner,352000
7,40000,25.17,799.0,53.3,5.0,Renault,Petrol,Individual,Manual,First Owner,250000
6,70000,23.59,1364.0,67.04,5.0,Toyota,Diesel,Individual,Manual,First Owner,665000
5,3000,20.89,1197.0,81.8,5.0,Maruti,Petrol,Individual,Manual,First Owner,577000
8,40000,13.0,2143.0,204.0,5.0,Mercedes-Benz,Diesel,Individual,Automatic,First Owner,3000000
12,125000,21.43,1364.0,87.2,5.0,Toyota,Diesel,Individual,Manual,Second Owner,415000
13,50600,19.7,796.0,46.3,5.0,Maruti,Petrol,Individual,Manual,First Owner,200000
17,120000,18.7,1896.0,66.0,5.0,Skoda,Diesel,Individual,Manual,Second Owner,110000
9,20000,20.51,998.0,67.0,5.0,Maruti,Petrol,Individual,Automatic,First Owner,400000
6,50000,28.4,1248.0,74.02,5.0,Maruti,Diesel,Individual,Automatic,First Owner,851000
6,15000,24.7,796.0,47.3,5.0,Maruti,Petrol,Individual,Manual,Second Owner,300000
10,39395,21.2,1248.0,75.0,5.0,Fiat,Diesel,Individual,Manual,First Owner,320000
7,20000,23.1,998.0,67.04,5.0,Maruti,Petrol,Individual,Manual,Second Owner,350000
12,90000,19.0,1405.0,71.0,5.0,Tata,Diesel,Individual,Manual,Second Owner,275000
6,40000,23.0,1498.0,98.96,5.0,Ford,Diesel,Individual,Manual,First Owner,900000
7,60000,21.38,1396.0,88.7,5.0,Hyundai,Diesel,Individual,Manual,First Owner,957000
10,120000,23.4,1248.0,74.0,5.0,Maruti,Diesel,Individual,Manual,First Owner,580000
10,160000,14.95,2489.0,93.7,7.0,Mahindra,Diesel,Individual,Manual,First Owner,310000
6,53000,20.14,1498.0,88.0,5.0,Volkswagen,Diesel,Individual,Manual,First Owner,650000
10,50000,14.0,2523.0,75.0,9.0,Mahindra,Diesel,Individual,Manual,Second Owner,655000
6,8576,18.7,1199.0,88.7,5.0,Honda,Petrol,Dealer,Manual,First Owner,680000
12,90000,20.54,1598.0,103.6,5.0,Volkswagen,Diesel,Individual,Manual,First Owner,361000
9,60000,20.51,998.0,67.04,5.0,Maruti,Petrol,Individual,Manual,First Owner,320000
8,121000,12.08,2999.0,161.0,7.0,Other,Diesel,Dealer,Automatic,First Owner,1160000
12,80000,23.2,1248.0,73.94,5.0,Maruti,Diesel,Individual,Manual,Third Owner,270000
9,40000,18.49,1493.0,100.0,7.0,Mahindra,Diesel,Individual,Automatic,First Owner,620000
11,125000,22.32,1582.0,126.3,5.0,Hyundai,Diesel,Individual,Manual,Third Owner,475000
10,31000,17.21,1197.0,103.6,5.0,Volkswagen,Petrol,Dealer,Automatic,Second Owner,550000
9,60000,19.44,1198.0,67.0,7.0,Datsun,Petrol,Individual,Manual,Second Owner,229999
9,58161,17.8,1497.0,117.3,5.0,Honda,Petrol,Dealer,Manual,First Owner,500000
16,70000,20.36,1197.0,78.9,5.0,Hyundai,Petrol,Individual,Manual,Second Owner,215000
10,50000,21.1,814.0,55.2,5.0,Hyundai,Petrol,Individual,Manual,First Owner,215000
10,64000,20.77,1248.0,88.8,7.0,Maruti,Diesel,Individual,Manual,Second Owner,680000
7,47000,26.0,1498.0,98.6,5.0,Honda,Diesel,Individual,Manual,Second Owner,650000
8,54000,16.0,1997.0,140.0,7.0,Mahindra,Diesel,Individual,Automatic,First Owner,975000
8,120000,19.87,1461.0,83.8,5.0,Renault,Diesel,Individual,Manual,First Owner,645000
11,70000,20.36,1197.0,78.9,5.0,Hyundai,Petrol,Individual,Manual,First Owner,325000
8,30000,25.17,799.0,53.3,5.0,Renault,Petrol,Individual,Manual,Third Owner,254999
21,80000,,,,,Hyundai,Petrol,Individual,Manual,Second Owner,50000
12,120000,17.8,1399.0,67.0,5.0,Ford,Diesel,Individual,Manual,Third Owner,340000
7,40000,20.3,1199.0,84.0,5.0,Tata,Petrol,Individual,Manual,First Owner,520000
6,60000,24.4,1498.0,98.63,5.0,Ford,Diesel,Individual,Manual,First Owner,675000
5,9850,24.3,1248.0,88.5,5.0,Maruti,Diesel,Individual,Automatic,First Owner,1025000
6,18000,21.66,1498.0,108.62,5.0,Volkswagen,Diesel,Individual,Manual,First Owner,560000
11,100000,22.9,1248.0,74.0,5.0,Maruti,Diesel,Individual,Manual,Third Owner,409999
7,40000,18.6,1197.0,81.83,5.0,Hyundai,Petrol,Individual,Manual,First Owner,610000
11,62000,13.1,2499.0,141.0,7.0,Ford,Diesel,Dealer,Manual,First Owner,700000
12,50000,14.84,2143.0,170.0,5.0,Mercedes-Benz,Diesel,Individual,Automatic,First Owner,1400000
15,54290,17.0,1497.0,118.0,5.0,Honda,Petrol,Dealer,Manual,First Owner,350000
6,31000,25.32,1198.0,77.0,6.0,Mahindra,Diesel,Individual,Manual,First Owner,420000
11,55000,14.4,998.0,61.7,5.0,Maruti,LPG,Individual,Manual,First Owner,275000
12,80000,22.32,1582.0,126.32,5.0,Hyundai,Diesel,Individual,Manual,Second Owner,415000
8,76000,26.59,1248.0,74.0,5.0,Maruti,Diesel,Individual,Manual,First Owner,550000
13,35000,20.92,998.0,67.1,5.0,Maruti,Petrol,Individual,Manual,Second Owner,210000
5,7600,21.63,998.0,67.0,5.0,Maruti,Petrol,Individual,Manual,First Owner,480000
11,80000,13.7,2197.0,138.1,7.0,Tata,Diesel,Individual,Manual,Second Owner,450000
5,10000,16.0,2179.0,140.0,7.0,Mahindra,Diesel,Individual,Manual,First Owner,1800000
18,110000,14.9,1991.0,112.2,5.0,Hyundai,Diesel,Individual,Manual,Fourth & Above Owner,155000
12,128000,22.32,1582.0,126.32,5.0,Hyundai,Diesel,Individual,Manual,Second Owner,450000
8,110000,18.2,1248.0,73.74,7.0,Chevrolet,Diesel,Individual,Manual,Second Owner,420000
18,94000,17.4,1599.0,104.0,5.0,Chevrolet,Petrol,Individual,Manual,Second Owner,190000
11,120000,20.54,1598.0,103.6,5.0,Volkswagen,Diesel,Individual,Manual,Second Owner,400000
14,148000,23.0,1396.0,90.0,5.0,Hyundai,Diesel,Individual,Manual,Second Owner,350000
7,40000,28.4,1248.0,74.02,5.0,Maruti,Diesel,Individual,Manual,First Owner,680000
6,5000,20.63,1198.0,67.0,5.0,Datsun,Petrol,Individual,Manual,Second Owner,430000
8,35000,22.54,1396.0,88.73,5.0,Hyundai,Diesel,Individual,Manual,First Owner,780000
7,89000,21.14,1498.0,103.6,5.0,Skoda,Diesel,Dealer,Manual,First Owner,750000
9,40000,28.09,1248.0,88.5,5.0,Maruti,Diesel,Individual,Manual,Third Owner,550000
8,48000,16.0,2179.0,140.0,7.0,Mahindra,Diesel,Individual,Manual,Second Owner,925000
8,38000,24.7,796.0,47.3,5.0,Maruti,Petrol,Individual,Manual,First Owner,300000
5,30000,23.0,1498.0,98.96,5.0,Ford,Diesel,Individual,Manual,Third Owner,800000
10,74000,15.96,2523.0,62.1,7.0,Mahindra,Diesel,Dealer,Manual,First Owner,570000
12,100000,26.2,998.0,58.2,5.0,Maruti,CNG,Individual,Manual,Third Owner,297000
15,201850,17.88,1396.0,52.8,5.0,Tata,Diesel,Individual,Manual,Second Owner,88000
7,50000,15.04,2755.0,174.5,7.0,Toyota,Diesel,Individual,Automatic,First Owner,2950000
11,37000,13.7,1399.0,98.79,7.0,Chevrolet,Petrol,Dealer,Manual,First Owner,350000
13,80000,13.93,2179.0,138.0,7.0,Tata,Diesel,Individual,Manual,First Owner,300000
7,20000,18.6,1197.0,81.83,5.0,Hyundai,Petrol,Individual,Manual,First Owner,690000
6,10000,23.1,998.0,67.04,5.0,Maruti,Petrol,Individual,Manual,First Owner,580000
13,90000,13.6,2523.0,63.0,7.0,Mahindra,Diesel,Individual,Manual,First Owner,455000
8,30000,22.74,796.0,47.3,5.0,Maruti,Petrol,Individual,Manual,Second Owner,280000
8,60000,22.77,1498.0,98.59,5.0,Ford,Diesel,Dealer,Manual,First Owner,780000
6,40000,17.0,1198.0,108.5,5.0,Tata,Petrol,Individual,Manual,Second Owner,850000
8,20000,20.4,1197.0,81.8,5.0,Maruti,Petrol,Individual,Manual,First Owner,540000
6,26300,23.84,1199.0,84.0,5.0,Tata,Petrol,Individual,Manual,First Owner,560000
7,70000,28.4,1248.0,74.02,5.0,Maruti,Diesel,Individual,Manual,First Owner,700000
8,30000,21.1,814.0,55.2,5.0,Hyundai,Petrol,Individual,Manual,First Owner,340000
6,30000,21.4,1197.0,83.1,5.0,Maruti,Petrol,Individual,Manual,First Owner,550000
5,15000,18.9,1197.0,81.86,5.0,Hyundai,Petrol,Individual,Manual,First Owner,488999
10,65000,23.4,1248.0,74.0,5.0,Maruti,Diesel,Individual,Manual,Second Owner,459999
15,110000,11.79,2179.0,120.0,8.0,Mahindra,Diesel,Individual,Automatic,Second Owner,365000
7,70000,25.5,1498.0,98.6,5.0,Honda,Diesel,Individual,Manual,First Owner,800000
10,80000,21.1,814.0,55.2,5.0,Hyundai,Petrol,Individual,Manual,First Owner,229999
6,25000,23.84,1199.0,84.0,5.0,Tata,Petrol,Individual,Manual,First Owner,500000
9,90000,18.6,1197.0,81.83,5.0,Hyundai,Petrol,Individual,Manual,First Owner,516000
18,70000,16.1,796.0,37.0,4.0,Maruti,Petrol,Individual,Manual,Second Owner,155000
7,51000,17.01,1582.0,126.2,5.0,Hyundai,Diesel,Individual,Automatic,First Owner,1143000
6,59000,24.2,1498.0,93.87,7.0,Maruti,Diesel,Individual,Manual,First Owner,850000
4,2700,17.01,1582.0,126.2,5.0,Hyundai,Diesel,Dealer,Automatic,First Owner,1950000
9,60000,25.83,1498.0,99.0,5.0,Ford,Diesel,Individual,Manual,First Owner,500000
6,40000,20.14,1197.0,81.86,5.0,Hyundai,Petrol,Individual,Manual,First Owner,480000
5,10000,33.44,796.0,40.3,4.0,Maruti,CNG,Individual,Manual,Second Owner,330000
9,130000,12.55,2982.0,168.5,7.0,Toyota,Diesel,Individual,Automatic,First Owner,1900000
14,70000,16.0,995.0,63.0,5.0,Chevrolet,Petrol,Individual,Manual,First Owner,125000
7,25000,16.0,2179.0,140.0,7.0,Mahindra,Diesel,Individual,Manual,First Owner,1350000
13,110000,17.92,1086.0,62.1,5.0,Hyundai,Petrol,Individual,Manual,Second Owner,156000
10,50000,21.1,814.0,55.2,5.0,Hyundai,Petrol,Individual,Manual,Third Owner,220000
6,25000,18.6,1197.0,81.86,5.0,Hyundai,Petrol,Individual,Manual,First Owner,700000
18,120000,17.7,1497.0,78.0,5.0,Honda,Petrol,Individual,Manual,Second Owner,180000
11,120000,23.59,1364.0,67.06,5.0,Toyota,Diesel,Individual,Manual,First Owner,325000
17,57000,19.7,796.0,46.3,5.0,Maruti,Petrol,Individual,Manual,First Owner,135000
11,72500,23.3,1984.0,150.0,5.0,Other,Diesel,Individual,Automatic,Second Owner,1200000
8,120000,16.0,2179.0,140.0,7.0,Mahindra,Diesel,Individual,Automatic,First Owner,861999
6,20000,18.9,1197.0,81.86,5.0,Hyundai,Petrol,Individual,Manual,Second Owner,551000
21,35000,16.1,796.0,37.0,4.0,Maruti,Petrol,Individual,Manual,Fourth & Above Owner,45000
15,163000,,,,,Ford,Diesel,Dealer,Manual,First Owner,180000
7,25000,17.0,1497.0,121.31,5.0,Ford,Petrol,Individual,Manual,First Owner,889000
13,40000,26.0,624.0,35.0,4.0,Tata,Petrol,Individual,Manual,First Owner,70000
16,80000,,,,,Maruti,Petrol,Individual,Manual,Second Owner,200000
13,80000,18.9,998.0,67.1,5.0,Maruti,Petrol,Individual,Manual,First Owner,265000
6,38817,27.39,1248.0,74.0,5.0,Maruti,Diesel,Dealer,Manual,First Owner,740000
12,50000,23.03,1396.0,69.0,5.0,Tata,Diesel,Individual,Manual,First Owner,155000
12,200000,20.54,1598.0,103.6,5.0,Volkswagen,Diesel,Individual,Manual,First Owner,380000
6,50000,14.67,1798.0,177.46,5.0,Skoda,Petrol,Dealer,Automatic,First Owner,1864999
8,25000,18.9,1197.0,82.0,5.0,Hyundai,Petrol,Individual,Manual,First Owner,412000
16,100000,19.81,1086.0,68.05,5.0,Hyundai,Petrol,Individual,Manual,Second Owner,250000
12,60000,25.0,1396.0,69.0,5.0,Tata,Diesel,Individual,Manual,First Owner,260000
5,20000,18.9,1197.0,81.86,5.0,Hyundai,Petrol,Individual,Manual,First Owner,600000
16,120000,19.7,796.0,35.0,8.0,Maruti,Petrol,Individual,Manual,Second Owner,100000
11,120000,22.9,1248.0,74.0,5.0,Maruti,Diesel,Individual,Manual,First Owner,390000
6,60000,18.15,1198.0,82.0,6.0,Mahindra,Petrol,Individual,Manual,First Owner,500000
6,35000,22.0,1582.0,126.2,5.0,Hyundai,Diesel,Individual,Manual,First Owner,1150000
9,135000,24.4,1120.0,71.01,5.0,Hyundai,Diesel,Individual,Manual,Second Owner,409999
13,100000,21.0,1461.0,64.1,5.0,Mahindra,Diesel,Individual,Manual,Second Owner,174000
6,41779,21.21,1197.0,81.8,5.0,Maruti,Petrol,Dealer,Manual,First Owner,795000
8,77000,22.54,1396.0,88.73,5.0,Hyundai,Diesel,Individual,Manual,First Owner,611000
16,100000,18.9,1061.0,67.0,5.0,Maruti,Petrol,Individual,Manual,Third Owner,105000
8,86000,24.3,1248.0,88.5,5.0,Maruti,Diesel,Individual,Manual,First Owner,700000
12,110000,20.0,1399.0,68.0,5.0,Ford,Diesel,Individual,Manual,First Owner,220000
6,28900,17.8,1497.0,117.3,5.0,Honda,Petrol,Dealer,Manual,First Owner,925000
17,42000,11.74,1796.0,186.0,5.0,Mercedes-Benz,Petrol,Dealer,Automatic,First Owner,400000
9,80000,23.95,998.0,67.05,5.0,Maruti,Petrol,Individual,Manual,Second Owner,240000
13,80000,20.0,1399.0,68.0,5.0,Ford,Diesel,Individual,Manual,First Owner,300000
13,64500,18.9,998.0,67.1,5.0,Maruti,Petrol,Individual,Manual,First Owner,240000
6,24000,17.1,1956.0,170.0,5.0,Jeep,Diesel,Individual,Manual,First Owner,1757000
19,100000,17.3,993.0,60.0,5.0,Maruti,Petrol,Individual,Manual,Second Owner,92000
8,110000,18.5,1197.0,85.8,5.0,Maruti,Petrol,Individual,Manual,Second Owner,280000
13,90000,17.0,1497.0,118.0,5.0,Honda,Petrol,Individual,Manual,Second Owner,375000
24,46951,18.5,796.0,53.0,5.0,Other,Petrol,Individual,Manual,First Owner,86000
9,25000,25.8,1498.0,98.6,5.0,Honda,Diesel,Individual,Manual,First Owner,600000
9,50000,20.63,1198.0,67.0,5.0,Datsun,Petrol,Individual,Manual,First Owner,350000
6,20000,18.6,1368.0,98.63,5.0,Hyundai,Petrol,Individual,Automatic,First Owner,671000
14,185000,14.8,2499.0,80.0,7.0,Chevrolet,Diesel,Individual,Manual,First Owner,270000
12,60000,20.5,1598.0,103.5,5.0,Skoda,Diesel,Individual,Manual,First Owner,500000
10,120000,15.1,2179.0,140.0,7.0,Mahindra,Diesel,Individual,Manual,Third Owner,1000000
11,160254,,,,,Fiat,Diesel,Dealer,Manual,Second Owner,350000
7,38000,,,,,Maruti,Diesel,Dealer,Manual,Second Owner,525000
11,120000,19.01,1461.0,108.45,5.0,Renault,Diesel,Individual,Manual,Second Owner,650000
16,120000,19.2,1197.0,80.0,5.0,Hyundai,Petrol,Individual,Automatic,Second Owner,220000
9,70000,26.21,1248.0,88.5,5.0,Maruti,Diesel,Individual,Manual,First Owner,600000
18,120000,10.5,2179.0,120.0,8.0,Mahindra,Diesel,Individual,Manual,Second Owner,220000
9,70000,27.39,1248.0,74.0,5.0,Maruti,Diesel,Individual,Manual,Second Owner,600000
9,58500,18.5,1197.0,85.8,5.0,Maruti,Petrol,Individual,Manual,First Owner,350000
11,40000,18.6,1197.0,85.8,5.0,Maruti,Petrol,Individual,Manual,First Owner,400000
12,90000,23.2,1248.0,73.94,5.0,Maruti,Diesel,Individual,Manual,Second Owner,240000
6,10000,11.36,2755.0,171.5,7.0,Toyota,Diesel,Individual,Automatic,First Owner,1745000
18,40000,16.1,796.0,37.0,4.0,Maruti,Petrol,Individual,Manual,Third Owner,50000
12,110000,23.08,1461.0,63.12,5.0,Renault,Diesel,Individual,Manual,Second Owner,225000
10,230000,15.73,1968.0,174.33,5.0,Audi,Diesel,Individual,Automatic,First Owner,1200000
15,56000,,,,,Hyundai,Petrol,Dealer,Manual,Second Owner,195000
6,60000,28.4,1248.0,74.0,5.0,Maruti,Diesel,Individual,Manual,First Owner,700000
10,132000,19.72,1461.0,108.45,5.0,Renault,Diesel,Individual,Manual,Second Owner,560000
6,25000,17.0,1198.0,108.5,5.0,Tata,Petrol,Individual,Manual,First Owner,625000
8,40000,18.6,1197.0,81.83,5.0,Hyundai,Petrol,Individual,Manual,First Owner,500000
6,35500,28.4,1248.0,74.02,5.0,Maruti,Diesel,Individual,Manual,First Owner,650000
10,40000,22.74,796.0,47.3,5.0,Maruti,Petrol,Individual,Manual,Second Owner,250000
13,120000,22.07,1199.0,73.9,5.0,Volkswagen,Diesel,Individual,Manual,Third Owner,254999
15,200000,12.8,2494.0,102.0,7.0,Toyota,Diesel,Individual,Manual,Third Owner,395000
9,74000,19.67,1582.0,126.2,5.0,Hyundai,Diesel,Individual,Manual,First Owner,750000
10,120000,14.95,2489.0,93.7,7.0,Mahindra,Diesel,Individual,Manual,First Owner,320000
8,100000,20.8,1461.0,64.1,5.0,Mahindra,Diesel,Individual,Manual,First Owner,750000
9,40000,22.74,796.0,47.3,5.0,Maruti,Petrol,Individual,Manual,Second Owner,220000
6,30000,16.0,1997.0,140.0,7.0,Mahindra,Diesel,Individual,Manual,First Owner,1400000
8,9750,19.81,1086.0,68.05,5.0,Hyundai,Petrol,Individual,Manual,Second Owner,420000
10,120000,15.96,2523.0,62.1,7.0,Mahindra,Diesel,Individual,Manual,Third Owner,530000
9,70000,20.4,1248.0,91.7,5.0,Fiat,Diesel,Individual,Manual,First Owner,500000
14,120000,18.8,1248.0,90.0,5.0,Tata,Diesel,Individual,Manual,First Owner,246000
7,76000,25.47,1248.0,88.5,7.0,Maruti,Diesel,Dealer,Manual,First Owner,725000
5,2789,18.16,1196.0,86.8,5.0,Ford,Petrol,Dealer,Manual,First Owner,675000
7,120000,18.49,1493.0,100.0,7.0,Mahindra,Diesel,Individual,Manual,First Owner,710000
27,120000,16.1,796.0,37.0,4.0,Maruti,Petrol,Individual,Manual,Second Owner,50000
7,57900,21.9,1498.0,98.6,7.0,Honda,Diesel,Dealer,Manual,First Owner,940000
6,2860,23.8,1499.0,98.97,5.0,Ford,Diesel,Dealer,Manual,First Owner,795000
12,80000,21.9,1396.0,88.76,5.0,Hyundai,Diesel,Individual,Manual,Second Owner,300000
16,126000,12.8,2494.0,102.0,8.0,Toyota,Diesel,Individual,Manual,Third Owner,290000
5,17000,18.6,1197.0,81.86,5.0,Hyundai,Petrol,Individual,Manual,First Owner,700000
9,90000,22.54,1396.0,88.73,5.0,Hyundai,Diesel,Individual,Manual,First Owner,500000
15,115000,13.8,1399.0,68.0,5.0,Ford,Diesel,Individual,Manual,Second Owner,160000
12,90000,20.54,1598.0,103.6,5.0,Volkswagen,Diesel,Individual,Manual,First Owner,375000
10,110000,15.96,2523.0,63.0,9.0,Mahindra,Diesel,Individual,Manual,First Owner,450000
8,46737,22.74,796.0,47.3,5.0,Maruti,Petrol,Individual,Manual,First Owner,320000
7,15000,17.57,1193.0,88.7,5.0,Tata,Petrol,Individual,Manual,First Owner,415000
10,200000,23.59,1364.0,67.04,5.0,Toyota,Diesel,Individual,Manual,First Owner,409999
10,55896,25.0,1396.0,69.0,5.0,Tata,Diesel,Individual,Manual,Second Owner,200000
10,24000,16.55,2498.0,105.0,6.0,Mahindra,Diesel,Individual,Manual,First Owner,700000
10,11500,15.96,2523.0,63.0,9.0,Mahindra,Diesel,Individual,Manual,First Owner,550000
11,64000,14.62,1498.0,113.42,5.0,Hyundai,Diesel,Dealer,Automatic,First Owner,650000
12,150000,22.32,1582.0,126.32,5.0,Hyundai,Diesel,Individual,Manual,Third Owner,450000
9,35000,20.4,1197.0,83.11,5.0,Maruti,Petrol,Individual,Manual,Second Owner,450000
6,50000,24.3,1248.0,88.5,5.0,Maruti,Diesel,Individual,Automatic,Second Owner,900000
5,20000,23.0,1498.0,98.96,5.0,Ford,Diesel,Individual,Manual,First Owner,1145000
8,20000,23.95,998.0,67.05,5.0,Maruti,Petrol,Individual,Manual,First Owner,325000
10,50000,14.0,2523.0,75.0,8.0,Mahindra,Diesel,Individual,Manual,First Owner,650000
8,70000,26.59,1248.0,74.0,5.0,Maruti,Diesel,Individual,Manual,First Owner,649000
7,50000,21.04,1461.0,83.8,8.0,Renault,Diesel,Individual,Manual,First Owner,800000
17,99000,19.2,1461.0,65.0,5.0,Mahindra,Diesel,Individual,Manual,Second Owner,175000
12,145000,20.5,1598.0,103.5,5.0,Skoda,Diesel,Individual,Manual,First Owner,380000
6,58511,24.3,1248.0,88.5,5.0,Maruti,Diesel,Dealer,Manual,First Owner,950000
7,70000,28.09,1248.0,88.5,5.0,Maruti,Diesel,Dealer,Manual,First Owner,844999
15,80000,17.92,1086.0,62.1,5.0,Hyundai,Petrol,Individual,Manual,Second Owner,135000
17,100000,19.81,1086.0,68.05,5.0,Hyundai,Petrol,Individual,Manual,Second Owner,135000
9,70000,19.67,1582.0,126.2,5.0,Hyundai,Diesel,Individual,Manual,First Owner,1000000
10,50700,19.09,1405.0,69.01,5.0,Tata,Diesel,Individual,Manual,First Owner,300000
12,108000,19.3,1248.0,73.9,5.0,Maruti,Diesel,Individual,Manual,First Owner,415000
11,76000,22.9,1248.0,74.0,5.0,Maruti,Diesel,Individual,Manual,Second Owner,380000
13,60000,16.95,1197.0,78.9,5.0,Hyundai,Petrol,Individual,Automatic,Third Owner,340000
7,70000,23.65,1248.0,88.5,5.0,Maruti,Diesel,Individual,Manual,Second Owner,800000
11,120000,20.77,1248.0,88.76,7.0,Maruti,Diesel,Individual,Manual,Third Owner,550000
11,90000,25.44,936.0,57.6,5.0,Chevrolet,Diesel,Individual,Manual,Third Owner,145000
5,28000,15.1,2179.0,152.87,7.0,Mahindra,Diesel,Individual,Manual,First Owner,1550000
14,60000,17.92,1086.0,62.1,5.0,Hyundai,Petrol,Individual,Manual,Third Owner,150000
11,90000,22.9,1248.0,74.0,5.0,Maruti,Diesel,Individual,Manual,First Owner,409999
17,130000,16.52,1991.0,123.7,5.0,Chevrolet,Diesel,Individual,Manual,Second Owner,160000
5,10000,18.12,1995.0,190.0,5.0,Bmw,Diesel,Dealer,Automatic,First Owner,5200000
16,110000,12.7,2609.0,116.6,8.0,Mahindra,Diesel,Individual,Manual,First Owner,400000
5,33928,23.84,1199.0,84.48,5.0,Tata,Petrol,Dealer,Manual,First Owner,490000
14,48000,19.7,796.0,46.3,5.0,Maruti,Petrol,Individual,Manual,Second Owner,160000
5,25000,23.84,1199.0,84.0,5.0,Tata,Petrol,Individual,Manual,First Owner,409999
9,70000,22.54,1396.0,88.73,5.0,Hyundai,Diesel,Individual,Manual,Fourth & Above Owner,500000
14,60000,18.9,1061.0,67.0,5.0,Maruti,Petrol,Individual,Manual,First Owner,250000
13,120000,13.5,2179.0,115.0,5.0,Mahindra,Diesel,Individual,Manual,Third Owner,350000
10,60000,21.1,814.0,55.2,5.0,Hyundai,Petrol,Individual,Manual,First Owner,250000
13,90000,18.1,1991.0,147.9,4.0,Chevrolet,Diesel,Individual,Automatic,Second Owner,440000
5,5400,22.27,1498.0,108.6,5.0,Volkswagen,Diesel,Dealer,Manual,Test Drive Car,1350000
15,15000,26.0,624.0,35.0,4.0,Tata,Petrol,Individual,Manual,First Owner,70000
9,80000,20.85,1197.0,83.14,5.0,Maruti,Petrol,Individual,Manual,First Owner,450000
12,60000,20.0,1399.0,68.0,5.0,Ford,Diesel,Individual,Manual,First Owner,280000
9,40000,22.54,1396.0,88.73,5.0,Hyundai,Diesel,Individual,Manual,First Owner,550000
10,33033,19.4,1198.0,86.8,5.0,Honda,Petrol,Dealer,Manual,First Owner,335000
10,15000,22.74,796.0,47.3,5.0,Maruti,Petrol,Individual,Manual,Second Owner,204999
10,27233,27.4,1498.0,98.63,5.0,Honda,Diesel,Dealer,Manual,First Owner,465000
11,100000,23.2,1248.0,73.94,5.0,Maruti,Diesel,Individual,Manual,Third Owner,409999
9,100000,25.2,1248.0,74.0,5.0,Maruti,Diesel,Individual,Manual,First Owner,405000
13,145000,20.86,1199.0,75.0,5.0,Skoda,Diesel,Individual,Manual,First Owner,340000
6,60000,15.4,2523.0,75.0,7.0,Mahindra,Diesel,Individual,Manual,First Owner,900000
10,120000,23.4,1248.0,74.0,5.0,Maruti,Diesel,Individual,Manual,Second Owner,465000
13,110000,16.95,1498.0,97.7,5.0,Nissan,Petrol,Individual,Manual,First Owner,250000
10,40000,16.55,2498.0,105.0,6.0,Mahindra,Diesel,Individual,Manual,Second Owner,700000
13,117000,20.3,1248.0,75.0,5.0,Fiat,Diesel,Individual,Manual,Second Owner,220000
9,45000,20.85,1197.0,83.14,5.0,Maruti,Petrol,Individual,Manual,Second Owner,515000
9,60000,24.4,1120.0,71.0,5.0,Hyundai,Diesel,Individual,Manual,Second Owner,400000
12,103655,22.32,1582.0,126.3,5.0,Hyundai,Diesel,Individual,Manual,Second Owner,400000
7,25000,21.5,1497.0,108.5,5.0,Tata,Diesel,Individual,Manual,First Owner,665000
11,80000,15.96,2523.0,63.0,9.0,Mahindra,Diesel,Individual,Manual,First Owner,400000
11,87452,22.77,1498.0,98.59,5.0,Ford,Diesel,Dealer,Manual,Second Owner,480000
13,120000,,,,,Maruti,Diesel,Individual,Manual,Second Owner,320000
11,25000,18.2,1199.0,84.8,5.0,Chevrolet,Petrol,Individual,Manual,First Owner,245000
7,20000,18.9,1197.0,81.86,5.0,Hyundai,Petrol,Individual,Manual,First Owner,450000
6,100000,28.4,1248.0,74.02,5.0,Maruti,Diesel,Individual,Manual,Second Owner,700000
6,15000,20.89,1197.0,81.8,5.0,Maruti,Petrol,Individual,Automatic,First Owner,620000
13,42545,19.62,1998.0,190.0,5.0,Bmw,Diesel,Dealer,Automatic,First Owner,1075000
13,20000,12.2,1948.0,68.0,10.0,Tata,Diesel,Individual,Manual,First Owner,175000
15,230000,13.58,2499.0,72.4,9.0,Chevrolet,Diesel,Individual,Manual,Second Owner,305000
9,30000,20.51,998.0,67.04,5.0,Maruti,Petrol,Individual,Manual,First Owner,335000
15,120000,16.8,1497.0,116.3,5.0,Honda,Petrol,Individual,Manual,Second Owner,290000
10,31000,20.36,1197.0,78.9,5.0,Hyundai,Petrol,Individual,Manual,First Owner,290000
10,65000,15.96,2523.0,62.1,7.0,Mahindra,Diesel,Individual,Manual,Second Owner,650000
10,83000,22.54,1396.0,88.73,5.0,Hyundai,Diesel,Individual,Manual,Second Owner,475000
9,20000,20.85,1197.0,83.14,5.0,Maruti,Petrol,Individual,Manual,First Owner,525000
5,25000,21.21,1197.0,81.8,5.0,Maruti,Petrol,Individual,Manual,First Owner,655000
4,5000,0.0,2523.0,70.0,2.0,Mahindra,Diesel,Individual,Manual,First Owner,679000
8,20000,19.09,1405.0,69.01,5.0,Tata,Diesel,Individual,Manual,First Owner,440000
5,35000,24.3,1248.0,88.5,5.0,Maruti,Diesel,Individual,Automatic,First Owner,860000
6,50000,21.94,1196.0,61.7,5.0,Maruti,CNG,Individual,Manual,First Owner,375000
13,105000,17.0,1497.0,118.0,5.0,Honda,Petrol,Individual,Manual,First Owner,421000
17,60000,19.7,796.0,46.3,5.0,Maruti,Petrol,Individual,Manual,Third Owner,100000
12,70000,13.2,995.0,60.2,5.0,Chevrolet,LPG,Individual,Manual,First Owner,300000
21,83000,13.8,1299.0,70.0,5.0,Ford,Petrol,Individual,Manual,Second Owner,110000
8,35000,26.6,998.0,58.16,5.0,Maruti,CNG,Individual,Manual,Second Owner,310000
9,110000,22.77,1498.0,98.59,5.0,Ford,Diesel,Individual,Manual,Second Owner,650000
10,90000,25.44,936.0,56.3,5.0,Chevrolet,Diesel,Individual,Manual,Second Owner,185000
11,70000,18.2,1248.0,73.8,7.0,Chevrolet,Diesel,Individual,Manual,First Owner,300000
18,40000,16.1,796.0,37.0,4.0,Maruti,Petrol,Individual,Manual,Second Owner,120000
12,49000,25.44,936.0,57.6,5.0,Chevrolet,Diesel,Individual,Manual,Third Owner,135000
9,50000,26.21,1248.0,88.5,5.0,Maruti,Diesel,Individual,Manual,First Owner,600000
10,70000,22.54,1396.0,88.73,5.0,Hyundai,Diesel,Individual,Manual,Second Owner,440000
16,100000,12.05,2179.0,120.0,7.0,Mahindra,Diesel,Individual,Manual,Third Owner,400000
9,110000,20.77,1248.0,88.76,7.0,Maruti,Diesel,Individual,Manual,Second Owner,700000
8,70000,25.2,1248.0,74.0,5.0,Maruti,Diesel,Individual,Manual,First Owner,600000
8,30000,22.74,796.0,47.3,5.0,Maruti,Petrol,Individual,Manual,First Owner,252000
8,110000,13.68,2393.0,147.8,7.0,Toyota,Diesel,Individual,Manual,Second Owner,1700000
17,80000,,,,,Maruti,Petrol,Individual,Manual,Second Owner,200000
10,51000,18.2,1199.0,82.5,5.0,Chevrolet,Petrol,Individual,Manual,First Owner,300000
10,121000,12.99,2494.0,100.6,7.0,Toyota,Diesel,Individual,Manual,Third Owner,700000
11,80000,23.4,1248.0,74.0,5.0,Maruti,Diesel,Individual,Manual,First Owner,480000
13,100000,22.32,1582.0,126.32,5.0,Hyundai,Diesel,Individual,Manual,Second Owner,400000
8,80000,19.64,1461.0,108.45,5.0,Renault,Diesel,Individual,Manual,Second Owner,550000
6,30000,22.0,1582.0,126.2,5.0,Hyundai,Diesel,Individual,Automatic,First Owner,1000000
7,35000,17.8,1497.0,117.3,5.0,Honda,Petrol,Individual,Manual,First Owner,894999
6,7000,20.3,1086.0,68.0,5.0,Hyundai,Petrol,Individual,Manual,First Owner,490000
11,79328,12.99,2494.0,100.6,7.0,Toyota,Diesel,Trustmark Dealer,Manual,Second Owner,750000
9,20000,19.81,1086.0,68.05,5.0,Hyundai,Petrol,Individual,Manual,First Owner,350000
6,20000,24.7,796.0,47.3,5.0,Maruti,Petrol,Individual,Manual,First Owner,310000
18,120000,16.1,1405.0,70.0,5.0,Tata,Diesel,Individual,Manual,Third Owner,100000
10,70000,15.4,2179.0,120.0,7.0,Mahindra,Diesel,Individual,Manual,First Owner,650000
6,15000,28.4,1248.0,74.02,5.0,Maruti,Diesel,Individual,Manual,First Owner,725000
13,98000,18.5,1197.0,80.0,5.0,Hyundai,Petrol,Individual,Manual,First Owner,350000
12,70000,18.9,998.0,67.1,5.0,Maruti,Petrol,Individual,Manual,First Owner,221000
8,28180,23.65,1248.0,88.5,5.0,Maruti,Diesel,Dealer,Manual,First Owner,620000
9,69000,22.15,1498.0,108.6,5.0,Volkswagen,Diesel,Dealer,Automatic,First Owner,651000
20,25000,14.2,1597.0,92.0,5.0,Ford,Petrol,Individual,Manual,Third Owner,100000
17,110000,17.2,1396.0,53.5,5.0,Tata,Diesel,Individual,Manual,Second Owner,70000
12,60000,17.7,1497.0,113.42,5.0,Hyundai,Petrol,Dealer,Manual,First Owner,415000
7,40000,23.84,1199.0,84.0,5.0,Tata,Petrol,Individual,Manual,First Owner,400000
14,135000,17.8,1248.0,75.0,5.0,Maruti,Diesel,Individual,Manual,Second Owner,300000
7,52000,24.3,1248.0,88.5,5.0,Maruti,Diesel,Individual,Manual,First Owner,800000
7,77524,22.7,1498.0,89.84,5.0,Ford,Diesel,Dealer,Manual,First Owner,875000
6,12000,10.91,3198.0,197.0,7.0,Ford,Diesel,Individual,Automatic,First Owner,3250000
19,15000,,,,,Mahindra,Diesel,Individual,Manual,Second Owner,350000
20,60000,16.1,1405.0,70.0,5.0,Tata,Diesel,Individual,Manual,Third Owner,100000
12,77000,22.32,1582.0,126.32,5.0,Hyundai,Diesel,Individual,Manual,First Owner,432000
5,4875,21.63,998.0,67.04,5.0,Maruti,Petrol,Dealer,Manual,First Owner,484999
12,120000,21.8,1461.0,78.0,5.0,Renault,Diesel,Individual,Manual,Third Owner,250000
6,20000,21.4,1197.0,83.1,5.0,Maruti,Petrol,Individual,Manual,First Owner,575000
8,70000,25.83,1498.0,99.0,5.0,Ford,Diesel,Individual,Manual,First Owner,500000
9,35000,25.2,1248.0,74.0,5.0,Maruti,Diesel,Individual,Manual,First Owner,500000
22,184000,,,,,Hyundai,Petrol,Individual,Manual,Second Owner,35000
12,100000,19.3,1248.0,73.9,5.0,Maruti,Diesel,Individual,Manual,First Owner,400000
5,20000,28.4,1248.0,74.02,5.0,Maruti,Diesel,Individual,Manual,First Owner,900000
14,135000,18.3,1991.0,147.9,5.0,Chevrolet,Diesel,Individual,Manual,Third Owner,250000
12,81632,20.0,1399.0,68.0,5.0,Ford,Diesel,Dealer,Manual,First Owner,425000
7,35000,17.71,1197.0,78.9,5.0,Toyota,Petrol,Individual,Manual,First Owner,549000
11,70000,23.4,1248.0,74.0,5.0,Maruti,Diesel,Individual,Manual,Second Owner,395000
11,120000,15.3,2956.0,83.83,7.0,Tata,Diesel,Individual,Manual,Second Owner,350000
8,77321,,,,,Maruti,Diesel,Dealer,Manual,First Owner,595000
5,40000,23.8,1498.0,78.9,5.0,Honda,Diesel,Individual,Automatic,First Owner,700000
13,67840,18.0,995.0,62.0,5.0,Chevrolet,Petrol,Individual,Manual,First Owner,130000
11,76000,15.96,2523.0,62.1,7.0,Mahindra,Diesel,Individual,Manual,First Owner,475000
17,80000,11.57,2179.0,138.1,7.0,Tata,Diesel,Individual,Manual,Second Owner,250000
7,16000,14.74,1991.0,181.04,5.0,Mercedes-Benz,Petrol,Dealer,Automatic,First Owner,2700000
8,40000,17.01,1499.0,110.4,5.0,Ford,Petrol,Individual,Automatic,First Owner,550000
12,96000,20.77,1248.0,88.8,7.0,Maruti,Diesel,Individual,Manual,Second Owner,425000
12,9000,16.95,1498.0,97.7,5.0,Nissan,Petrol,Dealer,Manual,First Owner,450000
5,3500,18.15,998.0,118.35,5.0,Hyundai,Petrol,Dealer,Automatic,First Owner,1125000
5,9000,18.6,1197.0,81.83,5.0,Hyundai,Petrol,Dealer,Manual,First Owner,785000
9,40000,21.1,814.0,55.2,5.0,Hyundai,Petrol,Individual,Manual,First Owner,210000
7,14000,22.54,1396.0,88.73,5.0,Hyundai,Diesel,Individual,Manual,First Owner,800000
14,40000,16.0,1368.0,90.0,5.0,Fiat,Petrol,Individual,Manual,Second Owner,125000
5,5000,18.6,1197.0,81.86,5.0,Hyundai,Petrol,Individual,Manual,First Owner,630000
11,90000,16.02,1373.0,93.7,7.0,Maruti,Petrol,Individual,Manual,Third Owner,535000
9,70000,15.4,2179.0,120.0,7.0,Mahindra,Diesel,Individual,Manual,First Owner,1100000
15,70000,13.6,2523.0,63.0,8.0,Mahindra,Diesel,Individual,Manual,Second Owner,270000
12,70000,22.9,1248.0,74.0,5.0,Maruti,Diesel,Individual,Manual,Third Owner,380000
9,90000,25.1,1498.0,98.6,5.0,Honda,Diesel,Individual,Manual,Second Owner,800000
12,60000,18.6,1199.0,79.4,5.0,Chevrolet,Petrol,Individual,Manual,Third Owner,120000
11,67000,20.4,1461.0,108.5,5.0,Renault,Diesel,Individual,Manual,Second Owner,580000
6,83844,24.52,1248.0,88.5,7.0,Maruti,Diesel,Dealer,Manual,First Owner,875000
10,90000,26.0,1498.0,98.6,5.0,Honda,Diesel,Individual,Manual,First Owner,600000
7,42000,15.29,1591.0,121.3,5.0,Hyundai,Petrol,Individual,Manual,First Owner,875000
16,100000,17.3,1061.0,64.0,5.0,Maruti,Petrol,Individual,Manual,Third Owner,80000
14,120000,19.3,1248.0,73.9,5.0,Maruti,Diesel,Individual,Manual,Third Owner,215000
12,80000,19.7,796.0,46.3,5.0,Maruti,Petrol,Individual,Manual,Third Owner,180000
13,100000,19.81,1086.0,68.05,5.0,Hyundai,Petrol,Individual,Manual,First Owner,206000
13,137500,19.3,1248.0,73.9,5.0,Maruti,Diesel,Individual,Manual,Third Owner,350000
13,172000,17.88,1396.0,52.8,5.0,Tata,Diesel,Individual,Manual,Second Owner,114999
11,120000,23.2,1248.0,73.94,5.0,Maruti,Diesel,Individual,Manual,First Owner,295000
11,52380,23.59,1364.0,67.04,5.0,Toyota,Diesel,Dealer,Manual,First Owner,270000
13,80000,17.0,1497.0,118.0,5.0,Honda,Petrol,Individual,Manual,Third Owner,450000
10,250000,23.59,1364.0,67.04,5.0,Toyota,Diesel,Individual,Manual,First Owner,550000
14,110000,12.07,2967.0,241.4,7.0,Audi,Diesel,Individual,Automatic,Second Owner,1750000
20,158000,,,,,Hyundai,Petrol,Individual,Manual,First Owner,70000
18,120000,13.1,1781.0,149.5,5.0,Skoda,Petrol,Individual,Manual,Third Owner,100000
7,20000,18.15,1198.0,82.0,6.0,Mahindra,Petrol,Individual,Manual,Second Owner,430000
17,70000,19.7,796.0,46.3,5.0,Maruti,Petrol,Individual,Manual,First Owner,100000
11,70000,19.68,1399.0,67.0,5.0,Ford,Diesel,Individual,Manual,Second Owner,200000
9,100000,19.81,1086.0,68.05,5.0,Hyundai,Petrol,Individual,Manual,Second Owner,287000
7,50000,28.4,1248.0,74.02,5.0,Maruti,Diesel,Individual,Manual,First Owner,900000
7,25000,23.95,998.0,67.05,5.0,Maruti,Petrol,Individual,Manual,First Owner,335000
6,65000,23.0,1498.0,98.96,5.0,Ford,Diesel,Individual,Manual,First Owner,880000
9,39000,17.4,1497.0,117.3,5.0,Honda,Petrol,Dealer,Manual,First Owner,649000
6,35000,13.68,2393.0,147.8,7.0,Toyota,Diesel,Individual,Manual,Second Owner,1600000
6,35000,20.51,998.0,67.0,5.0,Maruti,Petrol,Individual,Automatic,First Owner,420000
7,90000,25.2,1248.0,74.0,5.0,Maruti,Diesel,Individual,Manual,First Owner,585000
15,120000,18.5,1197.0,85.8,5.0,Maruti,Petrol,Individual,Manual,First Owner,200000
13,90000,18.6,1199.0,79.4,5.0,Chevrolet,Petrol,Individual,Manual,First Owner,120000
16,120000,14.2,1341.0,82.9,5.0,Hyundai,Petrol,Individual,Manual,Second Owner,110000
8,110000,18.49,1493.0,100.0,7.0,Mahindra,Diesel,Individual,Automatic,First Owner,750000
11,300000,14.0,2498.0,112.0,8.0,Mahindra,Diesel,Individual,Manual,First Owner,200000
6,51000,25.1,1248.0,88.5,5.0,Maruti,Diesel,Individual,Manual,First Owner,950000
8,90000,20.4,1197.0,81.8,5.0,Maruti,Petrol,Individual,Manual,First Owner,570000
9,80000,23.0,1248.0,88.7,5.0,Tata,Diesel,Individual,Manual,First Owner,425000
13,120000,13.0,2489.0,95.0,8.0,Mahindra,Diesel,Individual,Manual,First Owner,250000
11,70000,20.0,1399.0,68.1,5.0,Ford,Diesel,Individual,Manual,Second Owner,245000
7,35000,16.55,2498.0,105.0,6.0,Mahindra,Diesel,Individual,Manual,First Owner,775000
8,70000,24.52,1248.0,88.5,7.0,Maruti,Diesel,Individual,Manual,First Owner,750000
7,15780,17.8,1198.0,86.7,5.0,Honda,Petrol,Individual,Manual,First Owner,570000
6,12000,16.55,2498.0,105.0,6.0,Mahindra,Diesel,Dealer,Manual,First Owner,900000
12,110000,15.96,2523.0,62.1,7.0,Mahindra,Diesel,Individual,Manual,Second Owner,325000
6,51492,18.15,1198.0,82.0,6.0,Mahindra,Petrol,Individual,Manual,First Owner,340000
11,160000,12.99,2494.0,100.6,8.0,Toyota,Diesel,Individual,Manual,Second Owner,800000
10,50000,17.57,1193.0,88.7,5.0,Tata,Petrol,Individual,Manual,Second Owner,360000
6,50000,17.6,2179.0,153.86,7.0,Tata,Diesel,Individual,Manual,First Owner,1525000
13,60000,19.0,998.0,66.1,5.0,Maruti,Petrol,Individual,Manual,First Owner,204999
10,70000,11.79,2179.0,120.0,8.0,Mahindra,Diesel,Individual,Automatic,Second Owner,625000
6,15000,17.0,1198.0,108.5,5.0,Tata,Petrol,Individual,Manual,First Owner,790000
20,93415,13.1,2499.0,141.0,7.0,Ford,Diesel,Dealer,Manual,First Owner,400000
12,120000,15.96,2523.0,62.1,7.0,Mahindra,Diesel,Individual,Manual,First Owner,450000
18,120000,10.5,2179.0,120.0,8.0,Mahindra,Diesel,Individual,Manual,Third Owner,250000
7,32000,14.0,796.0,35.0,5.0,Maruti,Petrol,Dealer,Manual,First Owner,280000
8,70000,18.9,1197.0,82.0,5.0,Hyundai,Petrol,Individual,Manual,Fourth & Above Owner,330000
13,35000,18.0,995.0,62.0,5.0,Chevrolet,Petrol,Individual,Manual,First Owner,150000
15,80000,10.93,3498.0,272.0,5.0,Mercedes-Benz,Petrol,Individual,Automatic,Third Owner,1000000
8,50000,22.77,1498.0,98.59,5.0,Ford,Diesel,Individual,Manual,First Owner,650000
14,25000,16.8,1497.0,118.0,5.0,Honda,Petrol,Individual,Automatic,First Owner,800000
17,75000,19.7,796.0,46.3,5.0,Maruti,Petrol,Individual,Manual,First Owner,150000
10,120000,21.14,1498.0,103.52,5.0,Skoda,Diesel,Individual,Manual,Second Owner,370000
7,55000,24.52,1248.0,88.5,7.0,Maruti,Diesel,Individual,Manual,First Owner,800000
11,90000,13.58,2499.0,72.4,9.0,Chevrolet,Diesel,Individual,Manual,First Owner,600000
8,40000,11.36,2755.0,171.5,7.0,Toyota,Diesel,Individual,Automatic,Second Owner,1630000
6,25000,15.1,2179.0,152.87,7.0,Mahindra,Diesel,Individual,Manual,First Owner,1200000
7,30000,23.95,998.0,67.05,5.0,Maruti,Petrol,Individual,Manual,First Owner,300000
16,80000,14.84,2143.0,170.0,5.0,Mercedes-Benz,Diesel,Individual,Automatic,Second Owner,725000
8,19000,21.1,814.0,55.2,5.0,Hyundai,Petrol,Individual,Manual,First Owner,280000
13,100000,13.0,2489.0,95.0,8.0,Mahindra,Diesel,Individual,Manual,Second Owner,250000
5,15000,22.95,1248.0,74.0,5.0,Tata,Diesel,Individual,Manual,First Owner,650000
8,40000,17.43,1396.0,105.5,5.0,Hyundai,Petrol,Individual,Manual,First Owner,650000
11,31377,18.5,1197.0,82.85,5.0,Hyundai,Petrol,Individual,Manual,Second Owner,320000
8,50000,16.0,1997.0,140.0,7.0,Mahindra,Diesel,Individual,Manual,First Owner,1165000
14,155000,18.9,998.0,67.1,5.0,Maruti,Petrol,Individual,Manual,Third Owner,150000
10,90000,19.01,1461.0,108.45,5.0,Renault,Diesel,Individual,Manual,Second Owner,620000
10,45000,19.1,1405.0,70.0,5.0,Tata,Diesel,Individual,Manual,First Owner,400000
6,47725,27.3,1498.0,98.6,5.0,Honda,Diesel,Dealer,Manual,First Owner,650000
7,70000,25.8,1498.0,98.6,5.0,Honda,Diesel,Individual,Manual,First Owner,500000
8,30000,22.69,1995.0,190.0,5.0,Bmw,Diesel,Dealer,Automatic,First Owner,2150000
10,40000,20.14,1498.0,88.8,5.0,Volkswagen,Diesel,Individual,Manual,Third Owner,575000
7,52412,18.9,998.0,67.1,5.0,Maruti,Petrol,Dealer,Manual,First Owner,340000
9,18000,18.5,1194.0,94.93,5.0,Ford,Petrol,Dealer,Manual,Second Owner,500000
11,37659,20.77,1248.0,88.8,7.0,Maruti,Diesel,Individual,Manual,First Owner,700000
6,10000,21.4,1197.0,83.1,5.0,Maruti,Petrol,Individual,Manual,First Owner,550000
10,80000,20.4,1197.0,81.8,5.0,Maruti,Petrol,Individual,Manual,First Owner,375000
9,35000,22.74,796.0,47.3,5.0,Maruti,Petrol,Individual,Manual,Second Owner,180000
11,90000,12.05,2179.0,120.0,8.0,Mahindra,Diesel,Individual,Manual,Second Owner,490000
21,114000,19.7,796.0,46.3,5.0,Maruti,Petrol,Individual,Manual,First Owner,65000
12,110000,19.3,1248.0,73.9,5.0,Maruti,Diesel,Individual,Manual,First Owner,270000
7,19000,28.4,1248.0,74.02,5.0,Maruti,Diesel,Individual,Automatic,First Owner,750000
11,24000,22.74,796.0,47.3,5.0,Maruti,Petrol,Individual,Manual,First Owner,200000
18,100000,,,,,Maruti,Petrol,Individual,Manual,Second Owner,130000
12,40000,15.1,2179.0,140.0,7.0,Mahindra,Diesel,Individual,Manual,First Owner,800000
10,30000,18.9,1197.0,81.86,5.0,Hyundai,Petrol,Individual,Manual,Second Owner,380000
15,90000,19.3,1248.0,73.9,5.0,Maruti,Diesel,Individual,Manual,Second Owner,275000
13,57000,21.0,1461.0,64.1,5.0,Mahindra,Diesel,Individual,Manual,Second Owner,225000
10,56000,21.9,1396.0,88.76,5.0,Hyundai,Diesel,Individual,Manual,First Owner,450000
18,305000,12.8,2494.0,102.0,8.0,Toyota,Diesel,Individual,Manual,Fourth & Above Owner,370000
12,110000,15.37,1196.0,73.0,5.0,Maruti,Petrol,Individual,Manual,First Owner,190000
9,90000,20.77,1248.0,88.76,7.0,Maruti,Diesel,Individual,Manual,Third Owner,600000
11,82246,20.36,1197.0,78.9,5.0,Hyundai,Petrol,Dealer,Manual,First Owner,295000
6,32000,18.9,1197.0,81.86,5.0,Hyundai,Petrol,Individual,Manual,First Owner,580000
8,50000,20.51,998.0,67.04,5.0,Maruti,Petrol,Individual,Manual,First Owner,325000
10,112000,12.99,2494.0,100.6,8.0,Toyota,Diesel,Individual,Manual,Second Owner,900000
9,70000,15.4,1997.0,120.0,7.0,Mahindra,Diesel,Individual,Manual,First Owner,800000
9,30000,20.4,1197.0,81.8,5.0,Maruti,Petrol,Individual,Manual,First Owner,450000
9,30000,17.71,1197.0,78.9,5.0,Toyota,Petrol,Individual,Manual,First Owner,515000
19,90000,19.7,796.0,46.3,5.0,Maruti,Petrol,Individual,Manual,Second Owner,110000
7,80000,23.08,1461.0,63.1,5.0,Renault,Diesel,Individual,Manual,Second Owner,500000
11,157000,15.96,2523.0,62.1,7.0,Mahindra,Diesel,Individual,Manual,First Owner,467000
9,16500,17.57,1193.0,88.7,5.0,Tata,Petrol,Individual,Manual,First Owner,299000
9,40000,20.51,998.0,67.04,5.0,Maruti,Petrol,Individual,Manual,First Owner,390000
13,90000,18.8,1248.0,90.0,5.0,Tata,Diesel,Dealer,Manual,First Owner,190000
16,90000,17.8,1248.0,75.0,5.0,Maruti,Diesel,Individual,Manual,Second Owner,260000
7,30000,18.6,1197.0,81.83,5.0,Hyundai,Petrol,Individual,Manual,Second Owner,563000
7,20000,18.6,1197.0,81.83,5.0,Hyundai,Petrol,Individual,Manual,First Owner,645000
9,60000,18.6,1197.0,81.83,5.0,Hyundai,Petrol,Individual,Manual,First Owner,450000
21,164000,19.7,796.0,46.3,5.0,Maruti,Petrol,Individual,Manual,Third Owner,100000
8,63000,24.3,1248.0,88.5,5.0,Maruti,Diesel,Dealer,Manual,First Owner,839000
15,100000,17.0,1405.0,71.0,5.0,Tata,Diesel,Individual,Manual,Second Owner,125000
9,20000,19.81,1086.0,68.05,5.0,Hyundai,Petrol,Individual,Manual,First Owner,360000
6,40000,23.84,1199.0,84.0,5.0,Tata,Petrol,Individual,Manual,First Owner,400000
7,30000,18.6,1197.0,81.83,5.0,Hyundai,Petrol,Individual,Manual,First Owner,600000
7,25000,23.84,1199.0,84.0,5.0,Tata,Petrol,Individual,Manual,First Owner,430000
14,200000,12.8,2494.0,102.0,7.0,Toyota,Diesel,Individual,Manual,First Owner,515000
11,70000,21.9,1396.0,88.76,5.0,Hyundai,Diesel,Individual,Manual,Second Owner,350000
6,100000,28.4,1248.0,74.02,5.0,Maruti,Diesel,Individual,Manual,First Owner,811000
12,70000,16.1,796.0,37.0,4.0,Maruti,Petrol,Individual,Manual,Second Owner,100000
6,20000,18.6,1197.0,81.83,5.0,Hyundai,Petrol,Individual,Manual,First Owner,655000
8,54000,24.52,1248.0,88.5,7.0,Maruti,Diesel,Individual,Manual,Second Owner,725000
13,70000,22.9,1248.0,74.0,5.0,Maruti,Diesel,Individual,Manual,First Owner,325000
14,146000,14.0,2498.0,112.0,7.0,Mahindra,Diesel,Individual,Manual,Fourth & Above Owner,245000
14,40000,,,,,Hyundai,Petrol,Individual,Manual,Second Owner,140000
6,142000,14.1,2179.0,147.94,5.0,Tata,Diesel,Individual,Manual,First Owner,875000
6,6000,18.15,1198.0,82.0,6.0,Mahindra,Petrol,Individual,Manual,First Owner,650000
14,20000,19.7,796.0,46.3,5.0,Maruti,Petrol,Individual,Manual,First Owner,165000
7,60000,26.6,998.0,58.16,5.0,Maruti,CNG,Individual,Manual,First Owner,420000
8,46000,11.45,2776.0,197.2,7.0,Chevrolet,Diesel,Dealer,Automatic,Second Owner,1295000
7,5000,18.9,1197.0,81.86,5.0,Hyundai,Petrol,Individual,Manual,First Owner,600000
16,100000,12.7,2609.0,116.6,9.0,Mahindra,Diesel,Individual,Manual,Second Owner,320000
12,100000,,,,,Toyota,Diesel,Individual,Manual,Second Owner,280000
15,100000,18.5,1197.0,80.0,5.0,Hyundai,Petrol,Individual,Manual,First Owner,235000
10,28080,0.0,1197.0,103.25,5.0,Volkswagen,Petrol,Dealer,Automatic,First Owner,574000
14,35000,19.0,998.0,67.1,5.0,Maruti,Petrol,Individual,Manual,First Owner,200000
8,50000,20.14,1498.0,88.7,5.0,Volkswagen,Diesel,Individual,Manual,First Owner,560000
9,72000,15.37,1196.0,73.0,5.0,Maruti,Petrol,Individual,Manual,First Owner,310000
5,10000,16.0,1368.0,160.0,5.0,Jeep,Petrol,Individual,Manual,First Owner,1520000
9,130000,20.45,1461.0,83.8,5.0,Renault,Diesel,Individual,Manual,Second Owner,550000
15,120000,18.1,1493.0,110.0,5.0,Hyundai,Diesel,Individual,Manual,First Owner,280000
12,200000,22.32,1582.0,126.32,5.0,Hyundai,Diesel,Individual,Manual,Second Owner,450000
4,5000,21.21,1197.0,81.8,5.0,Maruti,Petrol,Individual,Manual,First Owner,600000
22,50000,19.7,796.0,46.3,5.0,Maruti,Petrol,Individual,Manual,Second Owner,140000
11,100000,25.8,1498.0,98.6,5.0,Honda,Diesel,Individual,Manual,First Owner,445000
6,25000,18.9,1197.0,81.86,5.0,Hyundai,Petrol,Individual,Manual,Second Owner,600000
7,12700,20.51,998.0,67.04,5.0,Maruti,Petrol,Individual,Manual,First Owner,400000
13,80000,22.32,1582.0,126.32,5.0,Hyundai,Diesel,Individual,Manual,Second Owner,360000
23,137000,18.5,796.0,53.0,5.0,Other,Petrol,Individual,Manual,First Owner,45000
12,96000,19.62,1998.0,190.0,5.0,Bmw,Diesel,Dealer,Automatic,Second Owner,925000
7,31000,25.4,1186.0,73.97,5.0,Hyundai,Diesel,Individual,Manual,First Owner,620000
7,20000,22.5,999.0,67.0,5.0,Datsun,Petrol,Individual,Manual,First Owner,300000
12,110000,20.92,998.0,67.1,5.0,Maruti,Petrol,Individual,Manual,Third Owner,204000
13,118000,21.1,1248.0,73.9,5.0,Maruti,Diesel,Individual,Manual,Second Owner,350000
16,193623,12.8,2494.0,102.0,8.0,Toyota,Diesel,Individual,Manual,Second Owner,330000
15,120000,18.9,1061.0,67.0,5.0,Maruti,Petrol,Individual,Manual,First Owner,220000
15,87000,13.2,1495.0,94.0,5.0,Hyundai,Petrol,Individual,Manual,Second Owner,180000
7,120000,26.59,1248.0,74.0,5.0,Maruti,Diesel,Individual,Manual,First Owner,570000
6,13000,17.0,2200.0,139.01,7.0,Other,Diesel,Individual,Manual,First Owner,1050000
15,50000,,,,,Maruti,Petrol,Individual,Manual,First Owner,180000
13,110000,18.8,1248.0,90.0,5.0,Tata,Diesel,Individual,Manual,Second Owner,229999
5,30000,23.0,1498.0,98.96,5.0,Ford,Diesel,Individual,Manual,First Owner,975000
8,60000,18.5,1198.0,86.8,5.0,Honda,Petrol,Individual,Manual,Second Owner,411000
19,45000,19.7,796.0,46.3,5.0,Maruti,Petrol,Individual,Manual,Second Owner,110000
17,120000,13.6,2523.0,63.0,9.0,Mahindra,Diesel,Individual,Manual,Third Owner,160000
12,13000,20.92,998.0,67.1,5.0,Maruti,Petrol,Individual,Manual,First Owner,220000
9,140000,20.45,1461.0,83.8,5.0,Renault,Diesel,Individual,Manual,Second Owner,620000
11,85710,15.1,2179.0,140.0,7.0,Mahindra,Diesel,Dealer,Manual,First Owner,650000
25,70000,15.9,1298.0,85.0,5.0,Maruti,Petrol,Individual,Manual,Fourth & Above Owner,70000
7,50000,25.5,1498.0,98.6,5.0,Honda,Diesel,Individual,Manual,First Owner,950000
5,25000,25.17,799.0,53.3,5.0,Renault,Petrol,Individual,Manual,First Owner,310000
12,120000,22.32,1582.0,126.32,5.0,Hyundai,Diesel,Individual,Manual,Second Owner,450000
10,90000,14.0,2523.0,75.0,7.0,Mahindra,Diesel,Individual,Manual,Second Owner,611000
8,40000,20.51,998.0,67.04,5.0,Maruti,Petrol,Individual,Manual,First Owner,340000
15,90000,14.53,1794.0,138.1,5.0,Toyota,Petrol,Individual,Automatic,First Owner,400000
9,43000,18.7,1199.0,88.7,5.0,Honda,Petrol,Dealer,Manual,First Owner,480000
8,50000,20.4,1197.0,81.8,5.0,Maruti,Petrol,Individual,Manual,First Owner,482000
9,100000,23.59,1364.0,67.05,5.0,Toyota,Diesel,Individual,Manual,Second Owner,509999
9,75000,14.07,2956.0,69.01,7.0,Tata,Diesel,Individual,Manual,First Owner,500000
9,74000,18.88,1995.0,184.0,5.0,Bmw,Diesel,Individual,Automatic,First Owner,1650000
17,112880,25.2,1248.0,74.0,5.0,Maruti,Diesel,Dealer,Manual,First Owner,195000
8,74381,21.79,998.0,67.05,5.0,Maruti,Petrol,Dealer,Manual,First Owner,400000
9,64800,15.1,2179.0,140.0,7.0,Mahindra,Diesel,Individual,Manual,First Owner,850000
11,148120,14.24,2755.0,174.5,7.0,Toyota,Diesel,Dealer,Manual,First Owner,1500000
10,79011,18.0,1497.0,117.3,5.0,Honda,Petrol,Trustmark Dealer,Automatic,First Owner,635000
15,100000,15.7,1172.0,67.0,5.0,Fiat,Petrol,Individual,Manual,Second Owner,100000
15,67000,18.9,1061.0,67.0,5.0,Maruti,Petrol,Individual,Manual,First Owner,175000
7,63982,22.7,1498.0,89.84,5.0,Ford,Diesel,Dealer,Manual,First Owner,850000
11,77000,21.1,1248.0,73.9,5.0,Maruti,Diesel,Dealer,Manual,First Owner,390000
14,68700,19.0,998.0,66.1,5.0,Maruti,Petrol,Individual,Manual,Third Owner,179000
7,42000,19.81,1086.0,68.05,5.0,Hyundai,Petrol,Individual,Manual,Second Owner,385000
7,37000,26.8,1248.0,74.0,5.0,Maruti,Diesel,Individual,Automatic,First Owner,625000
13,110000,13.93,2179.0,138.03,7.0,Tata,Diesel,Individual,Manual,Third Owner,225000
13,20000,18.6,1197.0,85.8,5.0,Maruti,Petrol,Individual,Manual,Second Owner,280000
6,30000,25.32,1198.0,77.0,6.0,Mahindra,Diesel,Individual,Manual,First Owner,700000
21,120000,10.5,2179.0,120.0,7.0,Mahindra,Diesel,Individual,Manual,Second Owner,200000
14,120000,18.5,1197.0,80.0,5.0,Hyundai,Petrol,Individual,Manual,Third Owner,200000
16,100000,17.7,1497.0,78.0,5.0,Honda,Petrol,Individual,Manual,First Owner,250000
11,80000,19.09,1405.0,69.01,5.0,Tata,Diesel,Individual,Manual,First Owner,250000
10,60000,21.1,814.0,55.2,5.0,Hyundai,Petrol,Individual,Manual,Second Owner,190000
8,83000,24.3,1248.0,88.5,5.0,Maruti,Diesel,Individual,Manual,First Owner,750000
12,50000,18.6,1197.0,85.8,5.0,Maruti,Petrol,Individual,Manual,Second Owner,330000
7,60000,22.77,1498.0,98.59,5.0,Ford,Diesel,Individual,Manual,First Owner,850000
6,10000,21.1,814.0,55.2,5.0,Hyundai,Petrol,Individual,Manual,First Owner,325000
13,110000,18.9,998.0,67.1,5.0,Maruti,Petrol,Individual,Manual,First Owner,196000
8,30000,18.9,1197.0,82.0,5.0,Hyundai,Petrol,Individual,Manual,Second Owner,420000
6,70000,20.3,998.0,68.05,5.0,Hyundai,Petrol,Individual,Manual,First Owner,330000
6,6200,19.34,1462.0,103.0,7.0,Maruti,Petrol,Individual,Manual,First Owner,700000
8,90000,24.0,1120.0,70.0,5.0,Hyundai,Diesel,Individual,Manual,Second Owner,380000
9,50000,16.55,2498.0,105.0,7.0,Mahindra,Diesel,Individual,Manual,First Owner,585000
14,100000,19.61,1405.0,70.0,5.0,Tata,Diesel,Individual,Manual,Second Owner,409999
13,80600,19.3,1248.0,73.9,5.0,Maruti,Diesel,Individual,Manual,First Owner,347000
7,60000,18.16,1196.0,86.8,5.0,Ford,Petrol,Individual,Manual,First Owner,408000
12,210000,19.3,1248.0,73.9,5.0,Maruti,Diesel,Individual,Manual,Second Owner,370000
5,30000,19.44,999.0,75.0,5.0,Volkswagen,Petrol,Individual,Manual,Second Owner,550000
16,110000,17.2,1396.0,53.5,5.0,Tata,Diesel,Individual,Manual,Second Owner,65000
13,100000,20.54,1598.0,103.6,5.0,Volkswagen,Diesel,Individual,Manual,Second Owner,400000
9,40000,20.51,998.0,67.04,5.0,Maruti,Petrol,Individual,Manual,First Owner,400000
9,25000,16.8,796.0,34.2,5.0,Maruti,Petrol,Individual,Manual,Second Owner,180000
17,210000,12.8,2494.0,102.0,8.0,Toyota,Diesel,Individual,Manual,Second Owner,465000
14,80000,12.5,1794.0,132.0,5.0,Toyota,Petrol,Individual,Manual,Second Owner,350000
5,23600,15.26,1798.0,187.74,5.0,Audi,Petrol,Dealer,Automatic,Test Drive Car,6523000
17,110000,18.1,1493.0,110.0,5.0,Hyundai,Diesel,Individual,Manual,Second Owner,250000
9,71717,19.34,1198.0,76.0,5.0,Nissan,Petrol,Individual,Automatic,Second Owner,300000
7,35000,22.0,1582.0,126.2,5.0,Hyundai,Diesel,Individual,Manual,Third Owner,850000
7,120000,15.37,1196.0,73.0,5.0,Maruti,Petrol,Individual,Manual,First Owner,400000
18,120000,19.7,796.0,46.3,5.0,Maruti,Petrol,Individual,Manual,Fourth & Above Owner,120000
15,120000,17.5,1298.0,85.8,5.0,Maruti,Petrol,Individual,Manual,First Owner,240000
21,36088,16.1,796.0,37.0,4.0,Maruti,Petrol,Individual,Manual,First Owner,55599
7,90000,16.5,1493.0,70.0,7.0,Mahindra,Diesel,Individual,Manual,First Owner,680000
7,25000,18.9,1197.0,82.0,5.0,Hyundai,Petrol,Individual,Manual,First Owner,550000
9,120000,26.59,1248.0,74.0,5.0,Maruti,Diesel,Individual,Manual,First Owner,500000
17,110000,18.9,1061.0,67.0,5.0,Maruti,Petrol,Individual,Manual,Fourth & Above Owner,90000
11,80000,22.07,1199.0,73.9,5.0,Volkswagen,Diesel,Individual,Manual,Second Owner,280000
10,70000,25.2,1248.0,74.0,5.0,Maruti,Diesel,Individual,Manual,Second Owner,520000
12,105358,17.8,1399.0,67.0,5.0,Ford,Diesel,Individual,Manual,Third Owner,280000
12,145000,12.99,2494.0,100.0,8.0,Toyota,Diesel,Individual,Manual,Second Owner,600000
8,72000,15.96,2523.0,63.0,9.0,Mahindra,Diesel,Individual,Manual,First Owner,560000
14,50000,18.0,995.0,62.0,5.0,Chevrolet,Petrol,Individual,Manual,First Owner,130000
9,50000,18.0,1198.0,86.7,5.0,Honda,Petrol,Individual,Manual,First Owner,390000
7,47000,20.51,998.0,67.04,5.0,Maruti,Petrol,Individual,Manual,First Owner,409999
14,150000,11.5,2982.0,171.0,7.0,Toyota,Diesel,Individual,Manual,Second Owner,750000
12,60000,20.5,1598.0,105.0,5.0,Volkswagen,Diesel,Individual,Manual,Third Owner,400000
8,110000,25.0,1396.0,69.0,5.0,Tata,Diesel,Individual,Manual,Second Owner,200000
6,50000,20.3,1199.0,84.0,5.0,Tata,Petrol,Individual,Manual,First Owner,459999
7,60000,24.3,1248.0,88.5,5.0,Maruti,Diesel,Individual,Manual,First Owner,869999
8,30000,20.51,998.0,67.04,5.0,Maruti,Petrol,Individual,Manual,Second Owner,340000
8,20000,18.15,1198.0,82.0,6.0,Mahindra,Petrol,Individual,Manual,First Owner,327000
12,178000,22.3,1248.0,74.0,5.0,Tata,Diesel,Individual,Manual,Second Owner,285000
11,60000,20.77,1248.0,88.76,7.0,Maruti,Diesel,Individual,Manual,Second Owner,599000
10,77000,28.4,1248.0,74.0,5.0,Maruti,Diesel,Dealer,Manual,First Owner,500000
5,15000,23.95,998.0,67.1,5.0,Maruti,Petrol,Individual,Manual,First Owner,366000
14,100000,19.7,796.0,46.3,5.0,Maruti,Petrol,Individual,Manual,First Owner,150000
9,23000,25.2,1248.0,74.0,5.0,Maruti,Diesel,Individual,Manual,First Owner,550000
8,56000,24.0,1120.0,70.0,5.0,Hyundai,Diesel,Individual,Manual,First Owner,480000
8,27000,13.68,2393.0,147.51,7.0,Toyota,Diesel,Dealer,Manual,First Owner,1925000
11,70000,19.81,1086.0,68.05,5.0,Hyundai,Petrol,Individual,Manual,First Owner,310000
13,90000,13.55,2179.0,118.35,7.0,Tata,Diesel,Individual,Manual,Second Owner,250000
14,80000,17.8,1248.0,75.0,5.0,Maruti,Diesel,Individual,Manual,First Owner,285000
12,119000,14.0,2489.0,95.0,8.0,Mahindra,Diesel,Individual,Manual,First Owner,250000
11,70000,21.1,814.0,55.2,5.0,Hyundai,Petrol,Individual,Manual,First Owner,190000
9,64000,16.05,1499.0,110.4,5.0,Ford,Petrol,Dealer,Automatic,First Owner,680000
12,74000,22.07,1199.0,73.9,5.0,Volkswagen,Diesel,Individual,Manual,Second Owner,350000
14,60000,19.7,796.0,46.3,5.0,Maruti,Petrol,Individual,Manual,Third Owner,160000
11,90000,25.8,1498.0,98.6,5.0,Honda,Diesel,Individual,Manual,Third Owner,250000
16,163000,17.8,1399.0,68.0,5.0,Ford,Diesel,Individual,Manual,Third Owner,175000
6,21871,21.5,1497.0,108.5,5.0,Tata,Diesel,Individual,Manual,First Owner,969999
8,100000,24.2,1498.0,98.6,7.0,Honda,Diesel,Individual,Manual,Second Owner,450000
10,42000,11.9,1595.0,120.7,5.0,Mercedes-Benz,Petrol,Individual,Automatic,First Owner,1250000
9,100000,12.99,2494.0,100.6,8.0,Toyota,Diesel,Individual,Manual,First Owner,850000
10,76000,25.44,936.0,56.3,5.0,Chevrolet,Diesel,Individual,Manual,Second Owner,170000
12,90000,19.0,998.0,67.1,5.0,Maruti,Petrol,Individual,Manual,First Owner,191000
11,120000,11.68,2498.0,112.0,7.0,Mahindra,Diesel,Individual,Manual,Second Owner,450000
6,10000,21.4,1197.0,83.1,5.0,Maruti,Petrol,Individual,Manual,First Owner,625000
13,108000,16.0,2179.0,140.0,7.0,Mahindra,Diesel,Dealer,Manual,First Owner,475000
14,50000,20.36,1197.0,78.9,5.0,Hyundai,Petrol,Dealer,Manual,First Owner,225000
24,90000,,,,,Hyundai,Petrol,Individual,Manual,Third Owner,30000
13,120000,20.54,1598.0,103.6,5.0,Volkswagen,Diesel,Individual,Manual,Third Owner,300000
13,120000,12.8,2494.0,102.0,8.0,Toyota,Diesel,Individual,Manual,Second Owner,700000
12,108000,23.4,1248.0,74.0,5.0,Maruti,Diesel,Individual,Manual,First Owner,415000
9,45000,21.1,814.0,55.2,5.0,Hyundai,Petrol,Individual,Manual,First Owner,300000
4,16000,17.0,1956.0,167.67,5.0,Tata,Diesel,Dealer,Manual,First Owner,1650000
10,2350,21.1,814.0,55.2,5.0,Hyundai,Petrol,Individual,Manual,First Owner,250000
18,140000,17.7,1497.0,78.0,5.0,Honda,Petrol,Individual,Manual,Third Owner,158000
8,110000,21.1,814.0,55.2,5.0,Hyundai,Petrol,Individual,Manual,First Owner,250000
13,90000,20.0,1399.0,68.0,5.0,Ford,Diesel,Individual,Manual,Second Owner,190000
5,11500,21.21,1197.0,81.8,5.0,Maruti,Petrol,Individual,Manual,First Owner,550000
7,10000,17.9,2143.0,136.0,5.0,Mercedes-Benz,Diesel,Individual,Automatic,Second Owner,2199000
9,110000,27.39,1248.0,74.0,5.0,Maruti,Diesel,Individual,Manual,First Owner,590000
16,100000,13.9,1599.0,103.2,5.0,Hyundai,Petrol,Individual,Manual,Fourth & Above Owner,160000
6,40000,16.0,2179.0,138.0,7.0,Mahindra,Diesel,Individual,Manual,First Owner,1530000
17,70000,17.7,1497.0,78.0,5.0,Honda,Petrol,Individual,Manual,First Owner,220000
13,97000,25.2,1248.0,74.0,5.0,Maruti,Diesel,Dealer,Manual,First Owner,375000
14,80000,15.6,1196.0,70.0,5.0,Ford,Petrol,Individual,Manual,Second Owner,250000
13,150000,13.5,2179.0,115.0,5.0,Mahindra,Diesel,Individual,Manual,Fourth & Above Owner,450000
6,64000,20.65,1462.0,103.25,5.0,Maruti,Petrol,Dealer,Manual,First Owner,850000
6,20000,17.0,2596.0,80.8,5.0,Other,Diesel,Dealer,Manual,First Owner,910000
14,64000,19.7,796.0,46.3,5.0,Maruti,Petrol,Individual,Manual,First Owner,215000
9,134000,25.2,1248.0,74.0,5.0,Maruti,Diesel,Individual,Manual,First Owner,525000
6,25000,24.3,1248.0,88.5,5.0,Maruti,Diesel,Individual,Automatic,First Owner,911999
10,50000,20.77,1248.0,88.76,7.0,Maruti,Diesel,Individual,Manual,Second Owner,550000
14,135000,23.0,1396.0,90.0,5.0,Hyundai,Diesel,Individual,Manual,Second Owner,320000
14,100000,17.0,1405.0,70.0,5.0,Tata,Diesel,Individual,Manual,Second Owner,120000
14,74000,12.8,2354.0,177.6,5.0,Honda,Petrol,Individual,Manual,Second Owner,300000
12,90000,13.93,2179.0,138.0,7.0,Tata,Diesel,Individual,Manual,First Owner,725000
14,120000,19.3,1248.0,73.9,5.0,Maruti,Diesel,Individual,Manual,Fourth & Above Owner,270000
14,120000,13.93,2179.0,138.03,7.0,Tata,Diesel,Individual,Manual,Fourth & Above Owner,400000
17,90000,16.1,796.0,37.0,4.0,Maruti,Petrol,Individual,Manual,First Owner,90000
17,100750,16.1,1298.0,88.2,5.0,Maruti,Petrol,Individual,Manual,Second Owner,215000
12,138000,22.32,1582.0,126.32,5.0,Hyundai,Diesel,Individual,Manual,First Owner,400000
13,70000,14.0,796.0,35.0,5.0,Maruti,Petrol,Individual,Manual,Second Owner,130000
10,68000,19.01,1461.0,108.45,5.0,Renault,Diesel,Individual,Manual,Second Owner,500000
7,70000,16.5,1493.0,70.0,7.0,Mahindra,Diesel,Individual,Manual,First Owner,735000
12,90000,12.05,2179.0,120.0,8.0,Mahindra,Diesel,Individual,Manual,Third Owner,550000
11,46000,18.2,1199.0,84.8,5.0,Chevrolet,Petrol,Individual,Manual,First Owner,229999
14,187000,17.8,1399.0,68.0,5.0,Ford,Diesel,Dealer,Manual,Second Owner,180000
12,116000,15.0,1598.0,103.5,5.0,Skoda,Petrol,Individual,Manual,First Owner,385000
8,78000,24.0,1186.0,73.97,5.0,Hyundai,Diesel,Dealer,Manual,First Owner,409999
8,61915,27.3,1498.0,98.6,5.0,Honda,Diesel,Individual,Manual,First Owner,650000
10,40000,21.1,814.0,55.2,5.0,Hyundai,Petrol,Individual,Manual,First Owner,250000
14,60000,18.0,995.0,62.0,5.0,Chevrolet,Petrol,Individual,Manual,Second Owner,114999
8,80000,24.52,1248.0,88.5,7.0,Maruti,Diesel,Individual,Manual,Second Owner,640000
5,10000,17.0,1591.0,121.3,5.0,Hyundai,Petrol,Individual,Manual,First Owner,1100000
8,90000,12.99,2494.0,100.6,8.0,Toyota,Diesel,Individual,Manual,First Owner,1200000
13,116000,14.0,2498.0,112.0,7.0,Mahindra,Diesel,Individual,Manual,First Owner,240000
11,90000,25.0,1396.0,69.0,5.0,Tata,Diesel,Individual,Manual,First Owner,300000
9,80000,15.96,2523.0,62.1,7.0,Mahindra,Diesel,Individual,Manual,First Owner,375000
13,100000,21.1,1197.0,85.8,5.0,Maruti,Petrol,Individual,Manual,Second Owner,200000
6,22000,18.0,1969.0,190.0,5.0,Other,Diesel,Dealer,Automatic,First Owner,3400000
4,70000,23.26,1197.0,88.5,5.0,Maruti,Petrol,Individual,Manual,First Owner,580000
8,70000,19.44,1198.0,67.0,7.0,Datsun,Petrol,Individual,Manual,Second Owner,325000
13,200000,20.5,1248.0,91.7,5.0,Fiat,Diesel,Individual,Manual,First Owner,280000
12,72072,21.1,1248.0,73.9,5.0,Maruti,Diesel,Dealer,Manual,First Owner,335000
13,138000,17.0,1197.0,80.0,5.0,Hyundai,Petrol,Individual,Manual,Third Owner,300000
7,30000,20.89,1197.0,81.8,5.0,Maruti,Petrol,Individual,Manual,First Owner,484999
11,50000,25.8,1498.0,98.6,5.0,Honda,Diesel,Individual,Manual,First Owner,484999
7,60000,18.49,1493.0,100.0,7.0,Mahindra,Diesel,Individual,Manual,First Owner,645000
8,30000,21.7,1498.0,98.96,5.0,Ford,Diesel,Individual,Manual,First Owner,725000
12,72000,22.32,1582.0,126.32,5.0,Hyundai,Diesel,Individual,Manual,Second Owner,450000
11,80000,15.96,2523.0,63.0,9.0,Mahindra,Diesel,Individual,Manual,First Owner,499000
6,30000,17.0,1198.0,108.5,5.0,Tata,Petrol,Individual,Manual,First Owner,600000
11,80000,22.74,796.0,47.3,5.0,Maruti,Petrol,Individual,Manual,Second Owner,185000
10,30528,18.6,1197.0,81.86,5.0,Hyundai,Petrol,Dealer,Manual,First Owner,470000
19,120000,,,,,Maruti,Petrol,Individual,Manual,Third Owner,93000
8,43000,26.6,998.0,58.16,5.0,Maruti,CNG,Individual,Manual,Second Owner,320000
7,35000,16.55,2498.0,105.0,6.0,Mahindra,Diesel,Individual,Manual,First Owner,780000
8,52000,27.39,1248.0,74.0,5.0,Maruti,Diesel,Dealer,Manual,First Owner,635000
12,80868,13.7,1368.0,88.8,5.0,Tata,Petrol,Individual,Manual,Third Owner,200000
11,70000,12.99,2494.0,100.57,7.0,Toyota,Diesel,Individual,Manual,First Owner,700000
8,120000,13.68,2393.0,147.8,8.0,Toyota,Diesel,Individual,Manual,First Owner,1689999
10,25000,21.1,814.0,55.2,5.0,Hyundai,Petrol,Individual,Manual,First Owner,250000
12,90000,23.57,1396.0,70.0,5.0,Tata,Diesel,Individual,Manual,First Owner,200000
12,80000,21.02,1248.0,88.76,5.0,Tata,Diesel,Individual,Manual,First Owner,270000
9,36710,22.74,796.0,47.3,5.0,Maruti,Petrol,Individual,Manual,Second Owner,245000
9,14000,20.77,1248.0,88.76,7.0,Maruti,Diesel,Individual,Manual,First Owner,750000
8,90000,15.04,2755.0,174.5,7.0,Toyota,Diesel,Individual,Automatic,First Owner,3100000
5,10000,17.0,1497.0,121.31,5.0,Ford,Petrol,Individual,Manual,Second Owner,885000
6,46000,15.8,2148.0,170.0,5.0,Mercedes-Benz,Diesel,Dealer,Manual,First Owner,2950000
11,80000,12.99,2494.0,100.0,7.0,Toyota,Diesel,Individual,Manual,First Owner,800000
12,80000,16.1,1405.0,70.0,5.0,Tata,Diesel,Individual,Manual,First Owner,185000
7,35000,24.7,796.0,47.3,5.0,Maruti,Petrol,Individual,Manual,First Owner,310000
9,101500,21.14,1498.0,103.52,5.0,Skoda,Diesel,Individual,Manual,Second Owner,300000
12,100000,,,,,Toyota,Diesel,Individual,Manual,First Owner,315000
21,132478,13.6,2523.0,63.0,7.0,Mahindra,Diesel,Individual,Manual,Second Owner,150000
7,33000,25.6,1498.0,97.9,5.0,Honda,Diesel,Individual,Manual,First Owner,1250000
26,47990,,,,,Mahindra,Diesel,Individual,Manual,Second Owner,210000
12,210000,12.99,2494.0,100.0,7.0,Toyota,Diesel,Individual,Manual,First Owner,730000
18,175000,13.93,2179.0,138.1,7.0,Tata,Diesel,Individual,Manual,Second Owner,300000
5,7720,20.0,999.0,71.0,7.0,Renault,Petrol,Individual,Manual,First Owner,786000
17,120000,16.8,1493.0,110.0,5.0,Hyundai,Diesel,Individual,Manual,Second Owner,170000
11,65000,22.1,1248.0,76.9,5.0,Chevrolet,Diesel,Individual,Manual,First Owner,300000
11,200000,20.07,1461.0,75.0,8.0,Other,Diesel,Individual,Manual,Second Owner,300000
10,110000,26.0,1498.0,98.6,5.0,Honda,Diesel,Individual,Manual,First Owner,500000
8,42000,20.63,1198.0,67.0,5.0,Datsun,Petrol,Individual,Manual,First Owner,150000
17,120000,14.6,2956.0,63.0,10.0,Tata,Diesel,Individual,Manual,Third Owner,100000
10,60000,13.0,2143.0,201.1,5.0,Mercedes-Benz,Diesel,Individual,Automatic,Second Owner,1850000
12,40000,,,,,Toyota,Petrol,Individual,Manual,Third Owner,350000
12,50000,19.09,1396.0,69.0,5.0,Tata,Diesel,Individual,Manual,Third Owner,180000
5,20000,17.8,1493.0,113.4,5.0,Other,Diesel,Individual,Automatic,First Owner,1575000
14,59734,16.95,1197.0,78.9,5.0,Hyundai,Petrol,Dealer,Automatic,First Owner,258000
11,52000,24.7,796.0,47.3,5.0,Maruti,Petrol,Dealer,Manual,First Owner,235000
11,152186,20.45,1461.0,83.8,5.0,Renault,Diesel,Dealer,Manual,Second Owner,425000
12,120000,19.01,1461.0,108.45,5.0,Renault,Diesel,Individual,Manual,Third Owner,400000
15,28900,0.0,1172.0,65.0,5.0,Tata,Petrol,Individual,Manual,Second Owner,135000
7,35000,24.7,796.0,47.3,5.0,Maruti,Petrol,Individual,Manual,First Owner,270000
19,49455,19.7,796.0,46.3,5.0,Maruti,Petrol,Individual,Manual,First Owner,180000
12,150000,20.54,1598.0,103.6,5.0,Volkswagen,Diesel,Individual,Manual,Second Owner,300000
10,40000,20.92,998.0,67.1,5.0,Maruti,Petrol,Individual,Manual,Second Owner,254999
6,60000,17.0,1591.0,121.3,5.0,Hyundai,Petrol,Individual,Manual,First Owner,1100000
13,137000,26.2,998.0,58.2,5.0,Maruti,CNG,Individual,Manual,First Owner,200000
13,168000,12.8,2494.0,102.0,7.0,Toyota,Diesel,Individual,Manual,Second Owner,750000
13,70000,25.44,936.0,57.6,5.0,Chevrolet,Diesel,Individual,Manual,Second Owner,165000
6,43000,27.4,1498.0,98.63,5.0,Honda,Diesel,Individual,Manual,First Owner,700000
6,50000,21.63,998.0,67.0,5.0,Maruti,Petrol,Individual,Manual,First Owner,459999
11,120000,19.09,1405.0,69.01,5.0,Tata,Diesel,Individual,Manual,Second Owner,200000
13,89000,21.1,1248.0,73.9,5.0,Maruti,Diesel,Individual,Manual,Second Owner,270000
12,60000,17.8,1086.0,63.0,5.0,Hyundai,LPG,Individual,Manual,Second Owner,175000
16,100000,18.0,995.0,62.0,5.0,Chevrolet,Petrol,Individual,Manual,Third Owner,65000
6,100000,19.0,1197.0,85.8,5.0,Maruti,Petrol,Individual,Manual,Second Owner,455000
7,27000,19.67,1582.0,126.2,5.0,Hyundai,Diesel,Individual,Manual,Second Owner,1150000
7,25000,21.63,998.0,67.0,5.0,Maruti,Petrol,Individual,Manual,First Owner,395000
15,214000,13.9,1599.0,103.2,5.0,Hyundai,Petrol,Individual,Manual,Second Owner,340000
8,24177,17.57,1193.0,88.7,5.0,Tata,Petrol,Individual,Manual,First Owner,400000
8,33000,13.68,2393.0,147.8,7.0,Toyota,Diesel,Individual,Manual,First Owner,1850000
9,30000,23.1,998.0,67.04,5.0,Maruti,Petrol,Individual,Manual,First Owner,400000
11,50000,21.1,814.0,55.2,5.0,Hyundai,Petrol,Individual,Manual,Second Owner,219000
12,166000,23.08,1461.0,63.1,5.0,Nissan,Diesel,Individual,Manual,Second Owner,229999
9,160000,22.54,1396.0,88.73,5.0,Hyundai,Diesel,Individual,Manual,Second Owner,550000
9,19800,15.37,1196.0,73.0,7.0,Maruti,Petrol,Individual,Manual,First Owner,300000
5,15000,18.9,1197.0,81.86,5.0,Hyundai,Petrol,Individual,Automatic,First Owner,550000
6,10300,23.95,998.0,67.05,5.0,Maruti,Petrol,Dealer,Manual,First Owner,390000
10,60000,16.55,1968.0,147.51,5.0,Audi,Diesel,Individual,Automatic,First Owner,1500000
13,62000,11.72,2199.0,194.3,7.0,Hyundai,Diesel,Individual,Automatic,Second Owner,1200000
6,30000,25.5,1498.0,98.6,5.0,Honda,Diesel,Individual,Manual,First Owner,900000
9,70000,18.9,1197.0,82.0,5.0,Hyundai,Petrol,Individual,Automatic,Second Owner,400000
7,40000,22.0,1582.0,126.2,5.0,Hyundai,Diesel,Individual,Manual,Second Owner,860000
10,35000,20.63,1198.0,67.0,5.0,Datsun,Petrol,Individual,Manual,First Owner,225000
8,25000,25.17,799.0,53.3,5.0,Renault,Petrol,Individual,Manual,First Owner,300000
16,80000,13.5,1995.0,52.0,5.0,Other,Diesel,Individual,Manual,Third Owner,200000
9,30000,18.9,1197.0,82.0,5.0,Hyundai,Petrol,Individual,Manual,First Owner,511000
12,40000,20.0,1399.0,68.0,5.0,Ford,Diesel,Individual,Manual,First Owner,250000
11,18000,22.74,796.0,47.3,5.0,Maruti,Petrol,Individual,Manual,First Owner,235000
6,82000,28.09,1248.0,88.5,5.0,Maruti,Diesel,Individual,Manual,First Owner,825000
9,40000,22.77,1498.0,98.59,5.0,Ford,Diesel,Individual,Manual,First Owner,600000
11,110000,20.77,1248.0,88.76,7.0,Maruti,Diesel,Individual,Manual,Third Owner,480000
9,60000,20.51,998.0,67.04,5.0,Maruti,Petrol,Individual,Manual,First Owner,290000
16,136500,12.7,2609.0,120.0,8.0,Mahindra,Diesel,Individual,Manual,Fourth & Above Owner,375000
10,90000,25.2,1248.0,74.0,5.0,Maruti,Diesel,Individual,Manual,First Owner,530000
6,114000,14.95,2489.0,93.7,7.0,Mahindra,Diesel,Individual,Manual,First Owner,650000
7,27000,20.73,1373.0,91.1,5.0,Maruti,Petrol,Individual,Manual,First Owner,850000
5,35000,23.0,1498.0,98.96,5.0,Ford,Diesel,Individual,Manual,First Owner,900000
13,185000,21.1,1248.0,73.9,5.0,Maruti,Diesel,Individual,Manual,Third Owner,185000
9,60000,16.02,1373.0,93.7,7.0,Maruti,Petrol,Individual,Manual,First Owner,650000
16,30000,19.81,1086.0,68.05,5.0,Hyundai,Petrol,Individual,Manual,Second Owner,130000
7,26500,17.6,2179.0,147.94,7.0,Tata,Diesel,Dealer,Manual,First Owner,969999
16,100000,19.61,1405.0,70.0,5.0,Tata,Diesel,Individual,Manual,First Owner,210000
12,28000,25.4,624.0,37.5,4.0,Tata,Petrol,Individual,Manual,Second Owner,45000
9,60000,26.59,1248.0,74.0,5.0,Maruti,Diesel,Individual,Manual,First Owner,610000
11,68000,25.44,936.0,57.6,5.0,Chevrolet,Diesel,Individual,Manual,Second Owner,175000
6,25000,16.55,2498.0,105.0,6.0,Mahindra,Diesel,Individual,Manual,First Owner,875000
7,34000,25.17,799.0,53.3,5.0,Renault,Petrol,Individual,Manual,First Owner,350000
13,100000,20.54,1598.0,103.6,5.0,Volkswagen,Diesel,Individual,Manual,Second Owner,300000
9,129000,21.43,1364.0,87.2,5.0,Toyota,Diesel,Individual,Manual,Third Owner,780000
17,70000,15.0,1086.0,66.6,5.0,Hyundai,Petrol,Individual,Manual,Third Owner,65000
6,17000,23.0,1498.0,98.96,5.0,Ford,Diesel,Individual,Manual,First Owner,750000
8,22000,21.9,624.0,37.48,4.0,Tata,Petrol,Individual,Automatic,First Owner,220000
7,40000,23.59,1364.0,67.05,5.0,Toyota,Diesel,Individual,Manual,First Owner,550000
6,27000,22.77,1498.0,98.59,5.0,Ford,Diesel,Dealer,Manual,First Owner,950000
6,30000,20.3,1086.0,68.0,5.0,Hyundai,Petrol,Individual,Manual,First Owner,575000
14,40000,,,,,Mahindra,Diesel,Individual,Manual,First Owner,300000
11,59000,14.84,2143.0,170.0,5.0,Mercedes-Benz,Diesel,Dealer,Automatic,First Owner,1425000
6,59736,18.49,1493.0,100.0,7.0,Mahindra,Diesel,Dealer,Manual,First Owner,775000
17,147500,12.8,2494.0,102.0,7.0,Toyota,Diesel,Individual,Manual,Second Owner,270000
8,35000,25.8,1498.0,98.6,5.0,Honda,Diesel,Individual,Manual,First Owner,550000
19,70000,17.3,993.0,60.0,5.0,Maruti,Petrol,Individual,Manual,Second Owner,60000
8,50000,26.59,1248.0,74.0,5.0,Maruti,Diesel,Individual,Automatic,Second Owner,650000
13,49000,15.04,1598.0,103.6,5.0,Volkswagen,Petrol,Individual,Manual,First Owner,375000
12,85000,15.6,1196.0,70.0,5.0,Ford,Petrol,Individual,Manual,Second Owner,300000
17,80000,13.6,2523.0,63.0,7.0,Mahindra,Diesel,Individual,Manual,Second Owner,240000
13,200000,12.8,2494.0,102.0,7.0,Toyota,Diesel,Individual,Manual,Second Owner,735000
7,25000,22.7,799.0,53.64,5.0,Datsun,Petrol,Individual,Manual,First Owner,300000
6,60000,23.01,999.0,67.0,5.0,Renault,Petrol,Individual,Manual,First Owner,400000
20,110000,12.8,1493.0,100.0,5.0,Honda,Petrol,Individual,Manual,Third Owner,198000
18,120000,16.1,796.0,37.0,4.0,Maruti,Petrol,Individual,Manual,Second Owner,65000
12,80000,15.3,2956.0,83.8,7.0,Tata,Diesel,Individual,Manual,Fourth & Above Owner,250000
6,25000,23.0,1498.0,98.96,5.0,Ford,Diesel,Individual,Manual,First Owner,900000
8,60000,18.06,2523.0,63.0,7.0,Mahindra,Diesel,Individual,Manual,First Owner,710000
9,22000,22.74,796.0,47.3,5.0,Maruti,Petrol,Individual,Manual,First Owner,270000
11,68697,21.1,814.0,55.2,5.0,Hyundai,Petrol,Individual,Manual,Third Owner,200000
21,98000,10.5,2179.0,120.0,8.0,Mahindra,Diesel,Individual,Manual,First Owner,300000
8,60000,25.17,799.0,53.3,5.0,Renault,Petrol,Individual,Manual,First Owner,295000
13,120000,13.0,2489.0,95.0,8.0,Mahindra,Diesel,Individual,Manual,Second Owner,180000
24,60000,18.5,796.0,53.0,5.0,Other,Petrol,Individual,Manual,First Owner,100000
19,70000,19.7,796.0,46.3,5.0,Maruti,Petrol,Individual,Manual,Third Owner,95000
9,60000,24.8,1396.0,88.7,5.0,Hyundai,Diesel,Individual,Manual,Second Owner,600000
14,66000,19.0,998.0,66.1,5.0,Maruti,Petrol,Individual,Manual,Second Owner,165000
6,90000,28.4,1248.0,74.0,5.0,Maruti,Diesel,Individual,Automatic,First Owner,670000
7,47000,13.5,2987.0,282.0,5.0,Mercedes-Benz,Diesel,Dealer,Automatic,First Owner,5850000
5,5000,20.3,1086.0,68.0,5.0,Hyundai,Petrol,Individual,Manual,First Owner,500000
10,90000,20.45,1461.0,83.8,5.0,Nissan,Diesel,Individual,Manual,Second Owner,490000
5,25000,21.66,1498.0,108.62,5.0,Volkswagen,Diesel,Individual,Manual,First Owner,800000
8,66000,20.14,1498.0,88.8,5.0,Volkswagen,Diesel,Dealer,Manual,First Owner,540000
11,178000,15.96,2523.0,63.0,9.0,Mahindra,Diesel,Individual,Manual,First Owner,325000
11,90000,22.9,1248.0,74.0,5.0,Maruti,Diesel,Individual,Manual,Second Owner,409999
7,40000,18.6,1197.0,81.83,5.0,Hyundai,Petrol,Individual,Manual,First Owner,650000
12,80000,16.47,1198.0,73.9,5.0,Volkswagen,Petrol,Individual,Manual,First Owner,415000
9,60000,25.2,1248.0,74.0,5.0,Maruti,Diesel,Individual,Manual,First Owner,490000
12,110000,19.01,1461.0,108.45,5.0,Renault,Diesel,Individual,Manual,Second Owner,500000
7,110000,28.4,1248.0,74.02,5.0,Maruti,Diesel,Individual,Manual,Second Owner,750000
14,55000,19.0,998.0,67.1,5.0,Maruti,Petrol,Individual,Manual,First Owner,180000
15,217000,12.8,2494.0,102.0,8.0,Toyota,Diesel,Individual,Manual,Fourth & Above Owner,525000
6,35000,22.54,1396.0,88.73,5.0,Hyundai,Diesel,Individual,Manual,First Owner,780000
12,50000,15.96,2523.0,62.1,7.0,Mahindra,Diesel,Individual,Manual,First Owner,430000
20,160000,13.1,1493.0,82.0,5.0,Hyundai,Diesel,Individual,Manual,Third Owner,170000
10,69000,19.87,1461.0,83.8,5.0,Renault,Diesel,Dealer,Manual,First Owner,425000
14,65000,19.0,998.0,66.1,5.0,Maruti,Petrol,Individual,Manual,Second Owner,200000
14,90000,23.0,1396.0,90.0,5.0,Hyundai,Diesel,Individual,Manual,Third Owner,270000
12,110000,19.7,796.0,46.3,5.0,Maruti,Petrol,Individual,Manual,First Owner,160000
11,90000,23.08,1461.0,63.12,5.0,Renault,Diesel,Individual,Manual,First Owner,290000
9,128000,26.0,1498.0,98.6,5.0,Honda,Diesel,Dealer,Manual,First Owner,600000
14,150000,,,,,Maruti,Diesel,Individual,Manual,Second Owner,256999
16,149000,19.3,1248.0,73.9,5.0,Maruti,Diesel,Individual,Manual,Second Owner,270000
20,60000,19.7,796.0,46.3,5.0,Maruti,Petrol,Individual,Manual,First Owner,90000
14,160500,13.5,2179.0,115.0,5.0,Mahindra,Diesel,Individual,Manual,Fourth & Above Owner,420000
10,25000,15.4,2179.0,120.0,9.0,Mahindra,Diesel,Individual,Manual,First Owner,999000
10,93000,21.1,814.0,55.2,5.0,Hyundai,Petrol,Individual,Manual,Second Owner,220000
11,110000,22.9,1248.0,74.0,5.0,Maruti,Diesel,Individual,Manual,Third Owner,350000
12,76000,16.1,796.0,37.0,4.0,Maruti,Petrol,Individual,Manual,First Owner,150000
10,30000,23.2,1248.0,73.94,5.0,Maruti,Diesel,Individual,Manual,First Owner,370000
14,30000,12.6,1586.0,103.2,5.0,Maruti,Petrol,Individual,Automatic,First Owner,350000
10,81000,23.4,1248.0,74.0,5.0,Maruti,Diesel,Dealer,Manual,First Owner,438999
7,62960,25.83,1498.0,99.0,5.0,Ford,Diesel,Dealer,Manual,First Owner,500000
8,70000,25.2,1248.0,74.0,5.0,Maruti,Diesel,Individual,Manual,First Owner,630000
21,50000,16.1,796.0,37.0,4.0,Maruti,Petrol,Individual,Manual,Third Owner,50000
10,195000,18.2,1248.0,73.8,7.0,Chevrolet,Diesel,Individual,Manual,First Owner,275000
15,110000,17.0,1497.0,118.0,5.0,Honda,Petrol,Individual,Manual,Third Owner,290000
8,103000,16.5,1493.0,70.0,7.0,Mahindra,Diesel,Individual,Manual,First Owner,700000
7,30000,20.51,998.0,67.04,5.0,Maruti,Petrol,Individual,Manual,First Owner,420000
7,60000,23.65,1248.0,88.5,5.0,Maruti,Diesel,Individual,Manual,First Owner,800000
9,80000,22.74,796.0,47.3,5.0,Maruti,Petrol,Individual,Manual,First Owner,280000
7,68000,23.84,1199.0,84.0,5.0,Tata,Petrol,Individual,Manual,Second Owner,328000
17,90000,13.5,1799.0,130.0,5.0,Honda,Petrol,Individual,Manual,Third Owner,245000
11,70000,15.85,1499.0,110.4,5.0,Ford,Petrol,Individual,Manual,Second Owner,500000
11,42462,16.8,1497.0,116.3,5.0,Honda,Petrol,Dealer,Manual,First Owner,480000
7,37000,19.67,1582.0,126.2,5.0,Hyundai,Diesel,Individual,Manual,First Owner,1100000
7,40000,18.2,1248.0,73.74,7.0,Chevrolet,Diesel,Individual,Manual,Second Owner,650000
10,65000,19.09,1405.0,69.01,5.0,Tata,Diesel,Dealer,Manual,First Owner,221000
10,80000,23.1,998.0,67.04,5.0,Maruti,Petrol,Individual,Manual,First Owner,300000
9,30000,19.1,1197.0,82.0,5.0,Hyundai,Petrol,Individual,Manual,First Owner,380000
7,30000,23.01,999.0,67.0,5.0,Renault,Petrol,Individual,Manual,First Owner,300000
10,200000,15.96,2523.0,62.1,9.0,Mahindra,Diesel,Individual,Manual,First Owner,525000
9,70000,17.57,1193.0,88.7,5.0,Tata,Petrol,Individual,Manual,First Owner,300000
17,110000,19.7,796.0,46.3,5.0,Maruti,Petrol,Individual,Manual,Second Owner,118000
11,90000,19.4,1405.0,70.0,5.0,Tata,Diesel,Individual,Manual,Second Owner,150000
11,98000,20.5,1598.0,103.5,5.0,Skoda,Diesel,Individual,Manual,First Owner,455000
7,74000,22.27,1498.0,108.6,5.0,Volkswagen,Diesel,Individual,Manual,First Owner,900000
13,80000,13.5,2179.0,115.0,5.0,Mahindra,Diesel,Individual,Manual,Second Owner,484999
13,175000,19.7,796.0,46.3,5.0,Maruti,Petrol,Individual,Manual,Second Owner,175000
13,70000,20.36,1197.0,78.9,5.0,Hyundai,Petrol,Individual,Manual,Third Owner,220000
11,65000,20.77,1248.0,88.76,7.0,Maruti,Diesel,Dealer,Manual,First Owner,550000
12,100000,21.9,1396.0,90.0,5.0,Hyundai,Diesel,Individual,Manual,Second Owner,290000
9,84000,23.1,998.0,67.04,5.0,Maruti,Petrol,Individual,Manual,Second Owner,330000
12,80000,20.92,998.0,67.1,5.0,Maruti,Petrol,Individual,Manual,Third Owner,235000
14,88000,18.8,1248.0,90.0,5.0,Tata,Diesel,Individual,Manual,First Owner,110000
6,35000,13.68,2393.0,147.8,7.0,Toyota,Diesel,Individual,Manual,First Owner,1938000
14,155000,12.8,2494.0,102.0,8.0,Toyota,Diesel,Individual,Manual,Third Owner,786000
7,60000,17.6,2179.0,153.86,7.0,Tata,Diesel,Individual,Automatic,First Owner,1445000
15,60000,19.7,796.0,46.3,5.0,Maruti,Petrol,Individual,Manual,First Owner,130000
9,18500,20.51,998.0,67.04,5.0,Maruti,Petrol,Individual,Manual,First Owner,409999
9,110000,20.51,998.0,67.04,5.0,Maruti,Petrol,Individual,Manual,First Owner,280000
11,40000,21.9,1396.0,88.8,5.0,Hyundai,Diesel,Individual,Manual,First Owner,345000
6,21000,25.83,1498.0,99.0,5.0,Ford,Diesel,Individual,Manual,First Owner,650000
14,185000,16.2,1493.0,110.0,5.0,Hyundai,Diesel,Individual,Automatic,Fourth & Above Owner,245000
17,120000,17.88,1396.0,52.8,5.0,Tata,Diesel,Individual,Manual,Third Owner,65000
9,110000,21.64,1461.0,84.8,5.0,Renault,Diesel,Individual,Manual,First Owner,530000
15,40000,19.7,796.0,46.3,5.0,Maruti,Petrol,Individual,Manual,First Owner,195000
22,120000,,,,,Hyundai,Petrol,Individual,Manual,Fourth & Above Owner,100000
9,110000,17.57,1193.0,88.7,5.0,Tata,Petrol,Individual,Manual,First Owner,340000
13,120000,11.57,2179.0,138.1,7.0,Tata,Diesel,Individual,Manual,Second Owner,300000
8,32000,25.1,1248.0,88.5,5.0,Maruti,Diesel,Dealer,Manual,First Owner,690000
12,40000,20.54,1598.0,103.6,5.0,Volkswagen,Diesel,Individual,Manual,First Owner,350000
12,330000,13.44,2359.0,198.25,5.0,Hyundai,Petrol,Individual,Manual,Second Owner,550000
7,15000,24.7,796.0,47.3,5.0,Maruti,Petrol,Individual,Manual,First Owner,282000
8,50000,15.41,1598.0,103.2,5.0,Skoda,Petrol,Individual,Manual,Third Owner,395000
13,100000,23.0,1396.0,90.0,5.0,Hyundai,Diesel,Individual,Manual,Second Owner,350000
9,10000,18.16,1197.0,78.8,5.0,Toyota,Petrol,Individual,Manual,First Owner,600000
12,156060,23.2,1248.0,73.94,5.0,Maruti,Diesel,Individual,Manual,First Owner,280000
13,80000,13.6,2523.0,63.0,7.0,Mahindra,Diesel,Individual,Manual,First Owner,380000
12,120000,13.93,2179.0,138.03,7.0,Tata,Diesel,Individual,Manual,First Owner,325000
14,120000,21.12,1248.0,88.8,5.0,Tata,Diesel,Individual,Manual,Second Owner,150000
11,120000,16.36,1495.0,93.7,5.0,Hyundai,Petrol,Individual,Manual,First Owner,172000
16,152500,17.8,1248.0,75.0,5.0,Maruti,Diesel,Individual,Manual,First Owner,235000
6,8000,21.5,1497.0,108.5,5.0,Tata,Diesel,Dealer,Automatic,First Owner,1025000
4,7300,21.01,1197.0,81.8,5.0,Maruti,Petrol,Individual,Manual,First Owner,650000
7,100000,18.49,1493.0,100.0,7.0,Mahindra,Diesel,Individual,Manual,Second Owner,725000
15,100000,19.7,796.0,46.3,5.0,Maruti,Petrol,Individual,Manual,First Owner,135000
9,60000,24.4,1120.0,71.0,5.0,Hyundai,Diesel,Individual,Manual,First Owner,425000
11,43978,28.4,1248.0,74.0,5.0,Maruti,Diesel,Dealer,Manual,Second Owner,450000
10,40000,21.1,814.0,55.2,5.0,Hyundai,Petrol,Individual,Manual,First Owner,215000
12,82300,26.83,796.0,38.4,5.0,Maruti,CNG,Individual,Manual,Second Owner,150000
6,40142,24.4,1120.0,71.0,5.0,Hyundai,Diesel,Dealer,Manual,First Owner,665000
10,129000,19.72,1461.0,108.45,5.0,Renault,Diesel,Individual,Manual,First Owner,650000
7,24000,21.9,1498.0,98.6,7.0,Honda,Diesel,Dealer,Manual,First Owner,950000
15,95000,19.0,998.0,66.1,5.0,Maruti,Petrol,Individual,Manual,Second Owner,175000
14,160000,12.8,2494.0,102.0,7.0,Toyota,Diesel,Individual,Manual,First Owner,650000
7,36000,23.1,998.0,67.04,5.0,Maruti,Petrol,Individual,Manual,First Owner,351000
7,80000,21.19,1396.0,88.73,5.0,Hyundai,Diesel,Individual,Manual,First Owner,650000
24,280000,14.8,1998.0,68.0,5.0,Other,Diesel,Individual,Manual,Second Owner,150000
13,60000,20.3,1248.0,75.0,5.0,Fiat,Diesel,Individual,Manual,First Owner,300000
8,90000,25.17,799.0,53.3,5.0,Renault,Petrol,Individual,Manual,First Owner,261000
6,5000,22.0,1197.0,81.8,5.0,Maruti,Petrol,Individual,Manual,First Owner,550000
12,100000,20.46,1461.0,83.8,5.0,Renault,Diesel,Individual,Manual,Second Owner,400000
8,112879,23.0,1498.0,98.96,5.0,Ford,Diesel,Dealer,Manual,Second Owner,570000
8,140000,15.4,1497.0,117.3,7.0,Honda,Petrol,Individual,Manual,First Owner,725000
9,63000,27.3,1498.0,98.6,5.0,Honda,Diesel,Dealer,Manual,First Owner,525000
7,39000,19.59,1995.0,187.74,5.0,Bmw,Diesel,Dealer,Automatic,First Owner,2950000
10,15000,20.77,1248.0,88.76,7.0,Maruti,Diesel,Individual,Manual,Second Owner,450000
14,255000,13.0,2489.0,95.0,8.0,Mahindra,Diesel,Individual,Manual,Second Owner,160000
7,50000,18.6,1197.0,81.83,5.0,Hyundai,Petrol,Individual,Manual,First Owner,550000
9,155000,22.3,1248.0,74.0,5.0,Tata,Diesel,Individual,Manual,Second Owner,250000
11,188000,22.9,1248.0,74.0,5.0,Maruti,Diesel,Individual,Manual,Second Owner,400000
15,90000,19.7,796.0,46.3,5.0,Maruti,Petrol,Individual,Manual,Second Owner,85000
9,20000,20.51,998.0,67.04,5.0,Maruti,Petrol,Individual,Manual,Second Owner,369000
12,80000,21.5,1248.0,88.8,5.0,Maruti,Diesel,Individual,Manual,Fourth & Above Owner,380000
8,20000,25.17,799.0,53.3,5.0,Renault,Petrol,Individual,Manual,First Owner,330000
5,90000,23.01,999.0,67.0,5.0,Renault,Petrol,Individual,Manual,First Owner,220000
5,17000,24.4,1498.0,98.63,5.0,Ford,Diesel,Individual,Manual,First Owner,725000
12,25000,21.1,814.0,55.2,5.0,Hyundai,Petrol,Individual,Manual,First Owner,250000
11,96272,25.44,936.0,57.6,5.0,Chevrolet,Diesel,Individual,Manual,First Owner,210000
14,120000,20.54,1598.0,103.6,5.0,Volkswagen,Diesel,Individual,Manual,Third Owner,320000
5,4337,18.9,1197.0,82.0,5.0,Hyundai,Petrol,Dealer,Automatic,First Owner,625000
13,150000,23.0,1396.0,90.0,5.0,Hyundai,Diesel,Individual,Manual,Fourth & Above Owner,380000
8,70000,25.8,1498.0,98.6,5.0,Honda,Diesel,Individual,Manual,Second Owner,500000
9,20000,18.9,1197.0,81.86,5.0,Hyundai,Petrol,Individual,Manual,First Owner,499000
8,25000,23.1,998.0,67.04,5.0,Maruti,Petrol,Individual,Manual,Second Owner,411000
13,80000,11.57,2179.0,138.1,7.0,Tata,Diesel,Individual,Manual,Third Owner,450000
17,60000,14.7,1150.0,76.0,5.0,Chevrolet,Petrol,Individual,Manual,Third Owner,100000
10,38000,13.93,2179.0,138.03,7.0,Tata,Diesel,Individual,Manual,First Owner,459999
16,120000,18.7,1896.0,66.0,5.0,Skoda,Diesel,Individual,Manual,Second Owner,210000
6,44000,15.37,1196.0,73.0,7.0,Maruti,Petrol,Individual,Manual,First Owner,358000
8,60000,20.85,1197.0,83.14,5.0,Maruti,Petrol,Individual,Manual,First Owner,459999
14,380000,13.6,2523.0,63.0,7.0,Mahindra,Diesel,Individual,Manual,Second Owner,260000
7,57000,23.84,1199.0,84.48,5.0,Tata,Petrol,Dealer,Manual,First Owner,440000
7,80000,17.8,1198.0,86.7,5.0,Honda,Petrol,Individual,Manual,First Owner,490000
11,120000,12.99,2494.0,100.57,8.0,Toyota,Diesel,Individual,Manual,Second Owner,850000
7,20000,18.0,1497.0,117.6,5.0,Honda,Petrol,Individual,Automatic,First Owner,1100000
17,53512,19.7,796.0,46.3,5.0,Maruti,Petrol,Dealer,Manual,Second Owner,120000
11,49700,15.1,2179.0,140.0,7.0,Mahindra,Diesel,Individual,Manual,First Owner,950000
5,19000,20.89,1197.0,81.8,5.0,Maruti,Petrol,Individual,Automatic,Second Owner,570000
12,80000,20.8,1461.0,65.0,5.0,Mahindra,Diesel,Individual,Manual,Second Owner,200000
9,50000,19.67,1582.0,126.2,5.0,Hyundai,Diesel,Individual,Manual,First Owner,900000
15,90000,19.0,998.0,66.1,5.0,Maruti,Petrol,Individual,Manual,Second Owner,130000
7,19000,17.19,1197.0,81.86,5.0,Hyundai,Petrol,Individual,Manual,First Owner,600000
14,100000,13.0,2489.0,95.0,8.0,Mahindra,Diesel,Individual,Manual,First Owner,300000
7,50000,24.3,1248.0,88.5,5.0,Maruti,Diesel,Individual,Manual,First Owner,925000
19,90000,18.9,998.0,67.1,5.0,Maruti,Petrol,Individual,Manual,Second Owner,89000
7,19000,18.6,1197.0,81.83,5.0,Hyundai,Petrol,Individual,Manual,First Owner,575000
6,5000,21.79,998.0,67.05,5.0,Maruti,Petrol,Individual,Manual,First Owner,469000
6,20000,18.9,1197.0,81.86,5.0,Hyundai,Petrol,Individual,Automatic,First Owner,531000
13,160000,,,,,Maruti,Diesel,Individual,Manual,Second Owner,340000
7,54188,18.49,1493.0,100.0,7.0,Mahindra,Diesel,Individual,Manual,First Owner,700000
11,120000,19.1,1197.0,85.8,5.0,Maruti,Petrol,Individual,Manual,First Owner,385000
6,40000,21.5,1497.0,108.5,5.0,Tata,Diesel,Individual,Automatic,First Owner,950000
5,35000,23.01,999.0,67.0,5.0,Renault,Petrol,Individual,Manual,First Owner,300000
8,40000,23.95,998.0,67.05,5.0,Maruti,Petrol,Individual,Manual,First Owner,305000
6,80000,26.1,1498.0,99.23,5.0,Ford,Diesel,Individual,Manual,First Owner,530000
4,1000,21.21,1197.0,81.8,5.0,Maruti,Petrol,Individual,Automatic,First Owner,654000
11,70000,25.44,936.0,57.6,5.0,Chevrolet,Diesel,Individual,Manual,First Owner,170000
15,150000,17.8,1248.0,75.0,5.0,Maruti,Diesel,Individual,Manual,First Owner,300000
6,22000,24.7,796.0,47.3,5.0,Maruti,Petrol,Individual,Manual,First Owner,285000
11,144000,21.9,1396.0,88.8,5.0,Hyundai,Diesel,Individual,Manual,First Owner,360000
14,166000,,,,,Maruti,Diesel,Individual,Manual,Second Owner,350000
9,96500,20.5,1248.0,91.72,5.0,Fiat,Diesel,Individual,Manual,First Owner,425000
7,66953,16.0,2179.0,140.0,7.0,Mahindra,Diesel,Individual,Manual,First Owner,1500000
7,25000,18.6,1197.0,81.83,5.0,Hyundai,Petrol,Individual,Manual,First Owner,620000
16,19000,19.7,796.0,46.3,5.0,Maruti,Petrol,Individual,Manual,First Owner,128000
9,30000,23.1,998.0,67.04,5.0,Maruti,Petrol,Individual,Manual,Second Owner,290000
13,44000,16.0,995.0,63.0,5.0,Chevrolet,Petrol,Individual,Manual,Second Owner,95000
10,70000,15.96,2523.0,62.1,7.0,Mahindra,Diesel,Individual,Manual,Second Owner,509999
11,80000,19.4,1198.0,86.8,5.0,Honda,Petrol,Individual,Manual,Second Owner,300000
10,95000,14.02,2179.0,118.3,8.0,Mahindra,Diesel,Individual,Manual,Second Owner,630000
13,90000,18.6,1199.0,79.4,5.0,Chevrolet,Petrol,Individual,Manual,Second Owner,125000
13,80000,15.6,1196.0,70.0,5.0,Ford,Petrol,Individual,Manual,Second Owner,240000
13,222300,22.07,1199.0,73.9,5.0,Volkswagen,Diesel,Individual,Manual,First Owner,220000
7,32331,22.54,1396.0,88.73,5.0,Hyundai,Diesel,Individual,Manual,Second Owner,650000
7,24400,27.39,1248.0,74.0,5.0,Maruti,Diesel,Individual,Manual,First Owner,740000
7,28000,22.54,1396.0,88.73,5.0,Hyundai,Diesel,Individual,Manual,First Owner,780000
7,15000,23.84,1199.0,84.0,5.0,Tata,Petrol,Individual,Manual,First Owner,450000
15,120000,11.1,2354.0,158.8,5.0,Honda,Petrol,Individual,Automatic,Second Owner,500000
7,25000,24.3,1248.0,88.5,5.0,Maruti,Diesel,Individual,Manual,First Owner,880000
4,2000,20.7,1197.0,81.86,5.0,Hyundai,Petrol,Dealer,Manual,First Owner,775000
10,54000,23.0,1498.0,98.96,5.0,Ford,Diesel,Dealer,Manual,First Owner,484999
11,110000,15.3,1193.0,65.3,5.0,Tata,Petrol,Individual,Manual,Second Owner,170000
8,120000,16.2,1199.0,74.0,5.0,Volkswagen,Petrol,Individual,Manual,Second Owner,375000
15,153000,,,,,Fiat,Diesel,Individual,Manual,Second Owner,150000
7,67000,33.44,796.0,40.3,4.0,Maruti,CNG,Individual,Manual,First Owner,260000
9,50000,17.4,1497.0,117.3,5.0,Honda,Petrol,Individual,Manual,First Owner,600000
25,100000,16.1,796.0,37.0,4.0,Maruti,Petrol,Individual,Manual,First Owner,52000
12,82082,22.54,1396.0,88.73,5.0,Hyundai,Diesel,Dealer,Manual,First Owner,415000
10,130000,22.77,1498.0,98.59,5.0,Ford,Diesel,Individual,Manual,Second Owner,500000
13,60000,19.7,796.0,46.3,5.0,Maruti,Petrol,Individual,Manual,Third Owner,130000
9,38000,23.95,998.0,67.05,5.0,Maruti,Petrol,Individual,Automatic,Second Owner,350000
12,84487,15.1,2179.0,140.0,7.0,Mahindra,Diesel,Individual,Manual,Fourth & Above Owner,500000
10,145000,26.21,1248.0,88.5,5.0,Maruti,Diesel,Individual,Manual,Second Owner,459999
7,35000,21.21,1197.0,81.8,5.0,Maruti,Petrol,Individual,Automatic,First Owner,725000
7,35000,20.65,1248.0,88.7,5.0,Tata,Diesel,Individual,Manual,First Owner,484999
12,41000,20.36,1197.0,78.9,5.0,Hyundai,Petrol,Individual,Manual,Second Owner,300000
11,110000,12.99,2494.0,100.6,8.0,Toyota,Diesel,Individual,Manual,First Owner,819999
11,120000,,,,,Tata,Diesel,Individual,Manual,Second Owner,130000
18,100000,14.8,2499.0,80.0,10.0,Chevrolet,Diesel,Individual,Manual,First Owner,225000
7,21500,19.34,1198.0,76.0,5.0,Nissan,Petrol,Individual,Automatic,First Owner,560000
8,120000,22.95,1248.0,74.0,5.0,Tata,Diesel,Individual,Manual,First Owner,320000
4,5500,26.8,1597.0,118.0,5.0,Honda,Diesel,Dealer,Manual,First Owner,2125000
19,120000,13.0,1493.0,100.0,5.0,Honda,Petrol,Individual,Manual,First Owner,75000
12,40000,20.36,1197.0,78.9,5.0,Hyundai,Petrol,Individual,Manual,First Owner,267000
9,25000,23.59,1364.0,67.04,5.0,Toyota,Diesel,Individual,Manual,First Owner,450000
7,15000,18.6,1197.0,81.83,5.0,Hyundai,Petrol,Individual,Manual,Second Owner,570000
9,140000,26.59,1248.0,74.0,5.0,Maruti,Diesel,Individual,Manual,Second Owner,330000
14,100000,16.0,1368.0,90.0,5.0,Fiat,Petrol,Individual,Manual,Second Owner,150000
8,70000,15.4,1997.0,120.0,7.0,Mahindra,Diesel,Individual,Manual,First Owner,741000
16,100000,19.81,1086.0,68.05,5.0,Hyundai,Petrol,Individual,Manual,Third Owner,180000
8,60000,15.4,2179.0,120.0,7.0,Mahindra,Diesel,Individual,Manual,First Owner,1100000
12,100000,23.08,1461.0,63.1,5.0,Renault,Diesel,Dealer,Manual,First Owner,245000
10,22000,20.51,998.0,67.04,5.0,Maruti,Petrol,Individual,Manual,First Owner,330000
16,65000,19.7,796.0,46.3,5.0,Maruti,Petrol,Individual,Manual,Fourth & Above Owner,105000
10,123000,19.01,1461.0,108.45,5.0,Renault,Diesel,Individual,Manual,First Owner,400000
8,100000,24.3,1248.0,88.5,5.0,Maruti,Diesel,Individual,Manual,First Owner,730000
8,136511,15.96,2523.0,62.1,7.0,Mahindra,Diesel,Individual,Manual,First Owner,570000
8,65755,21.4,1197.0,83.1,5.0,Maruti,Petrol,Individual,Manual,First Owner,480000
6,5000,20.51,998.0,67.04,5.0,Maruti,Petrol,Individual,Manual,First Owner,459999
10,79000,20.77,1248.0,88.76,7.0,Maruti,Diesel,Individual,Manual,Second Owner,570000
12,64000,17.8,1399.0,67.0,5.0,Ford,Diesel,Individual,Manual,Second Owner,300000
8,80000,18.9,1197.0,82.0,5.0,Hyundai,Petrol,Individual,Manual,First Owner,400000
13,60000,12.8,2494.0,102.0,7.0,Toyota,Diesel,Individual,Manual,First Owner,800000
13,120000,23.03,1396.0,69.0,5.0,Tata,Diesel,Individual,Manual,First Owner,150000
16,100000,11.5,1991.0,147.9,7.0,Chevrolet,Diesel,Individual,Manual,Second Owner,300000
14,120000,,,,,Fiat,Diesel,Individual,Manual,Second Owner,190000
10,110000,19.09,1405.0,69.01,5.0,Tata,Diesel,Individual,Manual,Second Owner,190000
12,70000,21.5,1248.0,88.8,5.0,Maruti,Diesel,Individual,Manual,Second Owner,350000
11,120000,23.08,1461.0,63.1,5.0,Nissan,Diesel,Individual,Manual,First Owner,250000
15,59000,19.7,796.0,46.3,5.0,Maruti,Petrol,Individual,Manual,Second Owner,170000
6,52000,22.0,1197.0,81.8,5.0,Maruti,Petrol,Dealer,Manual,First Owner,610000
12,60000,30.46,796.0,47.3,5.0,Maruti,CNG,Individual,Manual,Second Owner,165000
13,131000,20.54,1598.0,103.6,5.0,Volkswagen,Diesel,Individual,Manual,Fourth & Above Owner,280000
16,110000,17.7,1497.0,78.0,5.0,Honda,Petrol,Individual,Manual,Second Owner,200000
7,50000,25.0,1396.0,69.01,5.0,Tata,Diesel,Individual,Manual,First Owner,350000
20,70000,,,,,Hyundai,Petrol,Individual,Manual,Second Owner,70000
14,120000,21.1,1248.0,73.9,5.0,Maruti,Diesel,Individual,Manual,First Owner,217000
30,100000,12.8,1995.0,52.0,5.0,Other,Diesel,Individual,Manual,Second Owner,99000
5,10000,20.52,1197.0,81.8,5.0,Maruti,Petrol,Individual,Manual,First Owner,490000
6,7800,17.5,1199.0,88.7,5.0,Honda,Petrol,Individual,Manual,First Owner,850000
5,15000,18.9,1197.0,81.86,5.0,Hyundai,Petrol,Individual,Manual,First Owner,550000
12,50171,11.1,2354.0,158.8,5.0,Honda,Petrol,Dealer,Automatic,First Owner,750000
6,120000,23.4,1248.0,74.0,5.0,Maruti,Diesel,Individual,Manual,First Owner,580000
15,55500,18.2,998.0,67.1,5.0,Maruti,Petrol,Dealer,Manual,First Owner,175000
8,90000,26.59,1248.0,74.0,5.0,Maruti,Diesel,Individual,Automatic,First Owner,700000
25,100000,14.8,1998.0,68.0,5.0,Other,Diesel,Individual,Manual,Third Owner,155000
6,9000,19.1,1197.0,85.8,5.0,Maruti,Petrol,Dealer,Manual,First Owner,611000
5,14000,16.5,1493.0,70.0,7.0,Mahindra,Diesel,Individual,Manual,First Owner,740000
7,80000,20.51,998.0,67.04,5.0,Maruti,Petrol,Individual,Manual,First Owner,360000
8,70000,15.96,2523.0,63.0,9.0,Mahindra,Diesel,Individual,Manual,First Owner,600000
13,250000,12.8,2494.0,102.0,7.0,Toyota,Diesel,Individual,Manual,Second Owner,550000
7,30000,23.01,999.0,67.0,5.0,Renault,Petrol,Individual,Manual,First Owner,350000
7,26000,19.34,1198.0,76.0,5.0,Nissan,Petrol,Individual,Automatic,First Owner,500000
12,112048,17.5,1298.0,85.8,5.0,Maruti,Petrol,Individual,Manual,Second Owner,380000
11,60000,25.0,1396.0,69.01,5.0,Tata,Diesel,Individual,Manual,Second Owner,227999
9,120000,15.96,2523.0,63.0,9.0,Mahindra,Diesel,Individual,Manual,First Owner,650000
10,122000,15.1,2179.0,140.0,7.0,Mahindra,Diesel,Individual,Manual,Second Owner,600000
12,170000,13.1,2499.0,141.0,7.0,Ford,Diesel,Individual,Manual,First Owner,551000
12,60000,19.0,998.0,66.1,5.0,Maruti,Petrol,Individual,Manual,First Owner,275000
14,50000,18.5,1197.0,80.0,5.0,Hyundai,Petrol,Individual,Manual,Second Owner,210000
13,147000,20.0,1399.0,68.0,5.0,Ford,Diesel,Individual,Manual,First Owner,204999
5,20000,17.4,1497.0,117.6,5.0,Honda,Petrol,Individual,Automatic,First Owner,1300000
18,110000,13.9,1599.0,103.2,5.0,Hyundai,Petrol,Individual,Manual,Fourth & Above Owner,170000
8,120000,17.19,1197.0,81.86,5.0,Hyundai,Petrol,Individual,Manual,Second Owner,530000
6,35000,24.3,1248.0,88.5,5.0,Maruti,Diesel,Individual,Automatic,First Owner,833000
9,60000,25.47,1248.0,88.5,7.0,Maruti,Diesel,Dealer,Manual,First Owner,575000
18,270000,12.8,2494.0,102.0,8.0,Toyota,Diesel,Individual,Manual,Third Owner,425000
14,70000,16.1,796.0,37.0,4.0,Maruti,Petrol,Individual,Manual,Second Owner,120000
13,94000,18.9,998.0,67.1,5.0,Maruti,Petrol,Individual,Manual,Third Owner,200000
8,53000,22.54,1396.0,88.73,5.0,Hyundai,Diesel,Dealer,Manual,First Owner,575000
11,50000,25.44,936.0,57.6,5.0,Chevrolet,Diesel,Individual,Manual,First Owner,300000
13,70000,16.2,1493.0,110.0,5.0,Hyundai,Diesel,Individual,Manual,Third Owner,400000
12,80000,20.92,998.0,67.1,5.0,Maruti,Petrol,Individual,Manual,First Owner,110000
13,500000,12.99,2494.0,100.57,7.0,Toyota,Diesel,Individual,Manual,Second Owner,350000
8,50000,22.74,796.0,47.3,5.0,Maruti,Petrol,Individual,Manual,First Owner,262000
9,100000,27.62,793.0,47.0,5.0,Maruti,Diesel,Individual,Manual,Second Owner,250000
5,13000,18.9,1197.0,81.86,5.0,Hyundai,Petrol,Individual,Manual,First Owner,570000
13,56000,25.44,936.0,57.6,5.0,Chevrolet,Diesel,Dealer,Manual,Second Owner,221000
12,70000,22.9,1248.0,74.0,5.0,Maruti,Diesel,Individual,Manual,Second Owner,280000
11,210000,21.9,1396.0,88.76,5.0,Hyundai,Diesel,Individual,Manual,Third Owner,360000
13,70000,19.3,1248.0,73.9,5.0,Maruti,Diesel,Individual,Manual,Second Owner,310000
13,46000,19.7,796.0,46.3,5.0,Maruti,Petrol,Individual,Manual,Second Owner,195000
6,45000,23.84,1199.0,84.0,5.0,Tata,Petrol,Individual,Manual,Second Owner,480000
8,30000,20.51,998.0,67.04,5.0,Maruti,Petrol,Individual,Manual,First Owner,400000
12,29500,20.92,998.0,67.1,5.0,Maruti,Petrol,Individual,Manual,First Owner,200000
7,23000,24.7,796.0,47.3,5.0,Maruti,Petrol,Individual,Manual,First Owner,325000
7,50000,18.9,1197.0,82.0,5.0,Hyundai,Petrol,Individual,Manual,First Owner,470000
7,18890,11.36,2755.0,171.5,7.0,Toyota,Diesel,Dealer,Automatic,First Owner,1850000
16,65000,18.9,998.0,67.1,5.0,Maruti,Petrol,Dealer,Manual,Second Owner,175000
11,110000,23.4,1248.0,74.0,5.0,Maruti,Diesel,Individual,Manual,First Owner,525000
12,70000,20.86,1199.0,75.0,5.0,Skoda,Diesel,Individual,Manual,Third Owner,220000
5,10000,21.21,1197.0,81.8,5.0,Maruti,Petrol,Individual,Automatic,First Owner,600000
12,148000,,,,,Toyota,Diesel,Individual,Manual,Second Owner,450000
9,35000,17.7,1497.0,113.42,5.0,Hyundai,Petrol,Dealer,Manual,Second Owner,540000
14,85000,17.0,1497.0,118.0,5.0,Honda,Petrol,Individual,Manual,Second Owner,380000
16,219000,12.8,2494.0,102.0,8.0,Toyota,Diesel,Individual,Manual,Second Owner,500000
9,72000,22.54,1396.0,88.73,5.0,Hyundai,Diesel,Individual,Manual,First Owner,615000
9,60000,20.5,1248.0,91.72,5.0,Fiat,Diesel,Individual,Manual,Second Owner,459999
13,35000,15.0,1368.0,90.0,5.0,Tata,Petrol,Individual,Manual,First Owner,225000
22,80000,17.3,993.0,60.0,5.0,Maruti,Petrol,Individual,Manual,Second Owner,65000
8,30000,15.4,2179.0,120.0,7.0,Mahindra,Diesel,Individual,Manual,First Owner,1250000
9,36000,17.19,1197.0,81.86,5.0,Hyundai,Petrol,Individual,Manual,First Owner,500000
10,110000,13.58,2499.0,72.4,10.0,Chevrolet,Diesel,Individual,Manual,First Owner,600000
17,70000,19.7,796.0,46.3,5.0,Maruti,Petrol,Individual,Manual,Second Owner,95000
7,130000,19.0,1197.0,85.8,5.0,Maruti,Petrol,Individual,Manual,Second Owner,500000
10,120000,25.0,1396.0,69.0,5.0,Tata,Diesel,Individual,Manual,First Owner,160000
13,89000,23.0,1396.0,90.0,5.0,Hyundai,Diesel,Individual,Manual,First Owner,470000
12,120000,16.02,1373.0,93.7,7.0,Maruti,Petrol,Individual,Manual,Second Owner,450000
5,7000,19.4,1194.0,94.93,5.0,Ford,Petrol,Individual,Manual,First Owner,675000
9,143000,25.83,1498.0,99.0,5.0,Ford,Diesel,Individual,Manual,First Owner,400000
10,90000,20.77,1248.0,88.8,7.0,Maruti,Diesel,Individual,Manual,First Owner,560000
7,6825,18.0,1497.0,117.6,5.0,Honda,Petrol,Individual,Automatic,First Owner,1150000
11,95000,12.99,2494.0,100.57,7.0,Toyota,Diesel,Individual,Manual,Second Owner,600000
12,135000,13.93,2179.0,138.03,7.0,Tata,Diesel,Individual,Manual,First Owner,525000
17,105000,13.6,2523.0,63.0,7.0,Mahindra,Diesel,Individual,Manual,Second Owner,215000
9,68203,21.79,998.0,67.05,5.0,Maruti,Petrol,Dealer,Manual,First Owner,313000
9,45000,18.49,1493.0,100.0,7.0,Mahindra,Diesel,Individual,Automatic,First Owner,775000
12,110000,23.59,1364.0,67.04,5.0,Toyota,Diesel,Dealer,Manual,First Owner,411000
16,60000,19.81,1086.0,68.05,5.0,Hyundai,Petrol,Individual,Manual,Second Owner,200000
8,32000,20.4,1197.0,81.8,5.0,Maruti,Petrol,Individual,Manual,First Owner,500000
10,60000,22.32,1582.0,126.32,5.0,Hyundai,Diesel,Individual,Manual,First Owner,730000
15,100000,,,,,Ford,Diesel,Individual,Manual,Third Owner,130000
10,110000,23.4,1248.0,74.0,5.0,Maruti,Diesel,Individual,Manual,Second Owner,434999
8,17000,21.1,814.0,55.2,5.0,Hyundai,Petrol,Individual,Manual,First Owner,335000
5,5621,22.0,1197.0,81.8,5.0,Maruti,Petrol,Trustmark Dealer,Automatic,First Owner,650000
13,35000,21.1,814.0,55.2,5.0,Hyundai,Petrol,Individual,Manual,First Owner,180000
6,80000,20.62,1198.0,67.0,7.0,Datsun,Petrol,Individual,Manual,First Owner,450000
10,120000,23.4,1248.0,74.0,5.0,Maruti,Diesel,Individual,Manual,Second Owner,420000
8,120000,13.5,2477.0,175.56,7.0,Other,Diesel,Individual,Manual,First Owner,1950000
10,70000,23.4,1248.0,74.0,5.0,Maruti,Diesel,Individual,Manual,First Owner,450000
5,33000,19.4,1194.0,94.93,5.0,Ford,Petrol,Dealer,Manual,First Owner,800000
14,104000,15.0,1368.0,90.0,5.0,Tata,Petrol,Individual,Manual,First Owner,150000
6,40000,18.2,1199.0,88.7,5.0,Honda,Petrol,Individual,Automatic,First Owner,860000
9,140000,16.0,2179.0,140.0,7.0,Mahindra,Diesel,Individual,Manual,First Owner,919999
9,50000,17.8,1198.0,86.7,5.0,Honda,Petrol,Individual,Manual,First Owner,450000
11,30000,20.36,1197.0,78.9,5.0,Hyundai,Petrol,Individual,Manual,Second Owner,300000
12,40000,16.8,1497.0,116.3,5.0,Honda,Petrol,Individual,Manual,Second Owner,560000
9,28161,17.8,1497.0,117.3,5.0,Honda,Petrol,Dealer,Manual,First Owner,600000
17,70000,,,,,Hyundai,Petrol,Individual,Manual,Third Owner,100000
7,32500,28.4,1248.0,74.02,5.0,Maruti,Diesel,Individual,Manual,Second Owner,651000
12,100000,19.3,1248.0,73.9,5.0,Maruti,Diesel,Individual,Manual,First Owner,371000
7,70000,21.5,1497.0,108.5,5.0,Tata,Diesel,Individual,Manual,First Owner,869999
6,29000,24.0,1186.0,73.97,5.0,Hyundai,Diesel,Individual,Manual,First Owner,520000
10,113226,19.68,1399.0,67.0,5.0,Ford,Diesel,Dealer,Manual,First Owner,350000
12,120000,22.3,1248.0,74.0,5.0,Tata,Diesel,Individual,Manual,First Owner,125000
17,120000,17.2,1396.0,53.5,5.0,Tata,Diesel,Individual,Manual,Third Owner,65000
17,60000,,,,,Hyundai,CNG,Individual,Manual,Second Owner,120000
6,8000,18.6,1197.0,81.83,5.0,Hyundai,Petrol,Individual,Manual,First Owner,740000
12,35000,23.03,1396.0,69.0,5.0,Tata,Diesel,Individual,Manual,Second Owner,246000
12,158000,23.4,1248.0,74.0,5.0,Maruti,Diesel,Individual,Manual,First Owner,360000
6,27000,24.3,1248.0,88.5,5.0,Maruti,Diesel,Individual,Manual,First Owner,800000
11,70000,23.4,1248.0,74.0,5.0,Maruti,Diesel,Individual,Manual,First Owner,300000
8,52000,23.65,1248.0,88.5,5.0,Maruti,Diesel,Dealer,Manual,First Owner,775000
8,90000,24.3,1248.0,88.5,5.0,Maruti,Diesel,Individual,Manual,First Owner,800000
9,70000,18.6,1197.0,81.83,5.0,Hyundai,Petrol,Individual,Manual,First Owner,500000
9,29000,23.95,998.0,67.05,5.0,Maruti,Petrol,Individual,Manual,First Owner,315000
7,43526,16.0,2179.0,140.0,7.0,Mahindra,Diesel,Dealer,Manual,First Owner,1150000
8,110000,23.2,1248.0,73.94,5.0,Maruti,Diesel,Individual,Manual,First Owner,475000
6,27620,22.77,1498.0,98.59,5.0,Ford,Diesel,Dealer,Manual,First Owner,950000
6,25000,17.6,2179.0,147.94,7.0,Tata,Diesel,Individual,Manual,First Owner,1250000
9,80000,15.96,2523.0,62.1,7.0,Mahindra,Diesel,Individual,Manual,Second Owner,550000
8,112000,22.54,1396.0,88.73,5.0,Hyundai,Diesel,Individual,Manual,First Owner,616000
4,20000,23.26,1197.0,88.5,5.0,Maruti,Petrol,Individual,Manual,First Owner,700000
14,80000,16.2,1493.0,110.0,5.0,Hyundai,Diesel,Individual,Manual,Second Owner,220000
16,60000,13.4,1794.0,125.0,5.0,Toyota,Petrol,Individual,Manual,Second Owner,150000
10,125000,22.32,1582.0,126.32,5.0,Hyundai,Diesel,Individual,Manual,First Owner,600000
4,32000,20.14,1197.0,81.86,5.0,Hyundai,Petrol,Individual,Manual,First Owner,524000
9,90000,15.4,2523.0,75.0,7.0,Mahindra,Diesel,Individual,Manual,First Owner,680000
5,17000,17.3,1497.0,121.0,8.0,Mahindra,Diesel,Dealer,Manual,First Owner,1000000
11,100000,15.96,2523.0,62.1,9.0,Mahindra,Diesel,Individual,Manual,First Owner,480000
7,40000,18.9,1197.0,81.86,5.0,Hyundai,Petrol,Individual,Automatic,First Owner,525000
14,176062,17.8,1248.0,75.0,5.0,Maruti,Diesel,Individual,Manual,First Owner,400000
10,90000,23.4,1248.0,74.0,5.0,Maruti,Diesel,Individual,Manual,First Owner,465000
10,100000,19.1,1405.0,70.0,5.0,Tata,Diesel,Individual,Manual,First Owner,280000
7,30000,18.6,1197.0,81.83,5.0,Hyundai,Petrol,Individual,Manual,First Owner,700000
7,40000,24.3,1248.0,88.5,5.0,Maruti,Diesel,Individual,Manual,First Owner,750000
9,120000,15.1,2179.0,140.0,7.0,Mahindra,Diesel,Individual,Manual,Second Owner,1050000
9,90000,21.19,1396.0,88.73,5.0,Hyundai,Diesel,Individual,Manual,First Owner,625000
8,30000,18.9,1197.0,82.0,5.0,Hyundai,Petrol,Individual,Manual,Second Owner,370000
15,80000,17.0,1405.0,70.0,5.0,Tata,Diesel,Individual,Manual,Second Owner,85000
8,56000,18.9,1197.0,82.0,5.0,Hyundai,Petrol,Individual,Manual,Third Owner,500000
8,80000,10.91,3198.0,197.0,7.0,Ford,Diesel,Individual,Automatic,First Owner,2100000
7,40000,20.85,1197.0,83.14,5.0,Maruti,Petrol,Individual,Manual,First Owner,595000
13,120000,14.0,2489.0,95.0,8.0,Mahindra,Diesel,Individual,Manual,First Owner,200000
14,127000,23.0,1396.0,90.0,5.0,Hyundai,Diesel,Individual,Manual,First Owner,225000
13,20000,18.9,998.0,67.1,5.0,Maruti,Petrol,Individual,Manual,First Owner,225000
8,10000,25.17,799.0,53.3,5.0,Renault,Petrol,Individual,Manual,First Owner,290000
16,123000,17.5,1298.0,85.8,5.0,Maruti,Petrol,Individual,Manual,Third Owner,160000
7,45000,20.14,1197.0,81.86,5.0,Hyundai,Petrol,Individual,Manual,First Owner,440000
8,80000,25.17,799.0,53.3,5.0,Renault,Petrol,Individual,Manual,First Owner,260000
11,120000,22.7,1582.0,126.24,5.0,Hyundai,Diesel,Individual,Manual,First Owner,700000
7,30000,15.4,1497.0,117.3,7.0,Honda,Petrol,Dealer,Automatic,First Owner,850000
7,40000,20.89,1197.0,81.8,5.0,Maruti,Petrol,Individual,Manual,First Owner,370000
13,120000,13.6,2523.0,63.0,7.0,Mahindra,Diesel,Individual,Manual,Third Owner,370000
6,26000,15.73,1968.0,174.33,5.0,Audi,Diesel,Dealer,Automatic,First Owner,2800000
17,120000,13.2,1495.0,94.0,5.0,Hyundai,Petrol,Individual,Manual,Second Owner,80000
14,48000,15.6,1196.0,70.0,5.0,Ford,Petrol,Individual,Manual,First Owner,250000
12,100000,23.08,1461.0,63.12,5.0,Renault,Diesel,Individual,Manual,Third Owner,300000
8,25339,21.4,1197.0,83.1,5.0,Maruti,Petrol,Individual,Manual,First Owner,562000
17,100000,15.3,1193.0,65.3,5.0,Tata,Petrol,Individual,Manual,Second Owner,75000
10,48000,25.8,1498.0,98.6,5.0,Honda,Diesel,Individual,Manual,First Owner,520000
9,20000,20.63,1198.0,67.0,5.0,Datsun,Petrol,Individual,Manual,First Owner,275000
14,70000,19.09,1396.0,69.0,5.0,Tata,Diesel,Individual,Manual,Second Owner,150000
18,100000,13.4,1794.0,125.0,5.0,Toyota,Petrol,Individual,Manual,Fourth & Above Owner,150000
7,12000,17.5,1199.0,88.7,5.0,Honda,Petrol,Individual,Manual,First Owner,819999
4,60000,25.32,1198.0,77.0,6.0,Mahindra,Diesel,Individual,Manual,First Owner,550000
10,13500,18.2,1199.0,82.4,5.0,Chevrolet,Petrol,Individual,Manual,First Owner,450000
13,95000,11.79,2179.0,120.0,8.0,Mahindra,Diesel,Individual,Automatic,Second Owner,450000
11,95000,20.46,1461.0,83.8,5.0,Renault,Diesel,Individual,Manual,First Owner,490000
20,120000,,,,,Toyota,Petrol,Individual,Manual,Second Owner,170000
9,90000,20.77,1248.0,88.76,7.0,Maruti,Diesel,Individual,Manual,First Owner,549000
9,40200,21.0,1498.0,74.96,7.0,Mahindra,Diesel,Dealer,Manual,First Owner,445000
19,188000,18.9,998.0,67.1,5.0,Maruti,Petrol,Individual,Manual,Fourth & Above Owner,70000
5,6500,21.21,1197.0,81.8,5.0,Maruti,Petrol,Individual,Automatic,First Owner,750000
13,80000,16.6,1388.0,68.0,5.0,Ford,Petrol,Individual,Manual,Second Owner,240000
9,60000,13.49,2179.0,138.03,5.0,Tata,Diesel,Individual,Manual,Second Owner,600000
14,40000,14.0,2498.0,112.0,7.0,Mahindra,Diesel,Individual,Manual,Second Owner,320000
11,165500,14.0,2523.0,75.0,9.0,Mahindra,Diesel,Individual,Manual,Second Owner,509999
6,15000,21.1,814.0,55.2,5.0,Hyundai,Petrol,Individual,Manual,First Owner,444000
11,95000,12.8,2494.0,102.0,7.0,Toyota,Diesel,Dealer,Manual,First Owner,750000
8,68000,27.3,1498.0,98.6,5.0,Honda,Diesel,Individual,Manual,First Owner,425000
7,95000,15.4,1997.0,120.0,7.0,Mahindra,Diesel,Individual,Manual,First Owner,1250000
9,136000,19.01,1461.0,108.45,5.0,Renault,Diesel,Individual,Manual,First Owner,600000
7,35000,17.5,1373.0,91.1,7.0,Maruti,Petrol,Individual,Manual,First Owner,600000
19,90000,12.8,1396.0,85.0,5.0,Tata,Petrol,Individual,Manual,Second Owner,100000
13,239451,13.6,2523.0,63.0,7.0,Mahindra,Diesel,Individual,Manual,Second Owner,380000
16,60000,20.0,1339.0,108.5,5.0,Honda,Petrol,Individual,Automatic,Third Owner,250000
13,50000,21.12,1248.0,88.8,5.0,Tata,Diesel,Individual,Manual,First Owner,275000
13,50000,,,,,Maruti,Diesel,Individual,Manual,First Owner,295000
15,100000,11.7,2354.0,177.6,5.0,Honda,Petrol,Individual,Automatic,Second Owner,400000
7,60000,16.5,1493.0,70.0,7.0,Mahindra,Diesel,Individual,Manual,Second Owner,660000
8,140000,20.51,998.0,67.04,5.0,Maruti,Petrol,Individual,Manual,First Owner,350000
5,30000,21.4,1197.0,83.1,5.0,Maruti,Petrol,Individual,Manual,First Owner,650000
6,80000,17.1,1956.0,170.0,5.0,Jeep,Diesel,Individual,Manual,First Owner,1675000
7,46000,15.4,2179.0,120.0,7.0,Mahindra,Diesel,Individual,Manual,First Owner,880000
11,60000,12.05,2179.0,120.0,8.0,Mahindra,Diesel,Individual,Manual,First Owner,600000
19,120000,16.4,1896.0,90.0,5.0,Skoda,Diesel,Individual,Manual,Third Owner,250000
9,40000,23.1,998.0,67.04,5.0,Maruti,Petrol,Individual,Manual,Second Owner,360000
7,26442,20.3,998.0,68.05,5.0,Hyundai,Petrol,Individual,Manual,First Owner,270000
14,120000,11.8,1991.0,150.0,5.0,Hyundai,Diesel,Individual,Manual,Second Owner,500000
11,110000,12.05,2179.0,120.0,9.0,Mahindra,Diesel,Individual,Manual,First Owner,520000
10,90000,19.68,1399.0,67.0,5.0,Ford,Diesel,Individual,Manual,Second Owner,310000
8,40000,18.6,1197.0,81.83,5.0,Hyundai,Petrol,Individual,Manual,First Owner,590000
7,100000,24.3,1248.0,88.5,5.0,Maruti,Diesel,Individual,Manual,First Owner,775000
7,40000,22.77,1498.0,98.59,5.0,Ford,Diesel,Individual,Manual,Fourth & Above Owner,625000
6,25000,15.17,1968.0,181.0,5.0,Audi,Diesel,Individual,Automatic,Second Owner,2200000
13,130000,14.0,2498.0,112.0,7.0,Mahindra,Diesel,Individual,Manual,Second Owner,150000
8,45000,21.4,1197.0,83.1,5.0,Maruti,Petrol,Individual,Manual,First Owner,550000
13,70000,18.5,1197.0,80.0,5.0,Hyundai,Petrol,Individual,Manual,First Owner,220000
7,60000,25.17,799.0,53.3,5.0,Renault,Petrol,Individual,Manual,First Owner,300000
9,50000,25.8,1498.0,98.6,5.0,Honda,Diesel,Individual,Manual,First Owner,440000
13,40000,0.0,1086.0,62.0,5.0,Hyundai,Petrol,Individual,Manual,Fourth & Above Owner,150000
5,5000,20.0,999.0,72.0,7.0,Renault,Petrol,Individual,Manual,First Owner,650000
8,68000,19.4,1198.0,86.8,5.0,Honda,Petrol,Individual,Manual,First Owner,400000
13,70000,19.7,796.0,46.3,5.0,Maruti,Petrol,Individual,Manual,Third Owner,170000
8,50000,18.6,1197.0,81.83,5.0,Hyundai,Petrol,Individual,Manual,First Owner,630000
7,71000,27.39,1248.0,74.0,5.0,Maruti,Diesel,Individual,Manual,First Owner,680000
9,77000,16.0,2179.0,140.0,7.0,Mahindra,Diesel,Individual,Automatic,Second Owner,1100000
13,155000,17.8,1399.0,68.0,5.0,Ford,Diesel,Individual,Manual,Second Owner,220000
14,65000,15.64,1193.0,64.1,5.0,Tata,Petrol,Individual,Manual,First Owner,290000
8,60000,26.59,1248.0,74.0,5.0,Maruti,Diesel,Individual,Manual,Second Owner,550000
9,90000,15.4,2523.0,75.0,9.0,Mahindra,Diesel,Individual,Manual,First Owner,720000
12,35000,17.0,1197.0,80.0,5.0,Hyundai,Petrol,Individual,Manual,First Owner,350000
15,25000,,,,,Maruti,Petrol,Individual,Manual,First Owner,220000
7,30000,23.84,1199.0,84.0,5.0,Tata,Petrol,Individual,Manual,First Owner,450000
6,25000,18.6,1197.0,81.83,5.0,Hyundai,Petrol,Individual,Manual,First Owner,570000
9,100000,26.59,1248.0,74.0,5.0,Maruti,Diesel,Individual,Manual,First Owner,600000
8,127700,11.36,2755.0,171.5,7.0,Toyota,Diesel,Dealer,Automatic,Second Owner,1650000
10,60000,17.92,1086.0,62.1,5.0,Hyundai,Petrol,Individual,Manual,First Owner,238000
10,70000,19.1,1197.0,85.8,5.0,Maruti,Petrol,Individual,Manual,Second Owner,409000
11,76000,25.44,936.0,57.6,5.0,Chevrolet,Diesel,Individual,Manual,First Owner,175000
10,30000,22.74,796.0,47.3,5.0,Maruti,Petrol,Individual,Manual,Second Owner,229999
14,120000,19.7,796.0,46.3,5.0,Maruti,Petrol,Individual,Manual,Third Owner,125000
15,90000,21.1,1248.0,73.9,5.0,Maruti,Diesel,Individual,Manual,First Owner,240000
6,24400,22.0,1197.0,81.8,5.0,Maruti,Petrol,Individual,Manual,First Owner,550000
13,250000,12.8,2494.0,102.0,7.0,Toyota,Diesel,Individual,Manual,Second Owner,700000
10,40000,13.1,2499.0,141.0,7.0,Ford,Diesel,Individual,Manual,Second Owner,620000
13,139000,18.9,998.0,67.1,5.0,Maruti,Petrol,Individual,Manual,First Owner,246000
8,120000,19.08,1582.0,126.2,5.0,Hyundai,Diesel,Individual,Automatic,First Owner,850000
8,69000,17.2,1197.0,103.6,5.0,Volkswagen,Petrol,Dealer,Automatic,First Owner,675000
13,25000,15.6,1196.0,70.0,5.0,Ford,Petrol,Individual,Manual,First Owner,250000
9,94000,24.5,1498.0,98.6,7.0,Honda,Diesel,Individual,Manual,Second Owner,650000
12,67000,23.08,1461.0,63.12,5.0,Renault,Diesel,Individual,Manual,Second Owner,265000
14,70000,13.45,1086.0,62.1,5.0,Hyundai,LPG,Individual,Manual,Third Owner,150000
22,52365,16.1,796.0,37.0,4.0,Maruti,Petrol,Dealer,Manual,Second Owner,60000
7,40000,18.49,1493.0,100.0,7.0,Mahindra,Diesel,Individual,Manual,First Owner,700000
11,96000,22.9,1248.0,74.0,5.0,Maruti,Diesel,Individual,Manual,Second Owner,370000
8,25000,16.0,2179.0,140.0,7.0,Mahindra,Diesel,Individual,Manual,First Owner,1350000
13,110000,19.81,1086.0,68.05,5.0,Hyundai,Petrol,Individual,Manual,Second Owner,210000
6,30000,25.5,1498.0,98.6,5.0,Honda,Diesel,Individual,Manual,First Owner,834000
8,110000,23.0,1248.0,88.7,5.0,Tata,Diesel,Individual,Manual,First Owner,360000
12,129627,11.5,2982.0,171.0,7.0,Toyota,Diesel,Dealer,Manual,First Owner,1680000
11,110000,18.2,1199.0,84.8,5.0,Chevrolet,Petrol,Individual,Manual,Second Owner,120000
12,153000,12.8,2494.0,102.0,8.0,Toyota,Diesel,Individual,Manual,First Owner,960000
8,58000,19.67,1582.0,126.2,5.0,Hyundai,Diesel,Individual,Manual,First Owner,850000
16,25000,16.84,1193.0,64.4,5.0,Tata,Petrol,Individual,Manual,Second Owner,85000
9,43000,21.1,814.0,55.2,5.0,Hyundai,Petrol,Individual,Manual,Second Owner,250999
14,110000,17.0,1405.0,71.0,5.0,Tata,Diesel,Individual,Manual,First Owner,200000
5,25000,20.0,1497.0,115.0,5.0,Mahindra,Diesel,Individual,Manual,First Owner,1200000
5,80000,17.4,1197.0,81.86,5.0,Hyundai,Petrol,Individual,Automatic,First Owner,585000
10,80000,16.02,1373.0,93.7,7.0,Maruti,Petrol,Individual,Manual,Third Owner,425000
11,140000,21.02,1248.0,88.76,5.0,Tata,Diesel,Individual,Manual,First Owner,316000
9,13500,14.74,2993.0,270.9,5.0,Other,Diesel,Dealer,Automatic,First Owner,2500000
12,48000,20.92,998.0,67.1,5.0,Maruti,Petrol,Individual,Manual,First Owner,252000
10,35000,23.1,998.0,67.04,5.0,Maruti,Petrol,Individual,Manual,First Owner,300000
14,80000,19.3,1248.0,73.9,5.0,Maruti,Diesel,Individual,Manual,Fourth & Above Owner,220000
13,100000,13.5,2179.0,115.0,5.0,Mahindra,Diesel,Individual,Manual,Second Owner,420000
11,120000,15.96,2523.0,62.1,9.0,Mahindra,Diesel,Individual,Manual,Third Owner,500000
13,160000,13.93,2179.0,138.0,7.0,Tata,Diesel,Individual,Manual,First Owner,350000
16,110000,10.5,2609.0,120.0,7.0,Mahindra,Diesel,Individual,Manual,Third Owner,250000
16,95200,13.2,1495.0,94.0,5.0,Hyundai,Petrol,Individual,Manual,Third Owner,114999
12,90000,15.3,1596.0,99.6,5.0,Ford,Petrol,Individual,Manual,Second Owner,256000
8,20000,22.74,796.0,47.3,5.0,Maruti,Petrol,Individual,Manual,First Owner,250000
10,60000,23.4,1248.0,74.0,5.0,Maruti,Diesel,Individual,Manual,First Owner,500000
8,50000,19.87,1461.0,83.8,5.0,Renault,Diesel,Individual,Manual,First Owner,535000
17,90000,17.8,1248.0,75.0,5.0,Maruti,Diesel,Individual,Manual,Fourth & Above Owner,185000
5,10000,27.4,1498.0,98.63,5.0,Honda,Diesel,Individual,Manual,First Owner,800000
9,95000,21.2,1248.0,75.0,5.0,Fiat,Diesel,Individual,Manual,Third Owner,300000
14,150000,21.12,1248.0,88.8,5.0,Tata,Diesel,Individual,Manual,Third Owner,170000
9,109000,22.7,1498.0,89.84,5.0,Ford,Diesel,Dealer,Manual,First Owner,685000
5,15000,17.0,1956.0,167.67,5.0,Tata,Diesel,Dealer,Manual,First Owner,1650000
18,150000,18.7,1896.0,66.0,5.0,Skoda,Diesel,Individual,Manual,Third Owner,280000
15,35000,19.81,1086.0,68.05,5.0,Hyundai,Petrol,Individual,Manual,Third Owner,160000
9,26500,22.74,796.0,47.3,5.0,Maruti,Petrol,Individual,Manual,First Owner,250000
11,60000,24.7,1498.0,98.63,5.0,Honda,Diesel,Dealer,Manual,Second Owner,325000
9,45900,18.6,1197.0,81.83,5.0,Hyundai,Petrol,Individual,Manual,Second Owner,490000
19,120000,16.1,1298.0,88.2,5.0,Maruti,Petrol,Individual,Manual,Second Owner,130000
10,88000,23.4,1248.0,74.0,5.0,Maruti,Diesel,Individual,Manual,First Owner,580000
7,15000,17.19,1197.0,81.86,5.0,Hyundai,Petrol,Individual,Manual,First Owner,600000
7,34152,18.9,1197.0,81.86,5.0,Hyundai,Petrol,Dealer,Manual,First Owner,455000
12,60000,26.2,998.0,58.2,5.0,Maruti,LPG,Individual,Manual,First Owner,300000
13,291000,12.8,2494.0,102.0,7.0,Toyota,Diesel,Individual,Manual,Second Owner,750000
6,29500,22.48,1995.0,187.74,5.0,Bmw,Diesel,Dealer,Automatic,First Owner,3790000
11,110000,15.1,2179.0,140.0,7.0,Mahindra,Diesel,Individual,Manual,Second Owner,750000
9,100581,25.83,1498.0,99.0,5.0,Ford,Diesel,Dealer,Manual,First Owner,415000
18,59000,16.1,796.0,37.0,4.0,Maruti,Petrol,Individual,Manual,Second Owner,114999
9,210000,25.17,799.0,53.3,5.0,Renault,Petrol,Individual,Manual,Second Owner,210000
7,51000,14.07,2956.0,69.01,7.0,Tata,Diesel,Individual,Manual,First Owner,570000
8,80000,21.19,1396.0,88.73,5.0,Hyundai,Diesel,Individual,Manual,First Owner,720000
14,53000,21.1,1197.0,85.8,5.0,Maruti,Petrol,Individual,Manual,Second Owner,180000
6,15000,18.6,1197.0,81.83,5.0,Hyundai,Petrol,Individual,Manual,First Owner,650000
5,59872,15.96,2523.0,62.1,7.0,Mahindra,Diesel,Individual,Manual,First Owner,750000
20,150000,17.3,993.0,60.0,5.0,Maruti,Petrol,Individual,Manual,First Owner,70000
16,120000,11.57,2179.0,138.1,7.0,Tata,Diesel,Individual,Manual,Second Owner,300000
6,40000,18.9,1197.0,81.86,5.0,Hyundai,Petrol,Individual,Manual,First Owner,500000
7,52000,12.0,2354.0,187.4,5.0,Honda,Petrol,Dealer,Automatic,First Owner,1650000
6,13000,21.4,1197.0,83.1,5.0,Maruti,Petrol,Individual,Manual,First Owner,700000
9,68000,20.4,1197.0,81.8,5.0,Maruti,Petrol,Individual,Manual,Second Owner,405000
14,50000,20.0,1399.0,68.0,5.0,Ford,Diesel,Individual,Manual,Second Owner,144000
12,108000,17.8,1399.0,67.0,5.0,Ford,Diesel,Individual,Manual,Second Owner,270000
8,26000,18.9,1197.0,82.0,5.0,Hyundai,Petrol,Individual,Manual,First Owner,490000
16,70000,19.7,796.0,46.3,5.0,Maruti,Petrol,Individual,Manual,Third Owner,120000
11,69000,22.9,1248.0,74.0,5.0,Maruti,Diesel,Individual,Manual,Second Owner,525000
7,34000,21.4,1197.0,83.1,5.0,Maruti,Petrol,Dealer,Manual,Second Owner,600000
7,70000,25.8,1498.0,98.6,5.0,Honda,Diesel,Individual,Manual,Second Owner,590000
5,19500,20.3,1086.0,68.07,5.0,Hyundai,Petrol,Dealer,Manual,First Owner,434999
12,185000,19.4,1405.0,70.0,5.0,Tata,Diesel,Individual,Manual,Second Owner,140000
6,40000,16.36,2179.0,140.0,7.0,Mahindra,Diesel,Individual,Manual,First Owner,1500000
8,70000,16.0,2179.0,140.0,7.0,Mahindra,Diesel,Individual,Manual,First Owner,1350000
24,50000,,,,,Mahindra,Diesel,Individual,Manual,First Owner,150000
10,55000,22.74,796.0,47.3,5.0,Maruti,Petrol,Individual,Manual,First Owner,180000
14,110000,21.1,1248.0,73.9,5.0,Maruti,Diesel,Individual,Manual,Third Owner,220000
6,35000,20.3,1199.0,84.0,5.0,Tata,Petrol,Individual,Manual,First Owner,450000
19,240000,12.8,2494.0,102.0,8.0,Toyota,Diesel,Individual,Manual,Third Owner,250000
14,110000,21.1,1248.0,73.9,5.0,Maruti,Diesel,Individual,Manual,Second Owner,250000
9,50000,17.57,1193.0,88.7,5.0,Tata,Petrol,Individual,Manual,First Owner,325000
8,85000,25.8,1498.0,98.6,5.0,Honda,Diesel,Individual,Manual,First Owner,450000
5,15000,16.55,2498.0,105.0,6.0,Mahindra,Diesel,Individual,Manual,First Owner,974000
7,30000,23.95,998.0,67.05,5.0,Maruti,Petrol,Individual,Manual,First Owner,370000
12,38000,21.1,814.0,55.2,5.0,Hyundai,Petrol,Individual,Manual,First Owner,244000
11,50000,23.5,1396.0,88.7,5.0,Hyundai,Diesel,Individual,Manual,First Owner,550000
8,20000,20.73,1373.0,91.1,5.0,Maruti,Petrol,Individual,Manual,First Owner,700000
12,120000,15.96,2523.0,62.1,7.0,Mahindra,Diesel,Individual,Manual,First Owner,400000
8,70000,24.52,1248.0,88.5,7.0,Maruti,Diesel,Individual,Manual,First Owner,1000000
15,80000,12.05,2179.0,120.0,7.0,Mahindra,Diesel,Individual,Manual,Third Owner,320000
18,120000,17.3,1061.0,57.5,5.0,Maruti,LPG,Individual,Manual,Third Owner,110000
6,15000,16.2,1199.0,74.0,5.0,Volkswagen,Petrol,Individual,Manual,First Owner,600000
20,50000,16.1,796.0,37.0,4.0,Maruti,Petrol,Individual,Manual,Third Owner,55000
13,175000,23.03,1396.0,69.0,5.0,Tata,Diesel,Individual,Manual,Second Owner,210000
14,60000,18.6,1199.0,79.4,5.0,Chevrolet,Petrol,Individual,Manual,Second Owner,110000
5,25000,20.3,1199.0,84.0,5.0,Tata,Petrol,Individual,Manual,First Owner,450000
9,70000,16.36,2179.0,187.7,5.0,Other,Diesel,Individual,Automatic,Second Owner,3000000
8,120000,15.96,2523.0,63.0,9.0,Mahindra,Diesel,Individual,Manual,First Owner,600000
14,90000,17.0,1405.0,70.0,5.0,Tata,Diesel,Individual,Manual,First Owner,150000
11,80000,19.33,1968.0,138.1,5.0,Volkswagen,Diesel,Individual,Manual,Second Owner,950000
16,60000,15.26,1150.0,74.9,5.0,Chevrolet,Petrol,Individual,Manual,Fourth & Above Owner,150000
9,133000,15.4,2179.0,120.0,7.0,Mahindra,Diesel,Individual,Manual,Second Owner,1000000
12,100000,22.32,1582.0,126.32,5.0,Hyundai,Diesel,Individual,Manual,Second Owner,425000
10,50000,22.74,796.0,47.3,5.0,Maruti,Petrol,Individual,Manual,First Owner,240000
9,25000,25.2,1248.0,74.0,5.0,Maruti,Diesel,Individual,Manual,First Owner,600000
15,35000,17.0,1497.0,118.0,5.0,Honda,Petrol,Individual,Manual,First Owner,350000
7,60000,17.45,1493.0,100.0,7.0,Mahindra,Diesel,Individual,Automatic,First Owner,650000
16,90000,19.81,1086.0,68.05,5.0,Hyundai,Petrol,Individual,Manual,First Owner,165000
5,35000,19.83,1198.0,67.0,5.0,Datsun,Petrol,Individual,Manual,First Owner,459999
9,40000,17.01,1499.0,110.4,5.0,Ford,Petrol,Individual,Automatic,First Owner,416000
10,84000,23.4,1248.0,74.0,5.0,Maruti,Diesel,Individual,Manual,First Owner,500000
8,30000,25.17,799.0,53.3,5.0,Renault,Petrol,Individual,Manual,Second Owner,315000
11,40000,20.36,1197.0,78.9,5.0,Hyundai,Petrol,Individual,Manual,First Owner,300000
9,74000,24.4,1120.0,71.0,5.0,Hyundai,Diesel,Individual,Manual,Second Owner,401000
7,45000,21.38,1396.0,88.7,5.0,Hyundai,Diesel,Individual,Manual,First Owner,950000
12,162000,,,,,Toyota,Diesel,Individual,Manual,Third Owner,265000
11,120000,22.32,1582.0,126.3,5.0,Hyundai,Diesel,Individual,Automatic,Second Owner,509999
14,80000,19.7,796.0,46.3,5.0,Maruti,Petrol,Individual,Manual,Fourth & Above Owner,125000
9,60000,20.62,1198.0,67.0,7.0,Datsun,Petrol,Individual,Manual,First Owner,350000
10,77215,25.2,1248.0,74.0,5.0,Maruti,Diesel,Individual,Manual,Second Owner,495000
12,50000,21.1,814.0,55.2,5.0,Hyundai,Petrol,Individual,Manual,Second Owner,185000
5,8600,17.3,1497.0,121.0,7.0,Mahindra,Diesel,Dealer,Manual,First Owner,1075000
9,240000,19.98,1461.0,108.5,7.0,Renault,Diesel,Individual,Manual,First Owner,550000
7,40000,21.66,1498.0,108.6,5.0,Skoda,Diesel,Individual,Automatic,First Owner,900000
7,33019,13.68,2393.0,147.8,7.0,Toyota,Diesel,Dealer,Manual,First Owner,1748999
17,110000,10.5,2179.0,120.0,7.0,Mahindra,Diesel,Individual,Manual,First Owner,300000
9,120000,13.58,2499.0,72.4,10.0,Chevrolet,Diesel,Individual,Manual,First Owner,434000
9,15000,18.9,1197.0,82.0,5.0,Hyundai,Petrol,Individual,Manual,First Owner,390000
7,75000,24.3,1248.0,88.5,5.0,Maruti,Diesel,Individual,Manual,First Owner,775000
7,30000,20.3,1199.0,84.0,5.0,Tata,Petrol,Individual,Manual,First Owner,550000
18,100000,,,,,Hyundai,Petrol,Individual,Manual,Second Owner,140000
12,135000,15.96,2523.0,62.1,7.0,Mahindra,Diesel,Individual,Manual,First Owner,450000
9,80000,19.09,1405.0,69.01,5.0,Tata,Diesel,Individual,Manual,Second Owner,250000
10,75000,15.1,2179.0,140.0,7.0,Mahindra,Diesel,Dealer,Manual,First Owner,850000
13,85000,,,,,Maruti,Petrol,Individual,Manual,First Owner,320000
23,60000,16.1,796.0,37.0,4.0,Maruti,Petrol,Individual,Manual,Second Owner,45000
7,107000,28.4,1248.0,74.02,5.0,Maruti,Diesel,Individual,Manual,First Owner,620000
10,10000,21.1,814.0,55.2,5.0,Hyundai,Petrol,Individual,Manual,First Owner,250000
11,169000,20.0,1399.0,68.1,5.0,Ford,Diesel,Individual,Manual,First Owner,200000
11,64788,0.0,2179.0,115.0,5.0,Other,Diesel,Dealer,Automatic,First Owner,1650000
19,74000,12.8,1396.0,85.0,5.0,Tata,Petrol,Individual,Manual,Second Owner,90000
18,178500,17.7,1497.0,78.0,5.0,Honda,Petrol,Individual,Manual,Third Owner,200000
7,39000,22.54,1396.0,88.73,5.0,Hyundai,Diesel,Individual,Manual,First Owner,800000
13,230000,14.0,2498.0,112.0,7.0,Mahindra,Diesel,Individual,Manual,First Owner,600000
9,110000,20.51,998.0,67.04,5.0,Maruti,Petrol,Individual,Manual,First Owner,300000
7,50000,18.12,1196.0,86.8,5.0,Ford,Petrol,Individual,Manual,First Owner,620000
7,52000,21.66,1498.0,108.62,5.0,Volkswagen,Diesel,Individual,Manual,First Owner,560000
13,142000,15.96,2523.0,62.1,7.0,Mahindra,Diesel,Individual,Manual,First Owner,325000
9,80000,22.54,1396.0,88.73,5.0,Hyundai,Diesel,Individual,Manual,First Owner,650000
6,5000,18.9,1197.0,81.86,5.0,Hyundai,Petrol,Individual,Manual,First Owner,528000
12,105000,19.3,1248.0,73.9,5.0,Maruti,Diesel,Individual,Manual,Second Owner,290000
7,60000,17.01,1582.0,126.2,5.0,Hyundai,Diesel,Individual,Automatic,Second Owner,1000000
10,150000,19.01,1461.0,108.5,5.0,Nissan,Diesel,Individual,Manual,First Owner,540000
8,13500,17.5,1373.0,91.1,7.0,Maruti,Petrol,Individual,Manual,First Owner,600000
18,120000,17.3,993.0,60.0,5.0,Maruti,Petrol,Individual,Manual,Second Owner,100000
7,70000,22.54,1396.0,88.73,5.0,Hyundai,Diesel,Individual,Manual,First Owner,700000
7,42000,23.0,1498.0,98.96,5.0,Ford,Diesel,Dealer,Manual,First Owner,960000
12,70000,19.7,796.0,46.3,5.0,Maruti,Petrol,Individual,Manual,First Owner,135000
14,120000,20.36,1197.0,78.9,5.0,Hyundai,Petrol,Individual,Manual,First Owner,180000
8,52000,23.65,1248.0,88.5,5.0,Maruti,Diesel,Individual,Manual,First Owner,675000
18,90000,,,,,Hyundai,Petrol,Individual,Manual,Second Owner,75000
17,60000,17.7,1497.0,78.0,5.0,Honda,Petrol,Individual,Manual,Third Owner,229999
6,31000,17.4,1197.0,81.86,5.0,Hyundai,Petrol,Dealer,Automatic,First Owner,730000
13,90000,20.54,1598.0,103.6,5.0,Volkswagen,Diesel,Individual,Manual,First Owner,225000
7,8000,18.6,1197.0,81.83,5.0,Hyundai,Petrol,Individual,Manual,First Owner,650000
7,50000,25.6,1498.0,97.9,5.0,Honda,Diesel,Individual,Manual,First Owner,1050000
5,20000,22.0,1582.0,126.2,5.0,Hyundai,Diesel,Individual,Automatic,First Owner,1200000
17,70000,10.1,2354.0,152.0,5.0,Honda,Petrol,Individual,Automatic,Second Owner,325000
13,115000,21.5,1248.0,88.8,5.0,Maruti,Diesel,Individual,Manual,Fourth & Above Owner,350000
16,80000,12.8,2494.0,102.0,7.0,Toyota,Diesel,Individual,Manual,Fourth & Above Owner,325000
4,5000,17.0,1198.0,108.5,5.0,Tata,Petrol,Individual,Manual,First Owner,537000
9,34156,16.47,1198.0,74.0,5.0,Volkswagen,Petrol,Dealer,Manual,First Owner,449000
7,15000,17.01,1591.0,121.3,5.0,Hyundai,Petrol,Individual,Automatic,First Owner,1000000
13,90000,12.05,2179.0,120.0,8.0,Mahindra,Diesel,Individual,Manual,Third Owner,450000
10,60000,19.1,1197.0,85.8,5.0,Maruti,Petrol,Individual,Manual,First Owner,470000
11,45000,23.59,1364.0,67.06,5.0,Toyota,Diesel,Individual,Manual,First Owner,409999
16,120000,12.8,2494.0,102.0,8.0,Toyota,Diesel,Individual,Manual,Second Owner,370000
7,80000,20.73,1373.0,91.1,5.0,Maruti,Petrol,Individual,Manual,First Owner,810000
12,230000,23.57,1396.0,70.0,5.0,Tata,Diesel,Individual,Manual,First Owner,200000
11,70000,25.0,1396.0,69.0,5.0,Tata,Diesel,Individual,Manual,First Owner,310000
8,25000,21.1,814.0,55.2,5.0,Hyundai,Petrol,Individual,Manual,First Owner,310000
19,89500,,,,,Hyundai,Petrol,Individual,Manual,First Owner,99000
7,60000,22.54,1396.0,88.73,5.0,Hyundai,Diesel,Individual,Manual,First Owner,650000
21,74770,,,,,Hyundai,CNG,Individual,Manual,Third Owner,130000
12,70000,13.45,1086.0,62.1,5.0,Hyundai,LPG,Individual,Manual,Second Owner,185000
9,25000,17.01,1591.0,121.4,5.0,Hyundai,Petrol,Individual,Manual,First Owner,700000
8,16500,18.6,1197.0,81.83,5.0,Hyundai,Petrol,Individual,Manual,First Owner,590000
7,75000,26.1,1498.0,99.23,5.0,Ford,Diesel,Dealer,Manual,First Owner,725000
6,40000,22.54,1396.0,88.76,5.0,Hyundai,Diesel,Individual,Manual,First Owner,750000
11,56429,19.01,1461.0,108.45,5.0,Renault,Diesel,Dealer,Manual,Second Owner,525000
12,110000,19.33,1968.0,138.1,5.0,Volkswagen,Diesel,Individual,Manual,Third Owner,420000
13,120000,12.2,2499.0,80.0,10.0,Chevrolet,Diesel,Individual,Manual,Second Owner,350000
26,80000,17.3,993.0,60.0,5.0,Maruti,Petrol,Individual,Manual,Third Owner,58000
9,120000,20.34,1498.0,103.2,5.0,Volkswagen,Diesel,Individual,Manual,Second Owner,515000
13,120000,11.5,2982.0,171.0,7.0,Toyota,Diesel,Individual,Manual,First Owner,900000
5,18000,18.6,1197.0,81.86,5.0,Hyundai,Petrol,Individual,Manual,First Owner,690000
5,50000,21.9,1498.0,98.6,7.0,Honda,Diesel,Individual,Manual,Second Owner,1100000
4,5000,21.21,1197.0,81.8,5.0,Maruti,Petrol,Individual,Manual,First Owner,578000
8,70000,18.9,1197.0,82.0,5.0,Hyundai,Petrol,Individual,Manual,First Owner,550000
7,60000,17.1,1956.0,170.0,5.0,Jeep,Diesel,Individual,Manual,First Owner,1689999
20,120000,10.1,2354.0,152.0,5.0,Honda,Petrol,Individual,Automatic,Third Owner,325000
6,70000,22.0,1582.0,126.2,5.0,Hyundai,Diesel,Individual,Manual,First Owner,950000
5,1500,18.2,1199.0,88.7,5.0,Honda,Petrol,Individual,Automatic,First Owner,840000
7,45000,19.33,1999.0,177.0,5.0,Other,Diesel,Dealer,Automatic,First Owner,3200000
10,70000,18.6,1197.0,81.83,5.0,Hyundai,Petrol,Individual,Manual,Second Owner,590000
13,35000,17.0,1497.0,118.0,5.0,Honda,Petrol,Individual,Manual,First Owner,500000
11,60000,20.92,998.0,67.1,5.0,Maruti,Petrol,Individual,Manual,First Owner,240000
8,140000,14.02,2179.0,118.3,7.0,Mahindra,Diesel,Individual,Manual,Second Owner,400000
14,116000,18.7,1896.0,66.0,5.0,Skoda,Diesel,Individual,Manual,First Owner,355000
13,110000,0.0,2987.0,165.0,5.0,Mercedes-Benz,Diesel,Individual,Automatic,Third Owner,1700000
7,60000,,,,,Mahindra,Diesel,Individual,Manual,First Owner,600000
10,15000,15.42,1405.0,70.0,7.0,Tata,Diesel,Individual,Manual,First Owner,317000
5,11500,15.26,1798.0,187.74,5.0,Audi,Petrol,Dealer,Automatic,Test Drive Car,5923000
8,25000,23.1,998.0,67.04,5.0,Maruti,Petrol,Individual,Manual,First Owner,400000
11,60000,25.44,936.0,57.6,5.0,Chevrolet,Diesel,Individual,Manual,Second Owner,200000
14,80000,18.9,1061.0,67.0,5.0,Maruti,Petrol,Individual,Manual,Second Owner,200000
12,150000,19.09,1396.0,69.0,5.0,Tata,Diesel,Individual,Manual,Third Owner,150000
14,37944,18.4,1248.0,75.0,5.0,Tata,Diesel,Individual,Manual,First Owner,250000
8,100000,25.83,1498.0,99.0,5.0,Ford,Diesel,Individual,Manual,First Owner,515000
13,80000,18.9,998.0,67.1,5.0,Maruti,Petrol,Individual,Manual,First Owner,200000
12,56000,22.9,1248.0,74.0,5.0,Maruti,Diesel,Individual,Manual,Second Owner,425000
10,43011,18.88,999.0,123.37,5.0,Ford,Petrol,Dealer,Manual,First Owner,550000
9,90000,15.29,1591.0,121.3,5.0,Hyundai,Petrol,Individual,Manual,First Owner,900000
9,160000,13.5,2477.0,178.0,7.0,Other,Diesel,Individual,Manual,Second Owner,1250000
10,141000,15.1,2179.0,140.0,7.0,Mahindra,Diesel,Individual,Manual,Second Owner,725000
5,40000,20.14,1197.0,81.86,5.0,Hyundai,Petrol,Individual,Manual,First Owner,509999
22,80000,16.1,796.0,37.0,4.0,Maruti,Petrol,Individual,Manual,First Owner,40000
10,168000,22.3,1248.0,74.0,5.0,Tata,Diesel,Individual,Manual,Second Owner,240000
7,39000,25.5,1498.0,98.6,5.0,Honda,Diesel,Dealer,Manual,First Owner,885000
14,80000,23.0,1396.0,90.0,5.0,Hyundai,Diesel,Individual,Manual,Second Owner,285000
11,80000,25.0,1493.0,113.42,5.0,Hyundai,Diesel,Dealer,Manual,First Owner,550000
14,80000,22.07,1199.0,73.9,5.0,Volkswagen,Diesel,Individual,Manual,Fourth & Above Owner,275000
16,50000,11.0,2359.0,165.0,5.0,Hyundai,Petrol,Individual,Automatic,First Owner,168000
19,90000,15.4,1590.0,94.0,5.0,Maruti,Petrol,Individual,Manual,Second Owner,50000
6,60000,16.5,1493.0,70.0,7.0,Mahindra,Diesel,Individual,Manual,First Owner,750000
7,50000,17.6,2179.0,147.94,7.0,Tata,Diesel,Individual,Manual,First Owner,850000
5,2000,16.2,1199.0,74.0,5.0,Volkswagen,Petrol,Dealer,Manual,First Owner,635000
7,70000,22.95,1248.0,74.0,5.0,Tata,Diesel,Individual,Manual,First Owner,540000
15,140000,,,,,Maruti,Petrol,Individual,Manual,First Owner,120000
10,50000,18.2,1199.0,82.4,5.0,Chevrolet,Petrol,Individual,Manual,First Owner,300000
13,80000,13.93,2179.0,138.03,7.0,Tata,Diesel,Individual,Manual,Second Owner,300000
10,25000,16.02,1373.0,93.7,7.0,Maruti,Petrol,Individual,Manual,First Owner,560000
17,80000,19.7,796.0,46.3,5.0,Maruti,Petrol,Individual,Manual,Third Owner,150000
15,70000,19.7,796.0,46.3,5.0,Maruti,Petrol,Individual,Manual,Second Owner,130000
5,10000,15.37,1196.0,73.0,5.0,Maruti,Petrol,Individual,Manual,First Owner,409999
6,14000,17.1,1956.0,170.0,5.0,Jeep,Diesel,Individual,Manual,First Owner,1600000
10,70100,22.54,1396.0,88.73,5.0,Hyundai,Diesel,Dealer,Manual,First Owner,484999
5,8000,18.9,1197.0,81.86,5.0,Hyundai,Petrol,Individual,Manual,First Owner,585000
7,50000,24.7,796.0,47.3,5.0,Maruti,Petrol,Individual,Manual,Second Owner,300000
12,70000,23.2,1248.0,73.94,5.0,Maruti,Diesel,Individual,Manual,Second Owner,220000
15,110000,13.6,2523.0,63.0,7.0,Mahindra,Diesel,Individual,Manual,First Owner,310000
10,60000,12.99,2494.0,100.6,7.0,Toyota,Diesel,Individual,Manual,Second Owner,1019999
12,100000,19.01,1461.0,108.45,5.0,Renault,Diesel,Individual,Manual,First Owner,450000
13,100000,23.59,1364.0,67.1,5.0,Toyota,Diesel,Individual,Manual,Second Owner,350000
7,81000,13.68,2393.0,147.8,7.0,Toyota,Diesel,Individual,Manual,First Owner,1450000
10,120000,23.59,1364.0,67.04,5.0,Toyota,Diesel,Individual,Manual,Second Owner,400000
5,60000,21.94,1196.0,61.7,5.0,Maruti,CNG,Individual,Manual,First Owner,450000
10,60000,15.96,2523.0,62.1,7.0,Mahindra,Diesel,Individual,Manual,First Owner,515000
16,90000,19.3,1248.0,73.9,5.0,Maruti,Diesel,Individual,Manual,Fourth & Above Owner,250000
8,70000,25.83,1498.0,99.0,5.0,Ford,Diesel,Individual,Manual,Second Owner,350000
20,120000,,,,,Hyundai,Petrol,Individual,Manual,Second Owner,60000
8,60000,20.5,1248.0,91.7,5.0,Fiat,Diesel,Individual,Manual,Second Owner,360000
12,30078,15.3,1396.0,70.0,5.0,Tata,Petrol,Dealer,Manual,First Owner,200000
8,29000,18.6,1197.0,81.83,5.0,Hyundai,Petrol,Individual,Manual,First Owner,520000
7,35000,15.96,2523.0,62.1,7.0,Mahindra,Diesel,Individual,Manual,First Owner,800000
7,44000,23.65,1248.0,88.5,5.0,Maruti,Diesel,Dealer,Manual,First Owner,650000
13,80000,22.32,1582.0,126.32,5.0,Hyundai,Diesel,Individual,Manual,First Owner,500000
9,114368,12.99,2494.0,100.6,7.0,Toyota,Diesel,Dealer,Manual,Second Owner,1325000
16,120000,14.3,1968.0,140.0,5.0,Volkswagen,Diesel,Individual,Automatic,First Owner,585000
12,118000,13.93,2179.0,138.03,7.0,Tata,Diesel,Individual,Manual,Second Owner,250000
10,90000,15.1,2179.0,140.0,7.0,Mahindra,Diesel,Individual,Manual,Second Owner,650000
27,120000,16.1,796.0,37.0,4.0,Maruti,Petrol,Individual,Manual,First Owner,40000
13,69000,20.54,1598.0,103.6,5.0,Volkswagen,Diesel,Individual,Manual,Second Owner,375000
6,116000,23.59,1364.0,67.05,5.0,Toyota,Diesel,Individual,Manual,First Owner,780000
6,50000,23.84,1199.0,84.0,5.0,Tata,Petrol,Individual,Manual,First Owner,350000
10,68000,22.9,1248.0,74.0,5.0,Maruti,Diesel,Individual,Manual,First Owner,650000
11,40000,21.1,814.0,55.2,5.0,Hyundai,Petrol,Individual,Manual,Second Owner,235000
13,140000,20.0,1968.0,108.5,5.0,Skoda,Diesel,Individual,Manual,Second Owner,270000
9,7967,20.85,1197.0,83.14,5.0,Maruti,Petrol,Individual,Manual,First Owner,600000
11,110000,12.99,2494.0,100.0,8.0,Toyota,Diesel,Individual,Manual,Second Owner,850000
13,134000,22.07,1199.0,73.9,5.0,Volkswagen,Diesel,Individual,Manual,Second Owner,325000
15,80000,12.9,1598.0,102.5,5.0,Chevrolet,Petrol,Individual,Manual,Second Owner,250000
10,100000,14.0,2489.0,95.0,8.0,Mahindra,Diesel,Individual,Manual,First Owner,280000
9,110000,25.83,1498.0,99.0,5.0,Ford,Diesel,Individual,Manual,Second Owner,350000
7,60000,20.63,1198.0,67.0,5.0,Datsun,Petrol,Individual,Manual,First Owner,330000
12,162000,12.8,2494.0,102.0,7.0,Toyota,Diesel,Individual,Manual,Fourth & Above Owner,520000
8,60000,18.16,1196.0,86.8,5.0,Ford,Petrol,Individual,Manual,First Owner,350000
14,170000,10.9,796.0,32.8,5.0,Maruti,LPG,Individual,Manual,Second Owner,120000
8,13500,23.84,1199.0,84.0,5.0,Tata,Petrol,Individual,Manual,First Owner,425000
7,41000,18.0,1497.0,117.6,5.0,Honda,Petrol,Dealer,Automatic,First Owner,795000
9,9599,17.8,1497.0,117.3,5.0,Honda,Petrol,Dealer,Manual,First Owner,575000
9,120000,20.5,1248.0,91.72,5.0,Fiat,Diesel,Individual,Manual,First Owner,450000
8,40000,16.0,2179.0,140.0,7.0,Mahindra,Diesel,Individual,Automatic,First Owner,1300000
13,70000,20.36,1197.0,78.9,5.0,Hyundai,Petrol,Individual,Manual,First Owner,250000
14,80000,20.4,1248.0,91.2,5.0,Fiat,Diesel,Individual,Manual,Second Owner,200000
12,90000,20.0,1399.0,68.0,5.0,Ford,Diesel,Individual,Manual,First Owner,300000
13,80000,26.3,998.0,67.1,5.0,Maruti,CNG,Individual,Manual,First Owner,200000
7,50000,20.51,998.0,67.0,5.0,Maruti,Petrol,Individual,Automatic,First Owner,350000
13,80000,20.36,1197.0,78.9,5.0,Hyundai,Petrol,Individual,Manual,First Owner,240000
12,265000,17.0,1405.0,70.0,5.0,Tata,Diesel,Individual,Manual,Second Owner,95000
6,19500,18.6,1197.0,81.83,5.0,Hyundai,Petrol,Individual,Manual,First Owner,655000
9,60000,18.6,1197.0,81.83,5.0,Hyundai,Petrol,Individual,Manual,First Owner,600000
10,90000,21.94,1196.0,63.0,5.0,Maruti,CNG,Individual,Manual,First Owner,300000
20,70000,18.9,998.0,67.1,5.0,Maruti,Petrol,Individual,Manual,Second Owner,70000
6,10000,23.1,998.0,67.04,5.0,Maruti,Petrol,Dealer,Automatic,First Owner,545000
10,64000,20.36,1197.0,78.9,5.0,Hyundai,Petrol,Individual,Manual,First Owner,350000
5,20000,24.0,1186.0,73.97,5.0,Hyundai,Diesel,Individual,Manual,First Owner,750000
10,60000,21.1,814.0,55.2,5.0,Hyundai,Petrol,Individual,Manual,Second Owner,280000
8,40800,21.1,814.0,55.2,5.0,Hyundai,Petrol,Individual,Manual,First Owner,300000
6,28451,18.6,1197.0,81.83,5.0,Hyundai,Petrol,Dealer,Manual,First Owner,700000
17,120000,19.7,796.0,46.3,5.0,Maruti,Petrol,Individual,Manual,Third Owner,85000
17,80000,,,,,Maruti,Petrol,Individual,Manual,Fourth & Above Owner,150000
7,110000,26.6,998.0,58.16,5.0,Maruti,CNG,Individual,Manual,First Owner,400000
9,25000,18.9,1197.0,82.0,5.0,Hyundai,Petrol,Individual,Manual,First Owner,411000
16,80000,19.7,796.0,46.3,5.0,Maruti,Petrol,Individual,Manual,Third Owner,120000
11,167000,22.3,1248.0,88.8,5.0,Tata,Diesel,Individual,Manual,First Owner,200000
12,120000,12.05,2179.0,120.0,8.0,Mahindra,Diesel,Individual,Manual,Second Owner,575000
13,70000,12.05,2179.0,120.0,9.0,Mahindra,Diesel,Individual,Manual,Second Owner,550000
8,60000,21.76,1995.0,188.0,5.0,Bmw,Diesel,Dealer,Automatic,First Owner,2950000
8,50856,26.0,1498.0,98.6,5.0,Honda,Diesel,Dealer,Manual,First Owner,802999
11,100000,25.8,1498.0,98.6,5.0,Honda,Diesel,Individual,Manual,First Owner,310000
17,100000,16.6,1896.0,122.4,5.0,Skoda,Diesel,Individual,Manual,Second Owner,250000
10,110000,26.0,1498.0,98.6,5.0,Honda,Diesel,Individual,Manual,Second Owner,550000
12,120000,19.7,796.0,35.0,8.0,Maruti,Petrol,Individual,Manual,Second Owner,80000
8,60000,21.79,998.0,67.05,5.0,Maruti,Petrol,Dealer,Manual,First Owner,355000
21,35000,16.1,796.0,37.0,4.0,Maruti,Petrol,Individual,Manual,Second Owner,35000
6,19000,22.5,999.0,67.0,5.0,Datsun,Petrol,Individual,Manual,First Owner,300000
12,100000,20.0,1399.0,68.0,5.0,Ford,Diesel,Individual,Manual,Second Owner,220000
11,100000,15.0,1598.0,105.0,5.0,Skoda,Petrol,Individual,Manual,First Owner,375000
6,35000,25.1,1248.0,88.5,5.0,Maruti,Diesel,Individual,Manual,First Owner,899000
14,120000,18.0,995.0,62.0,5.0,Chevrolet,Petrol,Individual,Manual,First Owner,75000
8,120000,15.96,2523.0,62.1,9.0,Mahindra,Diesel,Individual,Manual,First Owner,550000
14,55000,17.92,1086.0,62.1,5.0,Hyundai,Petrol,Individual,Manual,Fourth & Above Owner,180000
6,40000,17.8,1198.0,86.7,5.0,Honda,Petrol,Individual,Manual,First Owner,635000
12,40000,22.3,1248.0,74.0,5.0,Tata,Diesel,Individual,Manual,First Owner,250000
15,40000,16.1,796.0,37.0,4.0,Maruti,Petrol,Individual,Manual,First Owner,130000
12,80000,20.54,1598.0,103.6,5.0,Volkswagen,Diesel,Individual,Manual,Third Owner,280000
8,90000,16.8,796.0,34.2,8.0,Maruti,Petrol,Individual,Manual,First Owner,220000
4,50000,20.14,1498.0,88.5,5.0,Volkswagen,Diesel,Individual,Manual,First Owner,260000
10,120000,14.02,2179.0,118.3,7.0,Mahindra,Diesel,Individual,Manual,Second Owner,480000
17,64000,,,,,Hyundai,Petrol,Individual,Manual,First Owner,90000
9,120000,21.14,1498.0,103.52,5.0,Skoda,Diesel,Individual,Manual,First Owner,610000
9,165000,18.49,1493.0,100.0,7.0,Mahindra,Diesel,Individual,Manual,First Owner,634000
15,100000,14.53,1798.0,138.1,5.0,Toyota,Petrol,Individual,Manual,Second Owner,300000
8,47000,25.2,1248.0,74.0,5.0,Maruti,Diesel,Individual,Manual,First Owner,600000
19,15858,13.8,1299.0,70.0,5.0,Ford,Petrol,Individual,Manual,First Owner,150000
11,120000,22.9,1248.0,74.0,5.0,Maruti,Diesel,Individual,Manual,Third Owner,470000
11,50000,11.7,2354.0,177.6,5.0,Honda,Petrol,Dealer,Automatic,First Owner,580000
11,100000,18.2,1248.0,73.8,7.0,Chevrolet,Diesel,Individual,Manual,Third Owner,350000
4,40000,17.57,1193.0,88.7,5.0,Tata,Petrol,Individual,Manual,First Owner,500000
9,60000,25.17,799.0,53.3,5.0,Renault,Petrol,Individual,Manual,First Owner,300000
15,140000,13.8,1399.0,68.0,5.0,Ford,Diesel,Individual,Manual,Second Owner,140000
7,30000,20.4,1197.0,81.8,5.0,Maruti,Petrol,Individual,Manual,First Owner,573000
16,80000,16.1,796.0,37.0,4.0,Maruti,Petrol,Individual,Manual,Second Owner,60000
6,22000,21.03,1461.0,65.0,5.0,Mahindra,Diesel,Individual,Manual,First Owner,750000
13,148000,21.12,1248.0,88.8,5.0,Tata,Diesel,Individual,Manual,Second Owner,149000
9,90000,12.99,2494.0,100.6,8.0,Toyota,Diesel,Individual,Manual,First Owner,1250000
8,50000,24.52,1248.0,88.5,7.0,Maruti,Diesel,Individual,Manual,Second Owner,780000
12,90000,,,,,Toyota,Diesel,Individual,Manual,First Owner,500000
6,120000,20.3,998.0,68.05,5.0,Hyundai,Petrol,Individual,Manual,First Owner,340000
14,70000,18.9,1061.0,67.0,5.0,Maruti,Petrol,Individual,Manual,Second Owner,180000
9,190000,12.99,2494.0,100.6,7.0,Toyota,Diesel,Individual,Manual,First Owner,1030000
8,40000,16.2,1199.0,74.0,5.0,Volkswagen,Petrol,Individual,Manual,Second Owner,385000
13,110000,21.1,1248.0,73.9,5.0,Maruti,Diesel,Individual,Manual,Second Owner,290000
5,4300,18.6,1197.0,81.86,5.0,Hyundai,Petrol,Dealer,Manual,First Owner,685000
6,38426,17.19,1197.0,81.86,5.0,Hyundai,Petrol,Individual,Manual,First Owner,620000
7,30030,18.6,1197.0,81.83,5.0,Hyundai,Petrol,Dealer,Manual,First Owner,595000
12,56000,21.1,814.0,55.2,5.0,Hyundai,Petrol,Individual,Manual,First Owner,180000
12,100000,22.32,1582.0,126.32,5.0,Hyundai,Diesel,Individual,Manual,Second Owner,420000
6,25000,20.3,998.0,68.05,5.0,Hyundai,Petrol,Individual,Manual,First Owner,350000
13,90000,23.0,1396.0,90.0,5.0,Hyundai,Diesel,Individual,Manual,Third Owner,350000
9,80000,26.59,1248.0,74.0,5.0,Maruti,Diesel,Individual,Manual,First Owner,525000
5,10000,13.8,2999.0,174.57,7.0,Other,Diesel,Individual,Automatic,First Owner,2700000
5,3500,23.84,1199.0,83.83,5.0,Tata,Petrol,Individual,Manual,First Owner,450000
7,25272,21.01,1197.0,81.8,5.0,Maruti,Petrol,Trustmark Dealer,Manual,First Owner,570000
14,125000,11.5,2982.0,171.0,7.0,Toyota,Diesel,Individual,Manual,Second Owner,800000
12,67000,20.77,1248.0,88.76,7.0,Maruti,Diesel,Individual,Manual,First Owner,550000
5,13000,17.19,1197.0,81.86,5.0,Hyundai,Petrol,Individual,Manual,First Owner,620000
13,90400,20.0,1399.0,68.0,5.0,Ford,Diesel,Individual,Manual,First Owner,175000
9,10000,15.1,2179.0,140.0,7.0,Mahindra,Diesel,Individual,Manual,First Owner,1200000
9,62000,24.4,1120.0,71.0,5.0,Hyundai,Diesel,Individual,Manual,Second Owner,509999
19,80000,19.7,796.0,46.3,5.0,Maruti,Petrol,Individual,Manual,Fourth & Above Owner,85000
7,48698,19.67,1582.0,126.2,5.0,Hyundai,Diesel,Dealer,Manual,First Owner,975000
8,60000,15.4,1997.0,120.0,7.0,Mahindra,Diesel,Individual,Manual,Third Owner,950000
12,27000,20.36,1197.0,78.9,5.0,Hyundai,Petrol,Individual,Manual,First Owner,290000
21,120000,17.3,993.0,60.0,5.0,Maruti,Petrol,Individual,Manual,Third Owner,120000
8,99000,21.66,1498.0,103.52,5.0,Skoda,Diesel,Dealer,Automatic,First Owner,650000
7,60000,28.4,1248.0,74.02,5.0,Maruti,Diesel,Individual,Manual,First Owner,455000
13,88000,16.52,1991.0,123.7,5.0,Chevrolet,Diesel,Individual,Manual,Third Owner,290000
7,50000,18.6,1197.0,81.83,5.0,Hyundai,Petrol,Individual,Manual,Second Owner,440000
18,90000,12.7,2609.0,116.6,8.0,Mahindra,Diesel,Individual,Manual,First Owner,350000
7,32000,16.3,1956.0,170.0,5.0,Jeep,Diesel,Individual,Manual,First Owner,1511000
9,41000,15.1,2179.0,140.0,7.0,Mahindra,Diesel,Individual,Manual,First Owner,944999
13,50000,15.5,1799.0,132.0,5.0,Honda,Petrol,Individual,Manual,First Owner,350000
8,47552,19.67,1582.0,126.2,5.0,Hyundai,Diesel,Individual,Manual,Second Owner,930000
10,188000,19.01,1461.0,108.45,5.0,Renault,Diesel,Individual,Manual,Second Owner,409999
5,2600,23.0,1498.0,98.96,5.0,Ford,Diesel,Individual,Manual,First Owner,960000
6,70000,25.4,1186.0,73.97,5.0,Hyundai,Diesel,Individual,Manual,First Owner,620000
10,89000,22.9,1248.0,74.0,5.0,Maruti,Diesel,Dealer,Manual,First Owner,470000
10,77000,21.66,1498.0,103.6,5.0,Skoda,Diesel,Individual,Automatic,Second Owner,400000
8,75000,23.95,998.0,67.05,5.0,Maruti,Petrol,Individual,Manual,First Owner,285000
5,3000,21.01,1197.0,81.8,5.0,Maruti,Petrol,Individual,Manual,First Owner,760000
14,46533,18.9,998.0,67.1,5.0,Maruti,Petrol,Dealer,Manual,First Owner,220000
8,7672,21.1,814.0,55.2,5.0,Hyundai,Petrol,Individual,Manual,First Owner,270000
7,80000,22.95,1248.0,74.0,5.0,Tata,Diesel,Individual,Manual,First Owner,459999
16,120000,17.8,1248.0,75.0,5.0,Maruti,Diesel,Individual,Manual,Second Owner,260000
6,24000,15.1,2179.0,152.87,7.0,Mahindra,Diesel,Dealer,Manual,First Owner,1475000
14,91000,17.0,1497.0,118.0,5.0,Honda,Petrol,Individual,Manual,Second Owner,310000
15,70000,19.7,796.0,46.3,5.0,Maruti,Petrol,Individual,Manual,Second Owner,150000
13,70000,23.03,1396.0,69.0,5.0,Tata,Diesel,Individual,Manual,First Owner,215000
11,120000,20.77,1248.0,88.76,7.0,Maruti,Diesel,Individual,Manual,Second Owner,450000
11,35000,12.99,2494.0,100.6,7.0,Toyota,Diesel,Individual,Manual,First Owner,400000
11,60000,16.2,2993.0,235.0,5.0,Bmw,Diesel,Individual,Automatic,First Owner,2000000
7,9000,16.8,796.0,34.2,8.0,Maruti,Petrol,Individual,Manual,First Owner,260000
6,120000,17.0,2650.0,80.84,7.0,Other,Diesel,Individual,Manual,Second Owner,850000
10,80000,20.36,1197.0,78.9,5.0,Hyundai,Petrol,Individual,Manual,Second Owner,320000
16,100000,17.5,1298.0,85.8,5.0,Maruti,Petrol,Individual,Manual,First Owner,200000
10,120000,12.05,2179.0,120.0,9.0,Mahindra,Diesel,Individual,Manual,First Owner,700000
9,35000,19.44,1198.0,67.0,7.0,Datsun,Petrol,Individual,Manual,Third Owner,260000
7,25000,23.84,1199.0,84.0,5.0,Tata,Petrol,Individual,Manual,First Owner,450000
14,100000,14.0,796.0,37.5,5.0,Maruti,Petrol,Individual,Manual,Fourth & Above Owner,60000
9,74000,21.19,1396.0,88.73,5.0,Hyundai,Diesel,Individual,Manual,Second Owner,580000
10,80000,20.45,1461.0,83.8,5.0,Renault,Diesel,Individual,Manual,First Owner,480000
13,50000,13.6,2523.0,63.0,7.0,Mahindra,Diesel,Individual,Manual,Second Owner,409999
11,46815,22.1,1248.0,76.9,5.0,Chevrolet,Diesel,Individual,Manual,Second Owner,420000
12,48000,13.2,1495.0,93.7,5.0,Hyundai,CNG,Individual,Manual,First Owner,275000
8,30000,15.73,1968.0,174.33,5.0,Audi,Diesel,Dealer,Automatic,First Owner,2375000
10,70000,23.4,1248.0,74.0,5.0,Maruti,Diesel,Individual,Manual,Second Owner,380000
13,120000,13.6,2523.0,63.0,7.0,Mahindra,Diesel,Individual,Manual,Fourth & Above Owner,390000
7,25000,21.1,814.0,55.2,5.0,Hyundai,Petrol,Individual,Manual,First Owner,310000
15,35000,17.5,1298.0,85.8,5.0,Maruti,Petrol,Individual,Manual,First Owner,280000
8,100000,16.0,2179.0,140.0,7.0,Mahindra,Diesel,Individual,Manual,First Owner,1000000
11,181491,13.5,2477.0,175.56,7.0,Other,Diesel,Dealer,Manual,First Owner,950000
14,49200,19.81,1086.0,68.05,5.0,Hyundai,Petrol,Individual,Manual,Second Owner,142000
11,54327,17.2,1197.0,103.6,5.0,Volkswagen,Petrol,Dealer,Automatic,Second Owner,453000
19,89000,15.3,1341.0,83.0,5.0,Hyundai,Petrol,Individual,Manual,Second Owner,150000
16,50000,,,,,Maruti,Diesel,Individual,Manual,Third Owner,229999
8,39000,20.51,998.0,67.04,5.0,Maruti,Petrol,Individual,Manual,Third Owner,380000
17,120000,15.0,1586.0,104.68,5.0,Maruti,Petrol,Individual,Manual,Second Owner,160000
11,70000,25.0,1396.0,69.0,5.0,Tata,Diesel,Individual,Manual,First Owner,280000
5,43000,11.36,2755.0,171.5,8.0,Toyota,Diesel,Dealer,Automatic,First Owner,1925000
13,85000,,,,,Maruti,Diesel,Individual,Manual,First Owner,280000
6,25000,25.1,1248.0,88.5,5.0,Maruti,Diesel,Individual,Manual,First Owner,1030000
6,27654,28.4,1248.0,74.02,5.0,Maruti,Diesel,Dealer,Automatic,First Owner,698000
10,140000,25.01,1498.0,89.75,5.0,Ford,Diesel,Individual,Manual,Second Owner,650000
8,60000,24.3,1248.0,88.5,5.0,Maruti,Diesel,Individual,Manual,First Owner,780000
11,120000,19.09,1396.0,69.0,5.0,Tata,Diesel,Individual,Manual,First Owner,175000
6,17000,24.3,1248.0,88.5,5.0,Maruti,Diesel,Dealer,Manual,First Owner,835000
8,90000,28.09,1248.0,88.5,5.0,Maruti,Diesel,Individual,Manual,First Owner,795000
12,100000,22.32,1582.0,126.3,5.0,Hyundai,Diesel,Individual,Manual,Second Owner,409999
13,265000,20.86,1199.0,75.0,5.0,Skoda,Diesel,Individual,Manual,Second Owner,300000
21,120000,12.7,2609.0,116.6,8.0,Mahindra,Diesel,Individual,Manual,Third Owner,125000
12,70000,25.44,936.0,57.6,5.0,Chevrolet,Diesel,Individual,Manual,Second Owner,200000
14,120000,,,,,Maruti,Diesel,Individual,Manual,Second Owner,300000
9,140000,25.1,1498.0,98.6,5.0,Honda,Diesel,Individual,Manual,Second Owner,700000
13,70000,13.6,2523.0,63.0,7.0,Mahindra,Diesel,Individual,Manual,Second Owner,400000
9,57000,26.59,1248.0,74.0,5.0,Maruti,Diesel,Individual,Manual,Second Owner,575000
7,20171,19.87,1461.0,108.5,5.0,Renault,Diesel,Dealer,Automatic,First Owner,750000
13,72000,20.54,1598.0,103.6,5.0,Volkswagen,Diesel,Individual,Manual,Second Owner,300000
7,50000,19.6,1461.0,108.45,5.0,Renault,Diesel,Individual,Automatic,First Owner,850000
6,5000,20.51,998.0,67.0,5.0,Maruti,Petrol,Individual,Automatic,Second Owner,445000
5,15000,20.28,1462.0,103.25,5.0,Maruti,Petrol,Dealer,Automatic,First Owner,1025000
24,100000,,,,,Toyota,Diesel,Individual,Manual,First Owner,200000
12,100000,20.77,1248.0,88.76,7.0,Maruti,Diesel,Individual,Manual,Third Owner,400000
17,110000,17.7,1497.0,78.0,5.0,Honda,Petrol,Individual,Manual,Third Owner,170000
5,20000,19.4,1194.0,94.93,5.0,Ford,Petrol,Individual,Manual,First Owner,575000
13,42535,16.7,1198.0,88.8,5.0,Honda,Petrol,Dealer,Manual,First Owner,339000
17,120000,16.1,1298.0,88.2,5.0,Maruti,Petrol,Individual,Manual,First Owner,130000
10,54891,23.59,1364.0,67.04,5.0,Toyota,Diesel,Dealer,Manual,First Owner,480000
10,90000,23.4,1248.0,74.0,5.0,Maruti,Diesel,Individual,Manual,First Owner,420000
8,55000,11.36,2755.0,171.5,7.0,Toyota,Diesel,Individual,Automatic,First Owner,1575000
4,1000,21.21,1197.0,81.8,5.0,Maruti,Petrol,Individual,Manual,First Owner,445000
7,90000,24.3,1248.0,88.5,5.0,Maruti,Diesel,Individual,Manual,First Owner,700000
7,50000,18.49,1493.0,100.0,7.0,Mahindra,Diesel,Individual,Automatic,First Owner,660000
7,120000,21.21,1197.0,81.8,5.0,Maruti,Petrol,Individual,Automatic,First Owner,635000
7,5000,18.6,1197.0,81.83,5.0,Hyundai,Petrol,Individual,Manual,First Owner,675000
10,49025,15.37,1196.0,73.0,5.0,Maruti,Petrol,Individual,Manual,First Owner,300000
7,61260,24.3,1248.0,88.5,5.0,Maruti,Diesel,Dealer,Manual,First Owner,861000
19,185000,11.4,2494.0,100.6,7.0,Toyota,Diesel,Individual,Manual,Second Owner,300000
4,1000,20.3,1086.0,68.07,5.0,Hyundai,Petrol,Individual,Manual,First Owner,500000
6,30000,24.04,999.0,67.0,5.0,Renault,Petrol,Individual,Automatic,First Owner,319000
10,80000,23.4,1248.0,74.0,5.0,Maruti,Diesel,Individual,Manual,First Owner,450000
11,110000,19.1,1405.0,70.0,5.0,Tata,Diesel,Individual,Manual,First Owner,275000
13,142000,13.7,2179.0,138.1,7.0,Tata,Diesel,Individual,Manual,Third Owner,337000
26,100000,16.1,796.0,37.0,4.0,Maruti,Petrol,Individual,Manual,Second Owner,70000
14,100000,14.8,2499.0,80.0,10.0,Chevrolet,Diesel,Individual,Manual,Second Owner,280000
7,70000,22.32,1582.0,126.32,5.0,Hyundai,Diesel,Dealer,Manual,First Owner,1050000
10,44000,16.55,1968.0,147.51,5.0,Audi,Diesel,Individual,Automatic,Second Owner,1600000
12,52000,19.3,1248.0,73.9,5.0,Maruti,Diesel,Individual,Manual,Third Owner,350000
17,63000,18.9,1061.0,67.0,5.0,Maruti,Petrol,Individual,Automatic,Third Owner,80000
10,120000,12.05,2179.0,120.0,7.0,Mahindra,Diesel,Individual,Manual,First Owner,675000
13,40000,20.36,1197.0,78.9,5.0,Hyundai,Petrol,Individual,Manual,Second Owner,215000
10,54043,18.9,1197.0,81.86,5.0,Hyundai,Petrol,Dealer,Automatic,First Owner,374000
10,146000,13.01,2199.0,194.3,7.0,Hyundai,Diesel,Individual,Automatic,Second Owner,1050000
9,100000,18.9,1197.0,82.0,5.0,Hyundai,Petrol,Individual,Manual,First Owner,350000
24,206000,19.7,796.0,46.3,5.0,Maruti,Petrol,Individual,Manual,Fourth & Above Owner,108000
11,170000,22.9,1248.0,74.0,5.0,Maruti,Diesel,Individual,Manual,First Owner,355000
7,20000,17.0,1198.0,73.75,5.0,Volkswagen,Petrol,Individual,Manual,First Owner,550000
13,50000,19.7,796.0,46.3,5.0,Maruti,Petrol,Individual,Manual,Second Owner,215000
13,92500,20.92,998.0,67.1,5.0,Maruti,Petrol,Individual,Manual,Second Owner,190000
8,57882,18.6,1197.0,81.83,5.0,Hyundai,Petrol,Individual,Manual,First Owner,550000
7,43000,22.54,1396.0,88.73,5.0,Hyundai,Diesel,Dealer,Manual,First Owner,750000
7,30000,17.5,1199.0,88.7,5.0,Honda,Petrol,Dealer,Manual,First Owner,819999
7,28050,28.09,1248.0,88.5,5.0,Maruti,Diesel,Dealer,Manual,First Owner,800000
14,27000,,,,,Maruti,Petrol,Individual,Manual,First Owner,200000
6,5000,24.3,1248.0,88.5,5.0,Maruti,Diesel,Individual,Manual,First Owner,750000
11,60000,22.74,796.0,47.3,5.0,Maruti,Petrol,Individual,Manual,Second Owner,190000
11,80000,12.05,2179.0,120.0,8.0,Mahindra,Diesel,Individual,Manual,Second Owner,550000
9,70000,18.16,1196.0,86.8,5.0,Ford,Petrol,Individual,Manual,First Owner,450000
21,40000,14.4,1599.0,94.0,5.0,Hyundai,Petrol,Individual,Manual,Second Owner,80000
6,35000,22.71,1461.0,84.8,5.0,Nissan,Diesel,Individual,Manual,First Owner,670000
9,108000,19.67,1582.0,126.2,5.0,Hyundai,Diesel,Individual,Manual,First Owner,850000
11,120000,18.0,1198.0,86.7,5.0,Honda,Petrol,Individual,Manual,Second Owner,300000
11,80000,22.1,1248.0,76.9,5.0,Chevrolet,Diesel,Individual,Manual,First Owner,200000
8,50000,24.52,1248.0,88.5,7.0,Maruti,Diesel,Individual,Manual,First Owner,900000
5,12500,18.6,1197.0,81.86,5.0,Hyundai,Petrol,Individual,Manual,First Owner,625000
10,110000,20.8,1461.0,64.1,5.0,Mahindra,Diesel,Individual,Manual,Second Owner,350000
11,120000,15.96,2523.0,62.1,9.0,Mahindra,Diesel,Individual,Manual,First Owner,440000
5,20000,22.0,1197.0,81.8,5.0,Maruti,Petrol,Individual,Automatic,First Owner,700000
7,50000,21.1,814.0,55.2,5.0,Hyundai,Petrol,Individual,Manual,First Owner,250000
12,95000,16.3,1797.0,147.5,5.0,Hyundai,Petrol,Individual,Manual,First Owner,550000
7,10000,18.9,1197.0,81.86,5.0,Hyundai,Petrol,Individual,Manual,First Owner,525000
8,53201,17.8,1497.0,117.3,5.0,Honda,Petrol,Trustmark Dealer,Manual,Second Owner,675000
7,50000,24.0,1186.0,73.97,5.0,Hyundai,Diesel,Individual,Manual,First Owner,455000
8,55000,17.8,1497.0,117.3,5.0,Honda,Petrol,Dealer,Manual,First Owner,625000
8,154000,19.67,1582.0,126.2,5.0,Hyundai,Diesel,Individual,Manual,First Owner,1150000
18,60898,,,,,Hyundai,Petrol,Individual,Manual,First Owner,95000
10,120000,15.4,2523.0,75.0,7.0,Mahindra,Diesel,Individual,Manual,First Owner,680000
8,50000,25.32,1198.0,77.0,6.0,Mahindra,Diesel,Individual,Manual,First Owner,400000
13,110000,23.08,1461.0,63.1,5.0,Nissan,Diesel,Individual,Manual,Third Owner,210000
11,116104,25.8,1498.0,98.6,5.0,Honda,Diesel,Dealer,Manual,First Owner,500000
8,30000,18.9,1197.0,82.0,5.0,Hyundai,Petrol,Individual,Manual,First Owner,425000
6,30000,23.01,999.0,67.0,5.0,Renault,Petrol,Individual,Manual,First Owner,330000
15,70000,,,,,Maruti,Diesel,Individual,Manual,Second Owner,270000
11,90000,20.77,1248.0,88.76,7.0,Maruti,Diesel,Individual,Manual,Second Owner,625000
7,28000,27.39,1248.0,74.0,5.0,Maruti,Diesel,Dealer,Manual,First Owner,752000
11,90000,14.09,1596.0,99.6,5.0,Ford,Petrol,Individual,Manual,First Owner,350000
11,120000,15.1,2179.0,140.0,7.0,Mahindra,Diesel,Individual,Manual,First Owner,750000
17,376412,12.8,2494.0,102.0,8.0,Toyota,Diesel,Individual,Manual,Second Owner,350000
8,80000,17.01,1591.0,121.3,5.0,Hyundai,Petrol,Individual,Automatic,Second Owner,800000
15,90000,19.7,796.0,46.3,5.0,Maruti,Petrol,Individual,Manual,First Owner,120000
19,90000,,,,,Honda,Petrol,Individual,Automatic,Second Owner,250000
15,47000,17.0,1497.0,118.0,5.0,Honda,Petrol,Individual,Manual,Second Owner,345000
9,50000,25.17,799.0,53.3,5.0,Renault,Petrol,Individual,Manual,First Owner,200000
13,70000,17.5,1298.0,85.8,5.0,Maruti,Petrol,Individual,Manual,Third Owner,275000
7,50000,27.28,1047.0,69.0,5.0,Tata,Diesel,Individual,Manual,First Owner,360000
8,74000,13.7,1997.0,153.86,5.0,Honda,Petrol,Dealer,Automatic,First Owner,1350000
8,125000,22.77,1498.0,98.59,5.0,Ford,Diesel,Individual,Manual,First Owner,650000
15,60000,15.0,1396.0,100.0,5.0,Hyundai,Petrol,Individual,Automatic,Second Owner,360000
7,25000,26.59,1248.0,74.0,5.0,Maruti,Diesel,Individual,Manual,First Owner,650000
17,160000,18.2,998.0,67.1,5.0,Maruti,Petrol,Individual,Manual,Fourth & Above Owner,85000
11,61000,21.64,1461.0,84.8,5.0,Renault,Diesel,Dealer,Manual,Second Owner,399000
18,80000,10.5,2179.0,120.0,7.0,Mahindra,Diesel,Individual,Manual,Second Owner,229999
7,120000,24.52,1248.0,88.5,7.0,Maruti,Diesel,Individual,Manual,First Owner,795000
5,32000,28.09,1248.0,88.5,5.0,Maruti,Diesel,Individual,Manual,First Owner,1025000
9,40000,24.52,1248.0,88.5,7.0,Maruti,Diesel,Individual,Manual,First Owner,780000
10,50000,23.59,1364.0,67.06,5.0,Toyota,Diesel,Individual,Manual,First Owner,425000
7,15000,22.0,1197.0,81.8,5.0,Maruti,Petrol,Individual,Manual,First Owner,610000
12,80000,22.74,796.0,47.3,5.0,Maruti,Petrol,Individual,Manual,First Owner,180000
12,50000,19.4,1198.0,86.8,5.0,Honda,Petrol,Individual,Manual,Second Owner,310000
7,61379,15.4,2179.0,120.0,7.0,Mahindra,Diesel,Dealer,Manual,First Owner,950000
8,70000,24.52,1248.0,88.5,7.0,Maruti,Diesel,Individual,Manual,Second Owner,778000
9,90000,26.21,1248.0,88.5,5.0,Maruti,Diesel,Individual,Manual,First Owner,625000
13,128000,22.32,1582.0,126.32,5.0,Hyundai,Diesel,Individual,Manual,Second Owner,450000
14,78000,13.6,2523.0,63.0,7.0,Mahindra,Diesel,Individual,Manual,First Owner,450000
10,60000,20.36,1197.0,78.9,5.0,Hyundai,Petrol,Individual,Manual,Second Owner,225000
7,28000,25.17,799.0,53.3,5.0,Renault,Petrol,Individual,Manual,First Owner,290000
12,90000,,,,,Toyota,Diesel,Individual,Manual,First Owner,415000
6,15000,18.15,1198.0,82.0,6.0,Mahindra,Petrol,Individual,Manual,First Owner,400000
11,142000,23.2,1248.0,73.94,5.0,Maruti,Diesel,Individual,Manual,Second Owner,240000
14,86017,25.5,1498.0,99.23,5.0,Ford,Diesel,Dealer,Manual,Second Owner,325000
6,15000,17.0,1198.0,108.5,5.0,Tata,Petrol,Individual,Manual,First Owner,750000
7,35000,24.7,796.0,47.3,5.0,Maruti,Petrol,Individual,Manual,First Owner,310000
9,40000,22.74,796.0,47.3,5.0,Maruti,Petrol,Individual,Manual,First Owner,245000
15,110000,17.2,1396.0,53.5,5.0,Tata,Diesel,Individual,Manual,Second Owner,80000
17,80000,16.6,1388.0,68.0,5.0,Ford,Petrol,Individual,Manual,Second Owner,120000
10,80000,12.99,2494.0,100.6,8.0,Toyota,Diesel,Individual,Manual,Second Owner,910000
14,100000,18.0,995.0,62.0,5.0,Chevrolet,Petrol,Individual,Manual,Second Owner,140000
12,31711,17.6,1496.0,88.7,5.0,Toyota,Petrol,Dealer,Manual,Second Owner,375000
11,80000,19.4,1198.0,86.8,5.0,Honda,Petrol,Individual,Manual,First Owner,355000
10,120000,14.95,2489.0,93.7,7.0,Mahindra,Diesel,Individual,Manual,Second Owner,445000
8,40000,16.0,1997.0,140.0,7.0,Mahindra,Diesel,Individual,Manual,Second Owner,890000
7,40000,22.54,1396.0,88.73,5.0,Hyundai,Diesel,Individual,Manual,Second Owner,750000
7,5000,18.16,1196.0,86.8,5.0,Ford,Petrol,Individual,Manual,First Owner,650000
11,90000,16.3,1797.0,147.5,5.0,Hyundai,Petrol,Individual,Manual,Second Owner,511000
8,15000,18.6,1199.0,76.8,5.0,Chevrolet,Petrol,Individual,Manual,First Owner,300000
12,79990,17.8,1399.0,67.0,5.0,Ford,Diesel,Dealer,Manual,Second Owner,350000
15,100000,17.8,1248.0,75.0,5.0,Maruti,Diesel,Individual,Manual,Second Owner,307000
12,60000,15.04,1598.0,103.6,5.0,Volkswagen,Petrol,Individual,Manual,Third Owner,360000
10,50000,25.0,1396.0,69.01,5.0,Tata,Diesel,Individual,Manual,Second Owner,250000
14,426000,12.8,2494.0,102.0,7.0,Toyota,Diesel,Individual,Manual,First Owner,950000
13,65000,20.54,1598.0,103.6,5.0,Volkswagen,Diesel,Dealer,Manual,Second Owner,365000
11,70000,21.9,1396.0,88.76,5.0,Hyundai,Diesel,Individual,Manual,Third Owner,325000
9,140000,16.0,2179.0,140.0,7.0,Mahindra,Diesel,Individual,Manual,First Owner,850000
14,90000,19.7,796.0,46.3,5.0,Maruti,Petrol,Individual,Manual,Third Owner,135000
11,37500,20.77,1248.0,88.8,7.0,Maruti,Diesel,Individual,Manual,Second Owner,680000
9,110000,20.77,1248.0,88.76,7.0,Maruti,Diesel,Individual,Manual,Third Owner,650000
11,65000,14.6,2231.0,184.0,7.0,Chevrolet,Diesel,Individual,Manual,First Owner,667000
9,160000,19.01,1461.0,108.45,5.0,Renault,Diesel,Individual,Manual,First Owner,600000
7,65000,25.5,1498.0,98.6,5.0,Honda,Diesel,Individual,Manual,Second Owner,770000
5,5000,21.7,998.0,67.0,5.0,Maruti,Petrol,Individual,Automatic,First Owner,475000
5,80000,0.0,2523.0,70.0,2.0,Mahindra,Diesel,Individual,Manual,First Owner,722000
5,9654,19.56,1197.0,81.8,5.0,Toyota,Petrol,Dealer,Automatic,First Owner,894999
6,52200,26.59,1248.0,74.0,5.0,Maruti,Diesel,Dealer,Manual,First Owner,690000
15,164000,19.3,1248.0,73.9,5.0,Maruti,Diesel,Individual,Manual,Second Owner,229999
8,155201,26.1,1498.0,99.23,5.0,Ford,Diesel,Dealer,Manual,First Owner,600000
17,120000,17.8,1086.0,63.0,5.0,Hyundai,Petrol,Individual,Manual,First Owner,120000
6,20000,18.15,1198.0,82.0,6.0,Mahindra,Petrol,Individual,Manual,First Owner,450000
9,100000,26.0,1498.0,98.6,5.0,Honda,Diesel,Individual,Manual,First Owner,500000
8,50000,18.0,1497.0,117.3,5.0,Honda,Petrol,Individual,Automatic,First Owner,750000
7,60000,21.94,1196.0,61.7,5.0,Maruti,CNG,Individual,Manual,First Owner,400000
12,40000,18.6,1199.0,79.4,5.0,Chevrolet,Petrol,Individual,Manual,Second Owner,124000
12,30000,21.1,814.0,55.2,5.0,Hyundai,Petrol,Individual,Manual,Second Owner,179000
8,60000,16.8,796.0,34.2,8.0,Maruti,Petrol,Individual,Manual,First Owner,210000
5,43000,22.54,1396.0,88.76,5.0,Hyundai,Diesel,Individual,Manual,First Owner,811000
8,50000,18.49,1493.0,100.0,7.0,Mahindra,Diesel,Individual,Manual,First Owner,770000
16,68000,19.7,796.0,46.3,5.0,Maruti,Petrol,Dealer,Manual,Third Owner,120000
8,35000,22.7,799.0,53.64,5.0,Datsun,Petrol,Individual,Manual,First Owner,200000
7,30000,17.1,1956.0,170.0,5.0,Jeep,Diesel,Individual,Manual,First Owner,1325000
9,45000,15.5,1198.0,86.7,5.0,Honda,Petrol,Individual,Automatic,First Owner,415000
9,100000,20.4,1197.0,83.11,5.0,Maruti,Petrol,Individual,Manual,First Owner,350000
6,24265,18.7,1199.0,88.7,5.0,Honda,Petrol,Dealer,Manual,First Owner,675000
10,70000,23.2,1248.0,73.94,5.0,Maruti,Diesel,Individual,Manual,First Owner,425000
8,35000,15.96,2523.0,62.1,7.0,Mahindra,Diesel,Individual,Manual,First Owner,720000
6,35000,21.13,1498.0,108.6,5.0,Skoda,Diesel,Individual,Manual,First Owner,900000
13,110000,18.0,995.0,62.0,5.0,Chevrolet,Petrol,Individual,Manual,Second Owner,130000
27,110000,16.1,796.0,37.0,4.0,Maruti,Petrol,Individual,Manual,Second Owner,50000
8,120000,26.59,1248.0,74.0,5.0,Maruti,Diesel,Individual,Manual,Second Owner,675000
10,80000,22.32,1582.0,126.32,5.0,Hyundai,Diesel,Individual,Manual,Second Owner,545000
6,40000,28.09,1248.0,88.5,5.0,Maruti,Diesel,Individual,Manual,First Owner,1000000
6,15000,16.55,2498.0,105.0,6.0,Mahindra,Diesel,Individual,Manual,Second Owner,850000
15,70000,21.1,1248.0,73.9,5.0,Maruti,Diesel,Individual,Manual,First Owner,200000
7,30000,18.6,1197.0,81.83,5.0,Hyundai,Petrol,Individual,Manual,First Owner,650000
9,120000,19.67,1582.0,126.2,5.0,Hyundai,Diesel,Individual,Manual,Second Owner,880000
17,120000,10.5,2609.0,120.0,7.0,Mahindra,Diesel,Individual,Manual,Third Owner,229999
8,46702,16.8,796.0,34.2,8.0,Maruti,Petrol,Dealer,Manual,First Owner,220000
10,80000,11.07,2496.0,179.5,5.0,Nissan,Petrol,Individual,Automatic,Second Owner,600000
6,35000,15.4,2523.0,75.0,7.0,Mahindra,Diesel,Individual,Manual,First Owner,1000000
11,60000,15.96,2523.0,62.1,7.0,Mahindra,Diesel,Individual,Manual,Second Owner,400000
15,70000,19.3,1248.0,73.9,5.0,Maruti,Diesel,Individual,Manual,Second Owner,240000
8,30154,25.2,1248.0,74.0,5.0,Maruti,Diesel,Individual,Manual,First Owner,630000
20,96000,19.7,796.0,46.3,5.0,Maruti,Petrol,Individual,Manual,Third Owner,105000
6,25000,28.09,1248.0,88.5,5.0,Maruti,Diesel,Individual,Manual,First Owner,750000
6,20000,23.0,1498.0,98.96,5.0,Ford,Diesel,Individual,Manual,First Owner,950000
13,50000,23.0,1396.0,90.0,5.0,Hyundai,Diesel,Individual,Manual,First Owner,350000
17,120000,19.2,1461.0,65.0,5.0,Mahindra,Diesel,Individual,Manual,Second Owner,150000
7,40000,16.8,796.0,34.2,8.0,Maruti,Petrol,Individual,Manual,Second Owner,265000
5,20000,25.47,1248.0,88.5,7.0,Maruti,Diesel,Individual,Manual,First Owner,1050000
13,97000,19.81,1086.0,68.05,5.0,Hyundai,Petrol,Individual,Manual,Third Owner,165000
10,30000,18.6,1199.0,76.8,5.0,Chevrolet,Petrol,Individual,Manual,First Owner,240000
6,77800,25.1,1248.0,88.5,5.0,Maruti,Diesel,Individual,Manual,First Owner,950000
7,15000,24.7,796.0,47.3,5.0,Maruti,Petrol,Individual,Manual,First Owner,295000
9,35000,19.7,2143.0,134.1,5.0,Mercedes-Benz,Diesel,Dealer,Automatic,Second Owner,2051000
13,15000,15.6,1196.0,70.0,5.0,Ford,Petrol,Individual,Manual,First Owner,225000
9,50000,26.0,1498.0,98.6,5.0,Honda,Diesel,Individual,Manual,Second Owner,725000
12,35000,18.9,998.0,67.1,5.0,Maruti,Petrol,Individual,Manual,First Owner,240000
8,82000,18.5,1197.0,85.8,5.0,Maruti,Petrol,Individual,Manual,Third Owner,270000
14,120000,13.1,2499.0,141.0,7.0,Ford,Diesel,Individual,Manual,First Owner,500000
10,60000,18.9,1197.0,82.0,5.0,Hyundai,Petrol,Individual,Manual,First Owner,375000
5,6000,19.5,1199.0,88.76,5.0,Honda,Petrol,Individual,Manual,First Owner,640000
7,16500,23.01,999.0,67.0,5.0,Renault,Petrol,Individual,Manual,Second Owner,325000
12,70000,16.2,995.0,62.1,5.0,Chevrolet,Petrol,Individual,Manual,Second Owner,80000
7,26766,21.5,1497.0,108.5,5.0,Tata,Diesel,Dealer,Manual,First Owner,919999
7,35000,28.4,1248.0,74.02,5.0,Maruti,Diesel,Individual,Manual,First Owner,745000
6,24000,24.4,1498.0,98.63,5.0,Ford,Diesel,Individual,Manual,First Owner,750000
9,248000,24.8,1396.0,88.7,5.0,Hyundai,Diesel,Individual,Manual,First Owner,525000
10,110000,13.49,2179.0,138.03,5.0,Tata,Diesel,Individual,Manual,Second Owner,440000
8,35000,24.4,1120.0,71.0,5.0,Hyundai,Diesel,Individual,Manual,First Owner,550000
11,35000,20.92,998.0,67.1,5.0,Maruti,Petrol,Individual,Manual,First Owner,250000
13,50000,17.2,1396.0,53.5,5.0,Tata,Diesel,Individual,Manual,First Owner,110000
22,80000,,,,,Hyundai,Petrol,Individual,Manual,Third Owner,75000
16,205000,19.09,1396.0,69.0,5.0,Tata,Diesel,Individual,Manual,Second Owner,99000
7,60000,21.19,1396.0,88.73,5.0,Hyundai,Diesel,Individual,Manual,First Owner,715000
11,105000,23.4,1248.0,74.0,5.0,Maruti,Diesel,Individual,Manual,Second Owner,420000
9,53000,12.07,2967.0,241.4,7.0,Audi,Diesel,Dealer,Automatic,First Owner,2650000
25,50000,16.1,796.0,37.0,4.0,Maruti,Petrol,Individual,Manual,Second Owner,40000
11,50000,22.74,796.0,47.3,5.0,Maruti,Petrol,Individual,Manual,First Owner,200000
7,27000,23.95,998.0,67.05,5.0,Maruti,Petrol,Individual,Manual,First Owner,350000
12,74000,17.3,1998.0,163.7,5.0,Chevrolet,Diesel,Individual,Manual,Fourth & Above Owner,550000
15,43000,18.8,1248.0,90.0,5.0,Tata,Diesel,Individual,Manual,First Owner,250000
12,110000,19.4,1198.0,86.8,5.0,Honda,Petrol,Individual,Manual,First Owner,229999
10,65000,21.1,814.0,55.2,5.0,Hyundai,Petrol,Individual,Manual,Second Owner,195000
6,20000,11.36,2755.0,171.5,8.0,Toyota,Diesel,Dealer,Automatic,First Owner,1800000
4,15000,23.26,1197.0,88.5,5.0,Maruti,Petrol,Individual,Manual,First Owner,550000
13,93500,17.0,1497.0,118.0,5.0,Honda,Petrol,Dealer,Manual,Third Owner,350000
10,40523,18.5,1197.0,82.85,5.0,Hyundai,Petrol,Dealer,Manual,Second Owner,459999
10,45000,19.09,1405.0,69.01,5.0,Tata,Diesel,Individual,Manual,First Owner,300000
6,20000,18.49,2179.0,120.0,9.0,Mahindra,Diesel,Individual,Manual,First Owner,850000
7,70000,15.96,2523.0,63.0,9.0,Mahindra,Diesel,Individual,Manual,First Owner,700000
6,26000,28.4,1248.0,74.0,5.0,Maruti,Diesel,Individual,Manual,First Owner,685000
15,40000,19.7,796.0,46.3,5.0,Maruti,Petrol,Individual,Manual,First Owner,150000
12,80000,21.1,814.0,55.2,5.0,Hyundai,Petrol,Individual,Manual,Second Owner,195000
7,37000,28.09,1248.0,88.5,5.0,Maruti,Diesel,Individual,Manual,First Owner,800000
6,44000,17.01,1582.0,126.2,5.0,Hyundai,Diesel,Individual,Automatic,First Owner,1150000
5,120000,21.94,1196.0,61.7,5.0,Maruti,CNG,Individual,Manual,Second Owner,362000
12,123000,18.6,1197.0,85.8,5.0,Maruti,Petrol,Individual,Manual,First Owner,328000
16,120000,19.7,796.0,46.3,5.0,Maruti,Petrol,Individual,Manual,First Owner,95000
12,110000,22.9,1248.0,74.0,5.0,Maruti,Diesel,Individual,Manual,Third Owner,300000
7,80000,22.54,1396.0,88.73,5.0,Hyundai,Diesel,Individual,Manual,First Owner,680000
8,50000,23.95,998.0,67.05,5.0,Maruti,Petrol,Individual,Manual,First Owner,320000
10,60000,19.4,1198.0,86.8,5.0,Honda,Petrol,Individual,Manual,Second Owner,290000
8,33003,15.7,1172.0,67.0,5.0,Fiat,Petrol,Individual,Manual,First Owner,265000
7,27000,18.9,1197.0,81.86,5.0,Hyundai,Petrol,Individual,Manual,First Owner,445000
12,30000,16.1,796.0,37.0,4.0,Maruti,Petrol,Individual,Manual,First Owner,100000
15,120000,17.0,1405.0,71.0,5.0,Tata,Diesel,Individual,Manual,First Owner,120000
14,60000,18.0,1248.0,75.0,5.0,Tata,Diesel,Individual,Manual,First Owner,175000
14,100000,19.7,796.0,46.3,5.0,Maruti,Petrol,Individual,Manual,First Owner,170000
7,23511,18.6,1197.0,81.83,5.0,Hyundai,Petrol,Individual,Manual,First Owner,625000
15,70000,19.7,796.0,46.3,5.0,Maruti,Petrol,Individual,Manual,Fourth & Above Owner,150000
8,120000,25.2,1248.0,74.0,5.0,Maruti,Diesel,Individual,Manual,First Owner,590000
7,48000,17.9,2143.0,136.0,5.0,Mercedes-Benz,Diesel,Individual,Automatic,Second Owner,2100000
11,90000,18.2,1248.0,73.8,7.0,Chevrolet,Diesel,Individual,Manual,First Owner,300000
6,20000,15.96,2523.0,63.0,9.0,Mahindra,Diesel,Individual,Manual,First Owner,530000
10,120000,23.59,1364.0,67.04,5.0,Toyota,Diesel,Individual,Manual,First Owner,430999
8,60000,25.17,799.0,53.3,5.0,Renault,Petrol,Individual,Manual,First Owner,315000
11,90000,23.59,1364.0,67.04,5.0,Toyota,Diesel,Individual,Manual,First Owner,409999
7,50000,25.17,799.0,53.3,5.0,Renault,Petrol,Individual,Manual,First Owner,270000
8,35000,22.74,796.0,47.3,5.0,Maruti,Petrol,Individual,Manual,Second Owner,240000
8,120000,24.4,1120.0,71.0,5.0,Hyundai,Diesel,Individual,Manual,First Owner,509999
12,107500,,,,,Toyota,Diesel,Individual,Manual,Second Owner,400000
13,50000,19.81,1086.0,68.05,5.0,Hyundai,Petrol,Individual,Manual,First Owner,225000
13,55113,,,,,Maruti,Petrol,Individual,Manual,First Owner,170000
13,40000,17.4,1497.0,117.6,5.0,Honda,Petrol,Dealer,Manual,First Owner,325000
8,10000,18.6,1197.0,81.83,5.0,Hyundai,Petrol,Individual,Manual,First Owner,600000
7,15000,21.21,1197.0,81.8,5.0,Maruti,Petrol,Individual,Automatic,First Owner,700000
8,30000,25.17,799.0,53.3,5.0,Renault,Petrol,Individual,Manual,First Owner,260000
13,72000,19.7,796.0,46.3,5.0,Maruti,Petrol,Individual,Manual,Second Owner,140000
8,5000,22.74,796.0,47.3,5.0,Maruti,Petrol,Individual,Manual,First Owner,300000
11,100000,14.0,2498.0,112.0,8.0,Mahindra,Diesel,Individual,Manual,Second Owner,351000
14,110000,23.0,1396.0,90.0,5.0,Hyundai,Diesel,Individual,Manual,First Owner,340000
7,30000,28.4,1248.0,74.02,5.0,Maruti,Diesel,Individual,Manual,First Owner,750000
7,18484,20.89,1197.0,81.8,5.0,Maruti,Petrol,Individual,Manual,First Owner,620000
12,120000,23.08,1461.0,63.1,5.0,Nissan,Diesel,Individual,Manual,First Owner,204999
12,186000,23.57,1396.0,70.0,5.0,Tata,Diesel,Individual,Manual,First Owner,229999
7,80000,24.7,796.0,47.3,5.0,Maruti,Petrol,Individual,Manual,First Owner,300000
7,50000,22.54,1396.0,88.73,5.0,Hyundai,Diesel,Individual,Manual,First Owner,575000
7,40000,23.95,998.0,67.1,5.0,Maruti,Petrol,Individual,Manual,First Owner,382000
9,120000,18.49,1493.0,100.0,7.0,Mahindra,Diesel,Individual,Manual,First Owner,500000
11,110000,20.77,1248.0,88.76,7.0,Maruti,Diesel,Individual,Manual,First Owner,497000
10,70000,21.94,1196.0,61.7,5.0,Maruti,CNG,Individual,Manual,Second Owner,325000
6,13887,17.0,1591.0,121.3,5.0,Hyundai,Petrol,Individual,Manual,First Owner,950000
9,50000,22.54,1396.0,88.73,5.0,Hyundai,Diesel,Individual,Manual,First Owner,715000
6,17601,16.25,1968.0,148.0,7.0,Skoda,Diesel,Dealer,Automatic,First Owner,3251000
9,80000,20.77,1248.0,88.8,7.0,Maruti,Diesel,Individual,Manual,First Owner,650000
6,15000,20.4,1194.0,94.93,5.0,Ford,Petrol,Individual,Manual,First Owner,620000
10,120000,15.1,2179.0,140.0,7.0,Mahindra,Diesel,Individual,Manual,First Owner,525000
11,110000,12.05,2179.0,120.0,8.0,Mahindra,Diesel,Individual,Manual,Second Owner,600000
4,70000,21.79,998.0,67.05,5.0,Maruti,Petrol,Individual,Manual,Second Owner,265000
13,80000,20.54,1598.0,103.6,5.0,Volkswagen,Diesel,Individual,Manual,Second Owner,300000
11,80000,21.1,814.0,55.2,5.0,Hyundai,Petrol,Individual,Manual,Second Owner,200000
12,70000,22.07,1199.0,73.9,5.0,Volkswagen,Diesel,Individual,Manual,Fourth & Above Owner,229999
15,140000,19.0,998.0,66.1,5.0,Maruti,Petrol,Individual,Manual,Third Owner,120000
7,44600,24.52,1248.0,88.5,7.0,Maruti,Diesel,Dealer,Manual,First Owner,849000
14,85568,18.5,1399.0,68.0,5.0,Ford,Diesel,Dealer,Manual,First Owner,185000
13,40000,21.1,1197.0,85.8,5.0,Maruti,Petrol,Individual,Manual,First Owner,215000
8,30000,27.3,1498.0,98.6,5.0,Honda,Diesel,Individual,Manual,First Owner,500000
25,100000,17.3,993.0,60.0,5.0,Maruti,Petrol,Individual,Manual,Third Owner,45000
20,57000,16.1,796.0,37.0,4.0,Maruti,Petrol,Individual,Manual,Second Owner,40000
16,110000,17.7,1399.0,68.0,5.0,Ford,Diesel,Individual,Manual,Second Owner,90000
17,38000,15.3,1193.0,65.3,5.0,Tata,Petrol,Individual,Manual,Second Owner,78000
5,20000,17.4,1197.0,81.86,5.0,Hyundai,Petrol,Individual,Automatic,First Owner,695000
5,25000,15.41,1598.0,103.2,5.0,Skoda,Petrol,Individual,Manual,First Owner,725000
8,97000,16.96,1968.0,138.03,5.0,Volkswagen,Diesel,Individual,Automatic,First Owner,1350000
14,80000,14.0,1595.0,102.0,5.0,Volkswagen,Petrol,Individual,Manual,Second Owner,225000
11,82500,20.3,1248.0,75.0,5.0,Fiat,Diesel,Individual,Manual,First Owner,300000
12,90000,19.4,1405.0,70.0,5.0,Tata,Diesel,Individual,Manual,Third Owner,175000
8,16151,17.8,1497.0,117.3,5.0,Honda,Petrol,Dealer,Manual,First Owner,750000
19,125000,,,,,Hyundai,Petrol,Individual,Manual,Fourth & Above Owner,95000
11,70000,14.0,2523.0,75.0,8.0,Mahindra,Diesel,Individual,Manual,Third Owner,600000
9,40000,18.49,1493.0,100.0,7.0,Mahindra,Diesel,Individual,Automatic,First Owner,700000
7,90000,17.8,1199.0,76.8,5.0,Chevrolet,Petrol,Individual,Manual,First Owner,350000
8,25000,13.68,2393.0,147.8,7.0,Toyota,Diesel,Individual,Manual,Second Owner,1670000
14,83585,21.43,1364.0,87.2,5.0,Toyota,Diesel,Dealer,Manual,First Owner,425000
5,100000,20.14,1197.0,81.86,5.0,Hyundai,Petrol,Individual,Manual,First Owner,525000
12,68000,23.4,1248.0,74.0,5.0,Maruti,Diesel,Individual,Manual,First Owner,370000
7,186000,19.67,1582.0,126.2,5.0,Hyundai,Diesel,Individual,Manual,First Owner,1110000
6,15000,24.7,796.0,47.3,5.0,Maruti,Petrol,Individual,Manual,First Owner,308000
11,70000,22.74,796.0,47.3,5.0,Maruti,Petrol,Individual,Manual,Second Owner,160000
13,80000,20.36,1197.0,78.9,5.0,Hyundai,Petrol,Individual,Manual,Second Owner,235000
11,30000,19.09,1396.0,69.0,5.0,Tata,Diesel,Individual,Manual,First Owner,250000
13,100000,13.45,1086.0,62.1,5.0,Hyundai,LPG,Individual,Manual,Second Owner,250000
12,135000,,,,,Toyota,Diesel,Individual,Manual,Third Owner,434999
9,61000,22.71,1461.0,84.8,5.0,Nissan,Diesel,Dealer,Manual,Second Owner,499000
10,106000,20.8,1461.0,65.0,5.0,Mahindra,Diesel,Individual,Manual,Second Owner,350000
9,125000,21.04,1461.0,83.8,8.0,Renault,Diesel,Individual,Manual,First Owner,600000
6,40000,25.1,1248.0,88.5,5.0,Maruti,Diesel,Individual,Manual,First Owner,750000
8,65000,17.8,1497.0,117.3,5.0,Honda,Petrol,Individual,Manual,First Owner,773000
12,92686,21.9,1396.0,88.76,5.0,Hyundai,Diesel,Dealer,Manual,Second Owner,340000
16,29000,16.1,796.0,37.0,4.0,Maruti,Petrol,Individual,Manual,First Owner,75000
14,110000,17.3,1061.0,64.0,5.0,Maruti,Petrol,Individual,Manual,Second Owner,200000
13,55130,20.0,1399.0,68.0,5.0,Ford,Diesel,Dealer,Manual,Second Owner,250000
6,24000,13.68,2393.0,147.8,8.0,Toyota,Diesel,Individual,Manual,First Owner,2064000
18,106000,17.3,993.0,60.0,5.0,Maruti,Petrol,Individual,Manual,Second Owner,150000
12,43755,21.1,814.0,55.2,5.0,Hyundai,Petrol,Dealer,Manual,Second Owner,270000
8,120000,15.96,2523.0,62.1,7.0,Mahindra,Diesel,Individual,Manual,First Owner,550000
15,144000,19.3,1248.0,73.9,5.0,Maruti,Diesel,Individual,Manual,Second Owner,180000
14,334000,12.8,2494.0,102.0,7.0,Toyota,Diesel,Individual,Manual,First Owner,450000
11,110000,15.96,2523.0,62.1,7.0,Mahindra,Diesel,Individual,Manual,First Owner,500000
9,30000,18.0,1497.0,117.3,5.0,Honda,Petrol,Individual,Automatic,First Owner,950000
21,90000,,,,,Maruti,Petrol,Individual,Manual,Second Owner,40000
11,70000,15.96,2523.0,62.1,7.0,Mahindra,Diesel,Individual,Manual,First Owner,451000
6,70000,18.49,2179.0,120.0,9.0,Mahindra,Diesel,Individual,Manual,First Owner,600000
7,30000,21.94,1196.0,63.0,5.0,Maruti,CNG,Individual,Manual,First Owner,390000
13,46000,20.92,998.0,67.1,5.0,Maruti,Petrol,Individual,Manual,First Owner,210000
8,11500,25.17,799.0,53.3,5.0,Renault,Petrol,Individual,Manual,First Owner,310000
5,10000,21.5,1497.0,108.5,5.0,Tata,Diesel,Individual,Automatic,First Owner,1140000
5,15000,25.1,1248.0,88.5,5.0,Maruti,Diesel,Individual,Manual,First Owner,930000
18,90000,17.3,1061.0,64.0,5.0,Maruti,Petrol,Individual,Manual,Second Owner,80000
9,80000,18.49,1493.0,100.0,7.0,Mahindra,Diesel,Individual,Manual,First Owner,600000
9,40000,18.9,1197.0,82.0,5.0,Hyundai,Petrol,Individual,Manual,First Owner,500000
10,50000,22.74,796.0,47.3,5.0,Maruti,Petrol,Individual,Manual,First Owner,240000
10,48300,15.96,2523.0,62.1,7.0,Mahindra,Diesel,Individual,Manual,Second Owner,500000
7,25000,23.01,999.0,67.0,5.0,Renault,Petrol,Individual,Manual,First Owner,350000
14,120000,12.8,2494.0,102.0,7.0,Toyota,Diesel,Individual,Manual,First Owner,451999
10,58000,23.95,998.0,67.05,5.0,Maruti,Petrol,Individual,Manual,Second Owner,250000
11,60000,20.77,1248.0,88.8,7.0,Maruti,Diesel,Individual,Manual,First Owner,600000
14,175000,19.09,1396.0,69.0,5.0,Tata,Diesel,Individual,Manual,First Owner,200000
8,120000,23.9,1582.0,126.32,5.0,Hyundai,Diesel,Individual,Manual,First Owner,850000
6,120000,28.4,1248.0,74.02,5.0,Maruti,Diesel,Individual,Manual,First Owner,680000
9,50000,22.74,796.0,47.3,5.0,Maruti,Petrol,Individual,Manual,Second Owner,210000
11,148000,20.77,1248.0,88.8,7.0,Maruti,Diesel,Individual,Manual,First Owner,509999
14,100000,11.5,2982.0,171.0,7.0,Toyota,Diesel,Individual,Manual,First Owner,1200000
12,100000,25.44,936.0,57.6,5.0,Chevrolet,Diesel,Individual,Manual,Third Owner,225000
12,120000,,,,,Toyota,Diesel,Individual,Manual,First Owner,235000
10,74321,25.44,936.0,56.3,5.0,Chevrolet,Diesel,Dealer,Manual,First Owner,190000
7,10000,23.95,998.0,67.1,5.0,Maruti,Petrol,Individual,Automatic,First Owner,400000
8,30000,18.49,1493.0,100.0,7.0,Mahindra,Diesel,Individual,Manual,First Owner,700000
9,50000,23.95,998.0,67.05,5.0,Maruti,Petrol,Individual,Manual,Second Owner,240000
12,129000,15.1,2179.0,140.0,7.0,Mahindra,Diesel,Individual,Manual,Third Owner,595000
7,32000,18.15,1198.0,82.0,6.0,Mahindra,Petrol,Individual,Manual,Second Owner,400000
6,35000,24.0,1186.0,73.97,5.0,Hyundai,Diesel,Individual,Manual,First Owner,700000
9,52000,25.83,1498.0,99.0,5.0,Ford,Diesel,Individual,Manual,First Owner,580000
5,10000,21.4,1197.0,83.1,5.0,Maruti,Petrol,Individual,Manual,First Owner,579000
13,76000,20.92,998.0,67.1,5.0,Maruti,Petrol,Individual,Manual,Second Owner,225000
15,214000,16.8,1493.0,110.0,5.0,Hyundai,Diesel,Individual,Manual,Second Owner,340000
14,100000,15.0,1368.0,90.0,5.0,Tata,Petrol,Individual,Manual,Second Owner,169000
14,25000,19.7,796.0,46.3,5.0,Maruti,Petrol,Individual,Manual,Second Owner,180000
9,80000,25.2,1248.0,74.0,5.0,Maruti,Diesel,Individual,Manual,First Owner,600000
14,100875,11.79,2179.0,120.0,8.0,Mahindra,Diesel,Individual,Automatic,First Owner,600000
11,32000,16.8,1497.0,116.3,5.0,Honda,Petrol,Individual,Manual,First Owner,500000
5,17000,20.0,1497.0,115.0,5.0,Mahindra,Diesel,Individual,Manual,First Owner,950000
10,136000,15.1,2179.0,140.0,7.0,Mahindra,Diesel,Individual,Manual,First Owner,800000
11,139000,25.44,936.0,57.6,5.0,Chevrolet,Diesel,Individual,Manual,First Owner,125000
13,10000,19.7,796.0,46.3,5.0,Maruti,Petrol,Individual,Manual,First Owner,114999
9,147000,26.59,1248.0,74.0,5.0,Maruti,Diesel,Individual,Manual,Second Owner,630000
7,120000,16.5,1493.0,70.0,7.0,Mahindra,Diesel,Individual,Manual,First Owner,650000
8,27500,25.17,799.0,53.3,5.0,Renault,Petrol,Individual,Manual,First Owner,310000
10,120000,20.45,1461.0,83.8,5.0,Renault,Diesel,Individual,Manual,First Owner,500000
11,60000,21.1,814.0,55.2,5.0,Hyundai,Petrol,Individual,Manual,First Owner,180000
5,7500,16.78,1995.0,190.0,5.0,Bmw,Diesel,Dealer,Automatic,First Owner,5400000
9,190000,12.99,2494.0,100.6,7.0,Toyota,Diesel,Individual,Manual,Second Owner,950000
13,80000,18.3,1991.0,147.9,5.0,Chevrolet,Diesel,Individual,Manual,Second Owner,409999
8,91567,16.0,2179.0,140.0,7.0,Mahindra,Diesel,Individual,Automatic,Third Owner,1300000
8,100000,21.38,1396.0,88.7,5.0,Hyundai,Diesel,Individual,Manual,First Owner,725000
10,50000,18.6,1197.0,85.8,5.0,Maruti,Petrol,Individual,Manual,First Owner,434999
12,165000,15.96,2523.0,62.1,7.0,Mahindra,Diesel,Individual,Manual,First Owner,450000
11,60000,20.2,998.0,67.1,5.0,Maruti,Petrol,Individual,Manual,Second Owner,199000
14,162000,19.0,998.0,66.1,5.0,Maruti,Petrol,Individual,Manual,Second Owner,130000
13,80000,12.05,2179.0,120.0,9.0,Mahindra,Diesel,Individual,Manual,Second Owner,550000
6,15000,22.0,1197.0,81.8,5.0,Maruti,Petrol,Dealer,Manual,First Owner,750000
14,178000,20.4,1248.0,91.7,5.0,Fiat,Diesel,Individual,Manual,Second Owner,190000
8,25000,17.19,1197.0,81.86,5.0,Hyundai,Petrol,Individual,Manual,First Owner,600000
12,100000,,,,,Toyota,Diesel,Individual,Manual,First Owner,311000
20,120000,13.4,2362.0,164.7,5.0,Toyota,Petrol,Individual,Manual,Second Owner,250000
11,250000,20.46,1461.0,83.8,5.0,Renault,Diesel,Individual,Manual,First Owner,475000
11,215000,12.99,2494.0,100.0,7.0,Toyota,Diesel,Individual,Manual,First Owner,830000
8,22000,25.17,799.0,53.3,5.0,Renault,Petrol,Individual,Manual,First Owner,250000
13,100000,22.9,1248.0,74.0,5.0,Maruti,Diesel,Individual,Manual,Second Owner,235000
16,120000,12.2,1948.0,68.0,9.0,Tata,Diesel,Individual,Manual,First Owner,150000
13,11000,23.95,998.0,67.05,5.0,Maruti,Petrol,Dealer,Manual,First Owner,175000
10,133000,19.01,1461.0,108.45,5.0,Renault,Diesel,Individual,Manual,First Owner,450000
13,250000,14.8,2499.0,80.0,7.0,Chevrolet,Diesel,Individual,Manual,Second Owner,650000
11,91400,19.34,1198.0,76.0,5.0,Nissan,Petrol,Individual,Automatic,Second Owner,310000
9,25000,20.85,1197.0,83.14,5.0,Maruti,Petrol,Individual,Manual,Second Owner,434999
4,5000,18.24,999.0,108.6,5.0,Volkswagen,Petrol,Individual,Manual,First Owner,808000
13,55403,18.6,1197.0,85.8,5.0,Maruti,Petrol,Dealer,Manual,First Owner,277000
18,25000,13.0,1795.0,127.0,5.0,Hyundai,Petrol,Individual,Manual,Third Owner,175000
9,90000,12.99,2494.0,100.6,8.0,Toyota,Diesel,Individual,Manual,Second Owner,860000
8,94000,11.36,2755.0,171.5,7.0,Toyota,Diesel,Dealer,Automatic,First Owner,1825000
6,35000,21.04,1461.0,83.8,7.0,Renault,Diesel,Individual,Manual,First Owner,900000
12,60000,19.2,1086.0,68.05,5.0,Hyundai,LPG,Individual,Manual,First Owner,300000
7,127000,28.4,1248.0,74.02,5.0,Maruti,Diesel,Individual,Manual,First Owner,605000
15,90000,12.6,1586.0,103.3,5.0,Maruti,Petrol,Individual,Automatic,Second Owner,200000
13,80000,20.36,1197.0,78.9,5.0,Hyundai,Petrol,Individual,Manual,Second Owner,225000
6,16000,28.4,1248.0,74.0,5.0,Maruti,Diesel,Dealer,Automatic,First Owner,790000
7,16200,24.3,1248.0,88.5,5.0,Maruti,Diesel,Individual,Manual,First Owner,650000
15,160000,17.5,1197.0,85.8,5.0,Maruti,Petrol,Individual,Manual,Third Owner,190000
7,60000,19.67,1582.0,126.2,5.0,Hyundai,Diesel,Individual,Manual,First Owner,1050000
14,120000,14.0,2489.0,95.0,8.0,Mahindra,Diesel,Individual,Manual,Second Owner,300000
10,40000,22.74,796.0,47.3,5.0,Maruti,Petrol,Individual,Manual,First Owner,250000
5,20000,17.19,1197.0,81.86,5.0,Hyundai,Petrol,Individual,Manual,First Owner,700000
9,85000,13.45,1086.0,62.1,5.0,Hyundai,LPG,Individual,Manual,First Owner,300000
18,118000,,,,,Hyundai,Petrol,Individual,Manual,First Owner,80000
20,100000,,,,,Hyundai,Petrol,Individual,Automatic,Second Owner,130000
6,25000,22.0,1197.0,81.8,5.0,Maruti,Petrol,Individual,Manual,First Owner,560000
8,110000,16.0,2179.0,140.0,7.0,Mahindra,Diesel,Individual,Manual,First Owner,1175000
13,75000,17.92,1086.0,62.1,5.0,Hyundai,Petrol,Individual,Manual,First Owner,165000
13,120000,16.1,796.0,37.0,4.0,Maruti,Petrol,Individual,Manual,Second Owner,100000
8,110000,18.15,1198.0,82.0,6.0,Mahindra,Petrol,Individual,Manual,First Owner,426000
9,52000,23.95,998.0,67.05,5.0,Maruti,Petrol,Individual,Manual,First Owner,250000
15,137000,17.0,1405.0,70.0,5.0,Tata,Diesel,Individual,Manual,Second Owner,135000
6,36500,24.3,1248.0,88.5,5.0,Maruti,Diesel,Dealer,Manual,First Owner,910000
8,70000,24.3,1248.0,88.5,5.0,Maruti,Diesel,Individual,Manual,First Owner,750000
16,78000,15.4,1997.0,120.0,7.0,Mahindra,Diesel,Dealer,Manual,First Owner,450000
6,60000,26.6,998.0,58.16,5.0,Maruti,CNG,Individual,Manual,First Owner,400000
15,150000,18.9,1061.0,67.0,5.0,Maruti,Petrol,Individual,Manual,Second Owner,135000
7,37000,23.0,1498.0,98.96,5.0,Ford,Diesel,Individual,Manual,First Owner,750000
8,130000,17.45,1493.0,100.0,7.0,Mahindra,Diesel,Individual,Manual,First Owner,650000
13,185000,21.43,1364.0,87.2,5.0,Toyota,Diesel,Individual,Manual,Second Owner,365000
9,48000,19.67,1582.0,126.2,5.0,Hyundai,Diesel,Individual,Manual,Second Owner,1300000
6,74250,21.0,1498.0,74.96,7.0,Mahindra,Diesel,Dealer,Manual,First Owner,660000
12,30000,22.74,796.0,47.3,5.0,Maruti,Petrol,Individual,Manual,First Owner,254999
17,110000,12.7,2609.0,116.6,8.0,Mahindra,Diesel,Individual,Manual,Fourth & Above Owner,375000
8,198000,18.2,1248.0,73.74,8.0,Chevrolet,Diesel,Individual,Manual,First Owner,500000
9,60000,22.95,1248.0,74.0,5.0,Tata,Diesel,Individual,Manual,First Owner,350000
7,90000,22.95,1248.0,74.0,5.0,Tata,Diesel,Individual,Manual,First Owner,490000
7,24522,20.4,1197.0,81.8,5.0,Maruti,Petrol,Dealer,Manual,First Owner,600000
7,105000,21.38,1396.0,88.7,5.0,Hyundai,Diesel,Individual,Manual,First Owner,1125000
13,175000,21.1,1248.0,73.9,5.0,Maruti,Diesel,Individual,Manual,Second Owner,170000
13,106000,16.96,1968.0,138.1,5.0,Volkswagen,Diesel,Individual,Automatic,Second Owner,550000
7,22200,22.54,1396.0,88.73,5.0,Hyundai,Diesel,Individual,Manual,First Owner,650000
7,70000,17.5,1373.0,91.1,7.0,Maruti,Petrol,Individual,Manual,Second Owner,650000
8,34000,17.5,1373.0,91.1,7.0,Maruti,Petrol,Individual,Manual,Second Owner,660000
10,100000,25.0,1396.0,69.01,5.0,Tata,Diesel,Individual,Manual,Second Owner,215000
13,50000,17.92,1086.0,62.1,5.0,Hyundai,Petrol,Individual,Manual,Second Owner,210000
11,49500,21.1,814.0,55.2,5.0,Hyundai,Petrol,Individual,Manual,Second Owner,198000
6,140000,14.1,2179.0,147.94,5.0,Tata,Diesel,Individual,Manual,Third Owner,890000
13,45500,16.78,1496.0,88.73,5.0,Toyota,Petrol,Dealer,Manual,First Owner,285000
7,70000,22.54,1396.0,88.73,5.0,Hyundai,Diesel,Individual,Manual,Second Owner,575000
16,90000,13.5,1799.0,130.0,5.0,Honda,Petrol,Individual,Manual,Third Owner,375000
7,30646,15.4,1497.0,117.3,7.0,Honda,Petrol,Dealer,Manual,First Owner,840000
6,50000,18.49,1493.0,100.0,7.0,Mahindra,Diesel,Individual,Manual,Second Owner,775000
13,100000,15.3,1596.0,99.6,5.0,Ford,Petrol,Individual,Manual,First Owner,229999
8,17000,23.1,998.0,67.04,5.0,Maruti,Petrol,Individual,Automatic,First Owner,350000
12,148000,12.05,2179.0,120.0,9.0,Mahindra,Diesel,Individual,Manual,Second Owner,430000
12,90000,21.64,1461.0,84.8,5.0,Nissan,Diesel,Individual,Manual,First Owner,300000
10,88000,12.99,2494.0,100.6,7.0,Toyota,Diesel,Individual,Manual,Second Owner,1019999
6,16589,20.51,998.0,67.04,5.0,Maruti,Petrol,Trustmark Dealer,Manual,First Owner,430000
5,1303,17.8,1198.0,86.7,5.0,Honda,Petrol,Dealer,Manual,First Owner,690000
8,80000,19.81,1086.0,68.05,5.0,Hyundai,Petrol,Individual,Manual,First Owner,380000
13,72000,20.0,1399.0,68.0,5.0,Ford,Diesel,Individual,Manual,First Owner,240000
7,150000,23.59,1364.0,67.05,5.0,Toyota,Diesel,Individual,Manual,First Owner,632000
13,77000,22.07,1199.0,73.9,5.0,Volkswagen,Diesel,Individual,Manual,Second Owner,320000
5,10000,18.9,1197.0,81.86,5.0,Hyundai,Petrol,Individual,Manual,First Owner,550000
14,110000,20.0,1399.0,68.0,5.0,Ford,Diesel,Individual,Manual,Second Owner,200000
13,320000,12.05,2179.0,120.0,8.0,Mahindra,Diesel,Individual,Manual,Third Owner,400000
8,70000,27.62,793.0,47.0,5.0,Maruti,Diesel,Individual,Manual,First Owner,285000
8,88000,21.66,1498.0,103.52,5.0,Skoda,Diesel,Dealer,Automatic,First Owner,675000
10,35000,20.51,998.0,67.04,5.0,Maruti,Petrol,Individual,Manual,Second Owner,310000
9,50000,20.51,998.0,67.04,5.0,Maruti,Petrol,Individual,Manual,Third Owner,300000
5,10000,21.4,1197.0,83.1,5.0,Maruti,Petrol,Individual,Manual,First Owner,500000
12,50000,19.7,796.0,46.3,5.0,Maruti,Petrol,Individual,Manual,Second Owner,200000
6,30000,20.3,1199.0,84.0,5.0,Tata,Petrol,Individual,Manual,First Owner,535000
6,48500,25.47,1248.0,88.5,7.0,Maruti,Diesel,Dealer,Manual,First Owner,950000
6,70000,24.0,1186.0,73.97,5.0,Hyundai,Diesel,Individual,Manual,First Owner,710000
